season,team,QB,OL,RB,WR/TE,DL/EDGE,Secondary
2014,Air Force,80.7,53.4,52.5,82.5,70.7,59.5
2014,Akron,48.1,70.3,62.9,45.0,70.1,74.2
2014,Alabama,87.1,73.0,62.3,88.3,73.6,70.5
2014,App State,73.3,71.5,74.3,69.0,64.8,73.4
2014,Arizona,63.4,70.5,74.8,70.6,68.6,59.2
2014,Arizona State,63.7,59.5,67.5,68.4,80.1,64.7
2014,Arkansas,63.9,74.2,75.6,57.6,72.2,57.9
2014,Arkansas State,66.9,65.3,69.9,68.3,71.5,71.0
2014,Army,57.7,48.2,67.3,56.3,47.2,63.2
2014,Auburn,85.9,70.0,73.3,80.8,65.7,70.5
2014,BYU,69.8,66.1,57.6,73.5,61.0,69.6
2014,Ball State,61.9,64.2,58.3,54.2,50.9,63.7
2014,Baylor,80.2,73.7,63.2,86.2,79.9,54.6
2014,Boise State,76.4,62.6,71.6,79.6,71.5,75.6
2014,Boston College,57.0,53.2,75.4,55.2,79.9,58.7
2014,Bowling Green,62.3,66.4,69.2,62.8,63.4,67.1
2014,Buffalo,73.4,65.1,68.6,79.3,74.3,45.7
2014,California,72.3,72.7,58.4,79.4,52.1,50.4
2014,Central Michigan,69.4,61.4,55.9,66.8,63.4,72.6
2014,Cincinnati,74.4,78.3,65.6,75.5,56.4,44.9
2014,Clemson,72.7,55.4,50.3,68.5,97.3,83.8
2014,Colorado,64.2,66.6,61.0,60.1,50.6,52.8
2014,Colorado State,88.9,71.1,75.2,85.7,52.6,64.3
2014,Duke,59.4,82.8,71.0,48.1,64.0,77.9
2014,East Carolina,74.6,78.5,74.5,64.1,60.0,71.5
2014,Eastern Michigan,45.8,50.6,53.0,53.8,57.3,42.2
2014,Florida,55.2,59.3,58.8,61.6,71.2,79.3
2014,Florida Atlantic,61.5,68.7,50.0,61.1,40.1,58.1
2014,Florida International,46.3,46.1,48.2,58.3,67.2,59.3
2014,Florida State,76.6,69.3,65.5,75.9,64.1,68.1
2014,Fresno State,54.2,66.9,71.9,60.2,66.3,43.8
2014,Georgia,78.7,76.2,82.6,65.2,63.0,80.4
2014,Georgia Southern,76.3,89.7,89.8,72.2,58.5,71.7
2014,Georgia State,69.9,56.2,37.4,71.0,46.3,55.8
2014,Georgia Tech,79.6,72.0,75.1,88.2,53.5,65.2
2014,Hawai'i,45.1,56.7,55.8,44.9,64.1,50.9
2014,Houston,60.1,65.9,72.2,67.5,65.3,79.7
2014,Idaho,57.2,65.5,50.7,64.0,74.5,30.6
2014,Illinois,63.8,59.1,60.9,58.0,64.4,51.0
2014,Indiana,47.5,74.8,86.4,50.8,56.7,78.2
2014,Iowa,69.1,61.6,55.2,66.2,70.1,70.0
2014,Iowa State,56.0,68.4,59.3,51.5,48.8,60.3
2014,Kansas,59.0,58.8,60.9,60.0,53.8,60.5
2014,Kansas State,85.7,55.3,59.2,82.5,60.5,69.0
2014,Kent State,48.1,62.1,61.3,39.6,56.4,58.5
2014,Kentucky,59.8,63.2,72.0,63.6,59.0,73.6
2014,LSU,57.6,62.4,58.4,75.0,58.7,78.5
2014,Louisiana,62.6,77.1,77.0,57.9,66.8,53.1
2014,Louisiana Tech,68.9,64.4,70.5,73.0,76.2,82.5
2014,Louisville,66.3,51.8,57.8,68.8,74.3,82.7
2014,Marshall,79.3,96.5,89.1,78.9,68.7,84.7
2014,Maryland,58.5,61.5,64.3,62.9,67.5,67.6
2014,Massachusetts,67.4,62.5,51.4,68.1,63.6,69.4
2014,Memphis,70.3,54.1,55.7,56.5,76.9,80.4
2014,Miami,71.0,80.6,76.5,71.9,60.5,75.9
2014,Miami (OH),56.5,64.4,62.2,61.8,58.0,62.8
2014,Michigan,51.7,67.6,68.7,47.1,81.0,60.8
2014,Michigan State,79.2,69.6,72.3,77.8,64.3,82.3
2014,Middle Tennessee,75.7,65.4,65.8,66.3,56.4,57.4
2014,Minnesota,57.8,60.1,65.6,57.5,60.0,68.0
2014,Mississippi State,80.1,76.5,74.2,76.4,67.0,76.4
2014,Missouri,59.1,61.6,68.7,61.3,77.8,77.7
2014,NC State,58.1,77.6,81.8,60.0,75.4,60.7
2014,Navy,67.7,64.9,75.4,73.8,44.2,64.5
2014,Nebraska,67.2,74.6,67.3,68.1,64.7,82.8
2014,Nevada,63.5,68.9,69.7,57.2,56.5,72.3
2014,New Mexico,56.9,68.6,82.7,62.7,59.8,48.7
2014,New Mexico State,60.3,67.3,68.5,65.9,38.9,70.1
2014,North Carolina,65.5,63.6,59.2,73.4,64.2,48.4
2014,North Texas,52.3,62.1,61.6,48.4,60.1,63.9
2014,Northern Illinois,65.7,68.0,69.6,63.4,61.4,66.1
2014,Northwestern,54.6,58.8,56.9,50.1,62.1,71.4
2014,Notre Dame,70.7,66.0,59.4,75.5,71.1,65.9
2014,Ohio,54.0,66.9,60.5,57.2,58.1,60.7
2014,Ohio State,84.6,74.9,83.6,86.8,72.8,80.4
2014,Oklahoma,60.5,81.7,82.5,67.0,66.6,66.3
2014,Oklahoma State,62.5,51.1,57.5,69.0,70.6,54.6
2014,Old Dominion,70.4,81.6,80.0,67.6,55.7,43.3
2014,Ole Miss,68.2,69.1,74.6,75.1,78.8,84.2
2014,Oregon,99.6,75.7,78.3,92.2,65.6,67.9
2014,Oregon State,66.8,66.1,71.8,59.8,57.3,61.2
2014,Penn State,51.5,48.3,64.1,58.0,84.8,84.9
2014,Pittsburgh,74.5,63.0,72.1,66.7,48.5,64.6
2014,Purdue,47.7,72.9,75.6,52.9,65.4,67.3
2014,Rice,75.2,51.1,55.7,81.4,64.3,54.4
2014,Rutgers,73.4,56.8,55.5,78.4,57.7,46.8
2014,SMU,42.2,57.7,51.4,41.8,49.1,47.8
2014,San Diego State,61.0,73.1,80.4,57.6,67.4,65.6
2014,San José State,68.5,58.5,60.3,70.5,57.3,82.5
2014,South Alabama,50.3,59.6,64.3,52.4,57.4,56.4
2014,South Carolina,71.6,71.5,66.2,74.6,46.3,64.2
2014,South Florida,54.3,54.4,59.5,62.7,66.0,54.4
2014,Southern Miss,61.6,59.4,53.3,52.1,55.6,53.7
2014,Stanford,69.6,71.6,58.9,54.8,72.0,82.6
2014,Syracuse,50.8,59.3,69.1,42.3,82.5,60.2
2014,TCU,74.7,77.8,71.8,78.5,81.9,76.4
2014,Temple,43.3,65.6,60.0,49.6,75.2,76.6
2014,Tennessee,59.9,54.2,54.8,51.7,79.6,68.0
2014,Texas,58.5,59.3,49.7,57.2,72.4,86.5
2014,Texas A&M,68.2,71.7,67.8,73.6,62.9,61.0
2014,Texas State,69.2,66.3,82.0,61.8,56.9,63.1
2014,Texas Tech,70.2,79.1,72.6,72.8,54.3,47.3
2014,Toledo,72.6,79.6,85.0,78.6,65.0,60.4
2014,Troy,72.6,61.0,58.5,54.7,49.0,56.6
2014,Tulane,47.7,62.3,73.1,49.5,69.6,62.4
2014,Tulsa,55.4,68.4,51.8,64.2,61.4,35.4
2014,UAB,67.0,50.8,58.1,78.2,71.8,61.8
2014,UCF,66.4,51.2,43.0,71.3,74.6,87.0
2014,UCLA,70.7,57.8,73.2,75.5,60.5,75.1
2014,UConn,55.4,51.0,51.4,60.9,66.1,72.0
2014,UL Monroe,55.5,54.0,38.9,51.7,81.9,69.5
2014,UNLV,53.2,66.5,66.7,62.0,63.0,53.1
2014,USC,86.5,56.4,58.9,82.5,61.8,73.5
2014,UTEP,64.1,70.4,68.2,63.3,56.5,62.1
2014,UTSA,50.3,52.8,60.5,41.8,71.5,54.5
2014,Utah,60.9,53.6,62.7,57.7,81.4,63.7
2014,Utah State,65.1,59.5,70.7,63.6,84.1,77.3
2014,Vanderbilt,47.4,60.4,44.9,47.1,62.5,58.8
2014,Virginia,60.0,65.8,49.6,53.3,75.0,64.7
2014,Virginia Tech,57.6,56.8,49.4,48.4,89.7,72.6
2014,Wake Forest,47.9,21.5,37.2,36.9,78.4,64.4
2014,Washington,70.5,60.8,63.2,70.7,63.0,65.1
2014,Washington State,71.3,68.1,44.6,74.7,68.8,46.9
2014,West Virginia,76.9,69.3,57.4,72.8,65.5,72.7
2014,Western Kentucky,80.8,82.2,76.8,79.1,59.2,46.5
2014,Western Michigan,93.1,71.0,68.3,84.9,62.8,64.3
2014,Wisconsin,59.1,76.3,87.4,59.4,79.0,66.7
2014,Wyoming,61.7,57.5,73.9,70.1,55.7,51.2
2015,Air Force,81.8,76.4,65.5,88.7,74.8,59.4
2015,Akron,61.2,62.9,51.1,62.9,66.1,73.2
2015,Alabama,65.9,67.8,73.0,66.4,80.3,73.8
2015,App State,78.2,74.2,72.5,68.5,81.2,74.6
2015,Arizona,67.2,79.0,81.1,75.8,61.6,52.4
2015,Arizona State,65.0,63.3,64.4,75.0,78.4,51.0
2015,Arkansas,83.1,72.7,74.7,76.9,63.4,51.3
2015,Arkansas State,64.8,61.4,73.2,68.3,67.2,78.6
2015,Army,79.5,53.8,61.9,85.2,59.7,48.7
2015,Auburn,69.1,64.1,63.3,69.7,48.7,67.3
2015,BYU,72.8,68.3,65.1,73.1,79.1,72.9
2015,Ball State,56.6,74.7,52.6,46.2,53.4,43.4
2015,Baylor,80.4,72.2,75.0,88.1,76.1,66.1
2015,Boise State,67.1,61.6,72.3,72.2,69.6,69.0
2015,Boston College,42.4,41.6,60.6,44.7,100.0,77.2
2015,Bowling Green,89.7,75.3,80.2,88.8,65.1,69.9
2015,Buffalo,62.0,67.2,51.8,62.2,62.2,67.7
2015,California,74.1,76.2,69.8,79.0,64.8,63.5
2015,Central Michigan,75.1,51.9,42.9,74.3,59.4,71.9
2015,Charlotte,43.5,46.0,41.1,47.6,62.8,65.1
2015,Cincinnati,76.0,73.1,69.3,86.2,45.5,67.6
2015,Clemson,81.5,77.0,64.2,73.0,87.5,79.7
2015,Colorado,65.2,57.0,57.3,60.8,50.2,69.2
2015,Colorado State,67.1,71.2,54.0,67.8,71.9,65.5
2015,Duke,63.9,72.9,58.4,69.2,71.2,58.1
2015,East Carolina,68.8,56.3,54.0,63.1,61.8,61.3
2015,Eastern Michigan,60.4,64.2,67.8,55.3,53.7,45.5
2015,Florida,61.6,53.6,55.0,64.3,78.8,82.4
2015,Florida Atlantic,52.4,60.5,52.5,66.9,66.3,58.6
2015,Florida International,66.9,67.7,48.8,67.0,61.3,67.4
2015,Florida State,77.8,80.2,90.8,69.3,62.2,77.1
2015,Fresno State,51.2,51.5,61.2,56.8,64.9,55.7
2015,Georgia,66.1,75.2,74.0,49.6,65.9,80.6
2015,Georgia Southern,46.9,75.1,81.8,51.5,61.4,75.6
2015,Georgia State,80.9,50.6,35.3,78.4,55.4,71.4
2015,Georgia Tech,51.0,66.2,62.3,58.7,49.6,66.1
2015,Hawai'i,48.9,71.3,66.6,54.0,69.6,47.7
2015,Houston,79.8,67.4,63.1,73.0,70.7,62.0
2015,Idaho,65.2,66.9,59.8,63.2,50.4,59.7
2015,Illinois,53.2,67.1,60.8,44.7,70.1,81.7
2015,Indiana,70.5,64.1,68.4,70.0,52.8,53.7
2015,Iowa,74.9,63.2,66.0,75.5,54.4,81.2
2015,Iowa State,58.4,69.9,65.5,61.9,67.0,49.3
2015,Kansas,53.6,56.4,43.1,45.3,51.3,52.4
2015,Kansas State,50.6,55.4,49.7,63.3,63.8,52.1
2015,Kent State,45.2,43.3,48.7,37.2,77.5,67.2
2015,Kentucky,58.8,67.8,73.6,49.8,52.0,65.2
2015,LSU,71.1,74.0,89.0,63.4,60.0,74.4
2015,Louisiana,54.0,75.3,75.5,54.7,66.5,45.3
2015,Louisiana Tech,78.9,75.4,63.5,71.2,69.3,67.0
2015,Louisville,62.3,59.7,70.4,60.3,77.7,63.0
2015,Marshall,56.8,66.7,67.0,56.3,63.9,86.6
2015,Maryland,39.9,73.4,79.9,48.1,83.5,57.6
2015,Massachusetts,57.1,67.7,69.9,52.0,60.8,62.3
2015,Memphis,83.5,59.8,52.5,83.1,64.1,57.9
2015,Miami,71.1,62.2,48.0,64.5,49.8,82.6
2015,Miami (OH),49.6,53.8,54.8,60.0,74.1,67.2
2015,Michigan,67.2,65.9,65.1,64.2,72.0,85.4
2015,Michigan State,69.7,61.5,55.8,72.8,64.5,65.0
2015,Middle Tennessee,76.7,68.3,43.5,73.5,60.7,76.3
2015,Minnesota,59.7,73.5,57.3,52.4,65.6,75.6
2015,Mississippi State,78.0,69.1,57.2,65.7,69.8,71.2
2015,Missouri,45.8,53.0,60.3,51.0,86.9,73.1
2015,NC State,60.8,66.0,78.8,66.0,72.6,74.9
2015,Navy,82.5,60.4,76.4,89.4,57.4,56.9
2015,Nebraska,64.1,68.3,66.6,60.7,63.4,57.5
2015,Nevada,61.8,65.5,75.3,59.9,59.9,73.0
2015,New Mexico,63.7,60.6,71.7,70.1,70.9,49.5
2015,New Mexico State,61.7,68.0,77.8,61.9,51.2,55.6
2015,North Carolina,80.8,86.2,78.5,87.5,53.0,82.7
2015,North Texas,44.9,67.7,54.4,57.1,53.5,46.4
2015,Northern Illinois,65.3,61.3,66.8,63.6,64.3,75.4
2015,Northwestern,49.0,50.5,56.6,52.4,71.1,81.8
2015,Notre Dame,77.1,72.7,87.0,76.3,58.3,64.4
2015,Ohio,66.5,68.1,64.7,64.6,46.4,71.1
2015,Ohio State,68.2,76.7,79.8,58.6,75.6,80.1
2015,Oklahoma,78.3,64.6,73.5,80.3,75.0,78.4
2015,Oklahoma State,80.2,60.3,59.4,81.0,78.6,66.0
2015,Old Dominion,55.9,70.2,70.4,55.0,56.4,66.4
2015,Ole Miss,76.0,77.6,77.7,73.4,67.2,70.4
2015,Oregon,79.5,73.6,93.0,65.7,58.1,64.1
2015,Oregon State,47.9,68.3,71.3,52.1,49.9,51.9
2015,Penn State,54.7,53.2,69.2,48.3,83.4,77.5
2015,Pittsburgh,65.2,68.8,67.6,58.7,67.6,66.4
2015,Purdue,51.9,70.7,58.5,57.7,59.8,64.5
2015,Rice,60.6,59.9,59.7,64.0,57.5,25.4
2015,Rutgers,62.0,66.3,65.9,57.2,61.8,52.0
2015,SMU,62.0,53.9,56.8,58.7,51.8,46.8
2015,San Diego State,68.0,61.1,68.3,61.6,76.6,79.2
2015,San José State,73.7,65.2,71.9,60.8,59.2,69.7
2015,South Alabama,55.5,52.8,69.8,61.5,50.8,64.7
2015,South Carolina,62.3,64.5,65.6,63.9,58.7,61.8
2015,South Florida,66.4,65.8,70.5,68.5,76.2,70.3
2015,Southern Miss,83.1,80.6,75.7,75.1,70.0,72.8
2015,Stanford,85.1,71.3,71.0,90.5,60.1,63.9
2015,Syracuse,54.8,56.4,63.1,62.8,63.9,57.3
2015,TCU,76.3,72.3,73.6,82.5,61.8,69.0
2015,Temple,66.5,57.2,65.5,66.7,73.6,79.3
2015,Tennessee,67.3,64.6,63.9,67.5,59.9,73.9
2015,Texas,56.9,57.0,81.3,66.2,74.3,66.7
2015,Texas A&M,59.9,72.7,60.8,74.8,73.5,75.4
2015,Texas State,60.2,65.3,62.6,54.5,55.3,35.3
2015,Texas Tech,77.2,89.2,82.9,76.1,49.6,53.6
2015,Toledo,69.2,76.1,76.8,74.9,72.4,70.3
2015,Troy,62.0,57.5,63.0,62.2,75.9,62.1
2015,Tulane,57.5,62.0,65.1,63.2,77.9,55.0
2015,Tulsa,81.7,63.8,56.6,79.9,63.8,54.8
2015,UCF,41.6,55.2,40.7,35.9,61.0,38.9
2015,UCLA,70.9,71.1,74.6,67.2,56.1,82.0
2015,UConn,63.4,43.3,59.5,60.0,63.8,80.2
2015,UL Monroe,47.8,57.1,60.5,52.4,79.9,40.4
2015,UNLV,56.2,63.3,67.4,66.2,39.9,71.1
2015,USC,78.0,62.9,73.6,74.6,67.7,62.5
2015,UTEP,60.5,58.7,59.5,59.8,53.9,44.5
2015,UTSA,57.2,51.1,67.4,54.2,55.7,58.6
2015,Utah,63.8,58.9,56.0,60.2,71.9,69.9
2015,Utah State,62.9,66.5,60.4,56.0,77.1,61.6
2015,Vanderbilt,49.1,57.7,59.6,41.0,70.5,62.2
2015,Virginia,63.9,63.4,62.7,68.6,65.3,52.7
2015,Virginia Tech,59.5,55.3,55.0,62.8,65.8,70.5
2015,Wake Forest,53.5,53.8,56.0,61.1,67.4,50.6
2015,Washington,67.8,59.0,67.6,69.7,72.2,70.9
2015,Washington State,70.7,81.5,58.0,65.2,71.0,72.0
2015,West Virginia,61.9,61.9,66.2,64.4,68.8,80.3
2015,Western Kentucky,87.4,74.9,58.4,83.9,62.2,59.8
2015,Western Michigan,80.3,75.4,75.1,77.7,54.4,59.1
2015,Wisconsin,60.5,59.3,56.6,52.6,68.8,84.8
2015,Wyoming,61.2,60.0,65.5,70.2,55.2,51.6
2016,Air Force,71.2,56.9,55.9,91.8,76.0,51.1
2016,Akron,63.0,63.6,60.5,72.9,60.1,61.4
2016,Alabama,73.1,73.1,79.9,69.8,79.7,84.4
2016,App State,68.0,72.9,72.7,54.0,58.6,86.5
2016,Arizona,57.4,71.8,78.3,62.3,48.5,53.5
2016,Arizona State,62.4,53.9,61.4,61.6,58.7,45.0
2016,Arkansas,68.3,58.1,65.1,71.4,47.0,53.9
2016,Arkansas State,62.3,56.1,53.1,66.6,87.8,69.9
2016,Army,54.7,63.8,62.0,65.0,64.9,78.6
2016,Auburn,68.8,68.9,79.2,59.7,68.9,78.7
2016,BYU,55.2,71.1,67.4,62.7,68.3,56.9
2016,Ball State,58.1,75.1,69.2,55.8,63.7,53.5
2016,Baylor,60.6,75.3,63.9,73.2,78.7,54.9
2016,Boise State,87.6,69.3,69.0,85.1,66.3,76.3
2016,Boston College,47.9,42.2,53.3,46.2,79.9,66.7
2016,Bowling Green,45.3,68.0,68.1,51.4,61.9,50.8
2016,Buffalo,51.3,67.0,57.2,55.8,61.2,60.3
2016,California,65.8,78.7,60.7,61.4,43.8,66.9
2016,Central Michigan,68.9,62.4,58.0,73.0,61.4,69.7
2016,Charlotte,51.3,60.9,63.6,52.0,52.8,67.3
2016,Cincinnati,58.9,66.2,61.1,63.8,68.4,71.9
2016,Clemson,80.5,73.0,56.8,70.5,84.5,87.4
2016,Colorado,66.6,57.2,59.0,66.0,59.5,86.4
2016,Colorado State,72.3,70.2,71.8,63.9,72.9,50.6
2016,Duke,65.8,68.7,48.4,58.1,78.3,39.2
2016,East Carolina,74.1,64.1,64.5,65.3,54.8,51.6
2016,Eastern Michigan,65.1,71.1,55.8,68.5,55.7,63.4
2016,Florida,57.5,63.6,56.4,72.9,70.4,78.8
2016,Florida Atlantic,59.0,69.2,65.7,64.9,57.8,42.0
2016,Florida International,57.4,68.0,58.5,52.8,50.0,63.3
2016,Florida State,72.4,67.1,75.1,66.1,74.8,58.0
2016,Fresno State,54.5,46.2,44.3,62.8,61.5,61.1
2016,Georgia,60.3,60.3,60.6,56.2,63.4,75.7
2016,Georgia Southern,67.4,50.3,60.9,61.6,59.8,64.5
2016,Georgia State,63.9,62.1,40.4,64.3,56.5,84.4
2016,Georgia Tech,85.8,60.5,70.6,90.6,53.0,63.4
2016,Hawai'i,61.0,72.2,61.8,54.7,68.0,55.2
2016,Houston,74.9,50.8,48.3,61.1,75.2,67.2
2016,Idaho,59.3,60.9,54.7,59.3,53.2,61.7
2016,Illinois,48.9,73.9,67.0,47.3,83.6,62.3
2016,Indiana,68.0,56.3,55.1,70.7,76.1,73.2
2016,Iowa,55.5,62.6,71.9,57.8,59.3,74.7
2016,Iowa State,67.9,66.2,52.9,64.6,63.0,63.9
2016,Kansas,54.6,63.3,51.2,64.7,73.3,68.2
2016,Kansas State,63.5,62.3,67.2,67.8,62.7,63.4
2016,Kent State,51.6,58.5,76.0,48.7,66.3,69.1
2016,Kentucky,65.2,68.8,70.6,69.5,54.2,59.0
2016,LSU,68.3,81.0,89.9,71.6,70.8,68.9
2016,Louisiana,58.4,50.4,63.8,59.8,64.7,67.3
2016,Louisiana Tech,83.0,86.7,77.0,88.2,69.1,59.6
2016,Louisville,73.1,83.7,86.7,76.8,77.7,77.7
2016,Marshall,52.7,58.6,49.3,57.4,64.3,46.8
2016,Maryland,58.4,50.9,76.8,67.1,70.9,64.0
2016,Massachusetts,60.9,57.3,63.9,59.4,68.0,56.8
2016,Memphis,75.5,60.7,63.6,76.3,51.3,82.5
2016,Miami,73.0,64.8,74.2,69.6,78.8,68.0
2016,Miami (OH),69.9,52.8,61.7,70.6,62.7,76.2
2016,Michigan,73.4,63.3,67.4,61.5,100.0,86.3
2016,Michigan State,63.0,58.6,62.2,69.7,67.0,63.1
2016,Middle Tennessee,71.0,87.6,82.6,69.7,52.5,75.6
2016,Minnesota,58.6,58.4,65.4,55.8,80.6,58.9
2016,Mississippi State,61.6,72.9,79.2,61.4,60.6,61.6
2016,Missouri,67.1,76.4,62.0,73.7,60.0,69.4
2016,NC State,71.7,63.6,52.3,71.2,77.4,65.5
2016,Navy,95.9,59.0,75.0,86.2,52.8,46.0
2016,Nebraska,60.6,57.5,57.6,63.6,62.6,72.3
2016,Nevada,69.1,62.0,61.5,62.7,50.8,55.3
2016,New Mexico,65.2,74.9,83.9,63.4,68.5,44.8
2016,New Mexico State,50.5,67.2,64.4,45.4,58.7,57.6
2016,North Carolina,82.9,74.1,62.1,74.9,65.3,53.6
2016,North Texas,52.8,62.0,72.3,54.3,66.8,64.3
2016,Northern Illinois,62.6,73.3,73.2,62.4,57.4,65.9
2016,Northwestern,62.1,51.0,59.7,52.6,66.9,71.1
2016,Notre Dame,66.9,69.9,66.7,69.9,65.9,58.6
2016,Ohio,63.1,60.9,57.3,62.0,82.1,62.0
2016,Ohio State,66.7,71.7,77.5,69.3,75.4,91.1
2016,Oklahoma,92.9,70.5,76.1,96.8,53.3,55.1
2016,Oklahoma State,81.1,66.7,66.3,83.1,66.5,63.8
2016,Old Dominion,69.1,73.4,73.5,69.5,61.0,69.0
2016,Ole Miss,69.2,73.0,61.2,62.6,56.1,71.7
2016,Oregon,76.1,71.8,79.4,69.2,56.1,62.7
2016,Oregon State,51.2,76.9,80.2,55.4,50.1,73.0
2016,Penn State,76.4,54.5,66.2,75.2,81.2,73.9
2016,Pittsburgh,81.0,64.6,71.9,79.5,65.2,53.9
2016,Purdue,57.0,63.6,48.0,68.4,65.9,59.1
2016,Rice,54.5,64.8,51.3,51.5,60.0,39.8
2016,Rutgers,37.4,46.4,55.6,47.1,65.2,64.0
2016,SMU,62.0,62.2,62.4,70.8,62.5,76.1
2016,San Diego State,65.2,64.7,80.9,52.8,64.6,75.4
2016,San José State,61.4,49.9,74.6,60.3,66.3,56.9
2016,South Alabama,60.2,62.4,60.3,66.4,68.5,72.2
2016,South Carolina,62.0,53.0,63.7,45.2,57.2,73.7
2016,South Florida,70.3,82.0,90.8,78.2,58.6,67.5
2016,Southern Miss,69.4,59.1,62.9,76.9,73.0,69.4
2016,Stanford,60.9,70.9,81.4,56.3,62.0,69.2
2016,Syracuse,70.6,54.7,46.5,68.6,56.5,43.4
2016,TCU,63.8,74.5,75.6,64.3,70.5,58.4
2016,Temple,71.1,59.2,68.9,68.0,82.7,75.0
2016,Tennessee,68.7,76.1,68.8,66.9,72.0,68.6
2016,Texas,60.7,69.6,67.3,66.5,74.9,59.2
2016,Texas A&M,61.4,81.8,81.5,71.7,71.5,66.8
2016,Texas State,52.2,45.4,44.4,50.2,54.5,57.5
2016,Texas Tech,84.5,67.7,45.8,80.9,47.0,47.6
2016,Toledo,92.7,72.7,65.4,97.2,60.0,66.8
2016,Troy,64.2,68.5,60.3,60.7,76.3,75.4
2016,Tulane,40.5,56.4,69.2,33.0,82.4,61.7
2016,Tulsa,63.6,70.4,64.0,69.0,59.6,62.0
2016,UCF,57.5,53.4,61.6,52.9,75.4,83.6
2016,UCLA,62.3,58.2,38.4,63.2,58.3,90.4
2016,UConn,56.0,48.0,56.2,54.0,58.1,56.4
2016,UL Monroe,53.8,66.5,53.8,58.6,58.0,53.6
2016,UNLV,52.1,74.9,82.0,54.7,55.9,51.7
2016,USC,71.5,72.3,72.0,66.1,58.9,70.7
2016,UTEP,54.9,72.2,73.2,47.2,45.6,64.2
2016,UTSA,65.2,50.4,67.9,68.9,61.3,60.6
2016,Utah,58.9,67.3,61.5,58.0,72.1,68.3
2016,Utah State,60.8,73.7,77.2,57.0,69.3,67.6
2016,Vanderbilt,56.3,62.2,60.5,60.0,61.7,58.1
2016,Virginia,51.2,62.7,48.4,57.9,64.1,40.9
2016,Virginia Tech,74.7,54.1,53.6,64.9,76.0,74.6
2016,Wake Forest,46.0,51.5,56.3,48.2,72.2,65.3
2016,Washington,78.6,70.5,76.6,80.3,66.4,87.4
2016,Washington State,76.9,82.9,66.0,67.6,64.3,60.4
2016,West Virginia,73.4,70.3,68.9,70.6,50.9,62.9
2016,Western Kentucky,82.3,85.5,78.2,88.7,67.0,64.1
2016,Western Michigan,86.0,70.3,64.6,84.8,58.5,78.0
2016,Wisconsin,68.6,51.6,65.0,60.1,68.5,81.0
2016,Wyoming,71.1,59.9,59.0,61.9,58.9,54.9
2017,Air Force,71.4,49.4,55.7,77.9,45.3,54.0
2017,Akron,59.1,55.8,50.8,60.7,57.7,80.3
2017,Alabama,83.1,82.0,83.8,78.0,74.0,85.4
2017,App State,71.4,72.4,65.9,75.2,72.4,69.1
2017,Arizona,70.4,89.4,91.9,66.8,61.6,70.7
2017,Arizona State,76.6,61.6,64.8,70.1,58.6,63.6
2017,Arkansas,60.9,60.9,74.2,62.5,52.3,44.8
2017,Arkansas State,69.7,69.1,69.8,72.8,80.8,61.1
2017,Army,53.9,82.8,79.7,50.2,50.5,59.7
2017,Auburn,83.6,67.7,64.9,76.2,69.7,75.0
2017,BYU,52.7,74.5,65.4,44.1,63.9,62.0
2017,Ball State,47.3,66.2,61.4,40.0,58.6,40.1
2017,Baylor,61.5,56.2,59.1,65.0,69.8,55.5
2017,Boise State,75.7,57.0,63.8,78.7,62.1,74.0
2017,Boston College,51.6,64.2,65.5,55.4,51.8,87.5
2017,Bowling Green,63.6,65.1,64.9,60.9,47.8,60.1
2017,Buffalo,76.2,66.4,58.7,71.3,60.7,67.3
2017,California,60.0,61.8,64.3,61.2,65.4,65.6
2017,Central Michigan,58.3,64.2,62.7,59.7,66.7,87.0
2017,Charlotte,36.7,60.3,74.1,42.4,51.9,55.8
2017,Cincinnati,56.9,76.0,67.9,57.2,58.3,51.6
2017,Clemson,76.2,75.9,76.1,71.0,83.3,83.6
2017,Coastal Carolina,60.6,58.2,63.1,70.8,61.3,47.5
2017,Colorado,67.0,56.3,64.2,70.2,48.5,70.2
2017,Colorado State,79.0,78.6,71.4,79.1,56.9,56.0
2017,Duke,52.2,61.6,62.7,47.9,74.9,74.1
2017,East Carolina,61.4,58.2,48.2,73.6,40.0,26.5
2017,Eastern Michigan,58.9,64.0,56.2,61.2,68.7,71.7
2017,Florida,52.9,64.6,73.2,50.0,75.8,68.0
2017,Florida Atlantic,74.7,75.4,84.3,79.7,57.4,73.8
2017,Florida International,76.5,68.9,58.9,72.1,56.3,55.6
2017,Florida State,54.8,57.7,67.6,55.3,70.0,74.4
2017,Fresno State,67.3,72.9,57.8,68.1,68.8,73.2
2017,Georgia,86.4,68.8,80.3,82.1,61.5,81.8
2017,Georgia Southern,52.9,42.0,59.3,53.0,60.8,54.5
2017,Georgia State,70.2,55.3,37.6,68.3,59.6,55.6
2017,Georgia Tech,49.4,52.6,70.1,74.5,50.5,73.1
2017,Hawai'i,64.5,76.0,74.3,64.8,58.5,42.7
2017,Houston,75.1,73.6,57.8,71.6,69.6,73.4
2017,Idaho,58.7,51.2,59.6,57.3,75.1,65.9
2017,Illinois,48.8,53.7,61.3,57.0,61.7,67.3
2017,Indiana,62.2,64.0,54.9,57.4,83.4,71.1
2017,Iowa,59.7,61.3,52.8,58.1,61.0,84.8
2017,Iowa State,68.9,70.3,60.7,64.8,68.0,64.3
2017,Kansas,49.7,57.0,56.6,51.5,71.5,42.6
2017,Kansas State,68.3,52.0,70.9,72.5,53.8,59.0
2017,Kent State,41.7,31.6,50.3,55.9,71.5,65.5
2017,Kentucky,63.9,63.2,64.7,61.2,52.1,65.8
2017,LSU,73.6,63.0,72.9,81.0,71.5,66.7
2017,Louisiana,58.8,64.8,76.6,50.1,55.9,50.9
2017,Louisiana Tech,62.8,70.7,64.6,70.8,53.0,77.1
2017,Louisville,78.2,91.1,86.0,78.2,66.9,63.3
2017,Marshall,69.8,60.2,48.9,66.3,75.1,68.8
2017,Maryland,53.8,62.9,73.3,42.4,56.7,68.0
2017,Massachusetts,70.9,61.7,70.4,64.6,67.2,70.3
2017,Memphis,79.7,75.5,83.9,85.8,63.3,64.1
2017,Miami,59.8,70.0,78.3,61.1,84.6,77.4
2017,Miami (OH),62.1,66.4,49.9,56.0,56.5,68.0
2017,Michigan,55.2,59.1,69.3,47.4,90.8,75.7
2017,Michigan State,62.3,61.4,50.9,55.9,62.4,78.4
2017,Middle Tennessee,61.3,69.8,58.3,57.0,72.3,58.6
2017,Minnesota,48.8,58.6,63.0,54.3,59.6,75.5
2017,Mississippi State,55.3,72.0,66.5,56.0,77.8,55.9
2017,Missouri,84.6,83.4,72.1,83.2,74.8,53.7
2017,NC State,70.5,65.5,69.7,68.2,71.9,70.0
2017,Navy,61.9,65.2,75.5,81.0,62.0,37.1
2017,Nebraska,62.9,66.8,51.5,66.7,44.1,65.4
2017,Nevada,67.2,75.2,65.3,68.3,74.4,45.3
2017,New Mexico,45.3,75.0,64.2,51.8,55.2,61.5
2017,New Mexico State,66.7,67.5,57.8,71.1,76.7,77.5
2017,North Carolina,49.3,63.2,63.6,46.8,67.0,59.3
2017,North Texas,71.8,67.9,67.8,75.1,57.2,54.6
2017,Northern Illinois,55.5,63.4,58.2,63.2,90.1,74.0
2017,Northwestern,59.3,61.0,64.1,53.1,75.2,72.0
2017,Notre Dame,57.4,78.0,95.1,66.4,69.9,78.5
2017,Ohio,62.6,68.6,77.0,60.2,70.9,68.2
2017,Ohio State,77.6,84.1,80.0,81.8,79.8,75.4
2017,Oklahoma,99.4,75.6,83.2,100.0,60.4,59.5
2017,Oklahoma State,86.8,70.5,65.6,90.2,74.5,65.5
2017,Old Dominion,49.1,59.8,65.8,51.7,72.3,66.4
2017,Ole Miss,74.8,72.7,71.4,76.2,67.6,62.5
2017,Oregon,76.3,64.1,69.8,61.5,70.8,72.3
2017,Oregon State,56.5,65.8,52.8,50.5,50.1,45.1
2017,Penn State,80.1,57.6,78.4,79.6,73.6,76.2
2017,Pittsburgh,62.7,56.2,67.1,62.5,54.2,58.1
2017,Purdue,54.6,74.1,60.6,45.1,73.2,73.3
2017,Rice,53.1,59.7,60.7,61.1,62.0,47.0
2017,Rutgers,45.7,55.7,61.2,36.8,51.3,62.9
2017,SMU,74.5,73.5,75.6,78.6,67.2,50.2
2017,San Diego State,70.0,57.6,83.4,77.2,61.9,67.9
2017,San José State,51.3,57.2,49.2,46.9,53.7,58.4
2017,South Alabama,55.5,49.3,48.8,60.4,51.6,55.1
2017,South Carolina,61.9,64.1,56.7,60.8,61.1,66.5
2017,South Florida,72.2,55.4,70.1,81.6,84.4,73.4
2017,Southern Miss,65.9,67.6,71.0,67.9,78.3,71.7
2017,Stanford,71.2,77.2,87.2,58.5,61.4,59.6
2017,Syracuse,60.1,66.8,62.5,56.5,57.3,52.6
2017,TCU,81.0,62.0,57.4,71.8,78.5,62.7
2017,Temple,68.2,61.3,54.0,65.4,75.0,66.1
2017,Tennessee,55.9,54.8,53.1,52.1,61.4,63.8
2017,Texas,61.4,61.3,54.3,68.3,76.0,73.4
2017,Texas A&M,62.8,58.8,66.5,66.5,76.8,66.4
2017,Texas State,56.1,47.3,59.3,57.6,59.8,39.7
2017,Texas Tech,75.4,63.3,64.7,74.1,49.6,71.5
2017,Toledo,84.3,77.9,76.7,86.7,58.0,76.7
2017,Troy,71.1,73.7,66.7,59.5,88.9,74.8
2017,Tulane,70.1,58.7,72.7,71.2,49.7,54.3
2017,Tulsa,58.8,68.3,73.4,65.5,45.0,41.0
2017,UAB,68.3,64.5,60.8,67.9,67.9,74.8
2017,UCF,96.8,66.7,78.6,90.7,59.2,63.0
2017,UCLA,72.4,66.3,55.1,69.9,62.0,66.9
2017,UConn,66.4,56.8,58.2,71.4,50.7,45.1
2017,UL Monroe,78.6,70.8,65.1,77.7,55.4,44.6
2017,UNLV,62.2,71.9,80.3,75.1,53.1,60.3
2017,USC,75.6,72.6,76.1,66.3,63.9,69.5
2017,UTEP,40.2,59.5,44.9,47.6,52.2,57.1
2017,UTSA,64.5,55.6,65.6,53.6,78.6,70.5
2017,Utah,65.4,57.8,54.7,67.0,59.6,73.7
2017,Utah State,59.7,68.6,66.1,62.0,68.5,74.7
2017,Vanderbilt,66.2,71.1,55.2,66.6,72.5,58.1
2017,Virginia,59.0,61.8,54.2,62.9,63.2,75.2
2017,Virginia Tech,69.2,58.4,51.7,66.3,84.8,69.8
2017,Wake Forest,77.0,65.7,70.0,65.4,68.8,72.0
2017,Washington,80.3,72.6,70.9,75.5,79.6,78.4
2017,Washington State,64.6,73.1,50.0,57.4,82.4,80.8
2017,West Virginia,71.9,76.5,55.9,70.0,62.2,60.4
2017,Western Kentucky,71.0,53.1,32.5,77.3,55.1,67.3
2017,Western Michigan,55.5,63.2,67.5,59.3,66.5,69.0
2017,Wisconsin,74.6,63.3,68.4,70.2,74.5,82.1
2017,Wyoming,56.0,52.3,49.6,47.4,81.2,78.4
2018,Air Force,79.2,58.8,51.5,77.1,67.5,48.9
2018,Akron,47.6,53.6,41.9,44.7,66.3,72.7
2018,Alabama,100.0,80.6,72.1,100.0,79.4,79.0
2018,App State,59.8,76.2,83.0,74.6,67.7,86.8
2018,Arizona,70.6,78.5,71.2,70.7,64.2,56.6
2018,Arizona State,75.0,62.8,62.7,69.5,73.6,60.2
2018,Arkansas,48.7,57.5,64.7,48.6,65.4,59.2
2018,Arkansas State,72.8,75.0,64.7,71.9,73.1,64.1
2018,Army,87.8,66.6,56.8,86.9,57.3,61.2
2018,Auburn,65.7,66.6,54.5,63.3,74.0,70.0
2018,BYU,61.6,56.9,53.9,51.9,57.5,75.4
2018,Ball State,59.1,71.3,64.6,55.1,56.8,66.1
2018,Baylor,64.7,60.4,69.7,59.3,56.4,54.2
2018,Boise State,77.1,62.1,71.0,77.3,71.9,58.7
2018,Boston College,64.4,50.1,61.2,62.7,73.1,76.3
2018,Bowling Green,64.4,59.8,56.3,63.6,48.7,57.6
2018,Buffalo,69.5,69.5,66.2,67.7,69.8,77.0
2018,California,51.8,61.3,58.4,44.9,69.7,85.0
2018,Central Michigan,33.0,49.9,47.6,25.6,74.6,77.7
2018,Charlotte,63.5,45.6,54.3,63.5,63.5,54.4
2018,Cincinnati,72.5,71.9,71.6,73.4,72.1,73.2
2018,Clemson,77.6,95.9,87.6,67.7,96.9,72.2
2018,Coastal Carolina,65.8,59.4,70.0,74.4,49.1,47.0
2018,Colorado,66.4,50.8,62.4,69.2,72.9,69.3
2018,Colorado State,61.9,61.3,53.1,63.5,55.1,38.5
2018,Duke,59.5,69.8,65.7,59.6,60.3,69.4
2018,East Carolina,50.9,59.6,50.9,58.2,80.7,50.3
2018,Eastern Michigan,74.1,52.4,49.6,63.9,60.8,75.7
2018,Florida,66.5,79.3,72.8,64.0,69.9,74.0
2018,Florida Atlantic,62.8,62.2,74.0,52.0,62.8,65.1
2018,Florida International,78.4,74.7,66.4,74.5,54.5,77.3
2018,Florida State,57.4,46.5,53.4,58.5,67.0,66.3
2018,Fresno State,82.9,66.9,59.1,80.9,59.4,79.6
2018,Georgia,84.6,79.6,85.7,80.3,53.6,76.6
2018,Georgia Southern,67.4,44.8,68.9,68.9,62.1,66.2
2018,Georgia State,70.1,65.8,63.1,57.4,41.6,38.4
2018,Georgia Tech,65.2,60.5,67.3,85.2,47.1,58.0
2018,Hawai'i,68.7,72.0,56.5,69.8,60.9,49.1
2018,Houston,76.6,75.5,76.1,76.0,69.2,59.6
2018,Illinois,49.4,71.0,83.3,58.5,50.0,52.6
2018,Indiana,58.3,70.5,58.7,55.7,58.2,56.9
2018,Iowa,70.2,67.5,50.5,62.4,67.7,86.3
2018,Iowa State,68.4,54.1,50.2,76.0,73.0,63.9
2018,Kansas,61.4,69.2,71.8,52.1,63.6,59.4
2018,Kansas State,58.7,57.5,62.0,60.3,48.3,69.9
2018,Kent State,51.0,49.6,61.9,53.6,52.7,55.0
2018,Kentucky,62.5,69.0,68.4,55.9,65.3,69.4
2018,LSU,58.3,58.5,61.2,62.7,65.9,82.4
2018,Liberty,54.6,64.0,57.8,54.2,53.6,61.5
2018,Louisiana,78.3,75.1,86.6,77.9,55.9,48.6
2018,Louisiana Tech,59.4,63.8,57.6,56.6,75.0,70.5
2018,Louisville,54.5,61.7,68.1,44.9,50.5,51.3
2018,Marshall,56.9,70.2,62.0,64.7,76.9,73.4
2018,Maryland,63.5,62.5,83.2,58.7,53.4,69.0
2018,Massachusetts,73.2,63.8,61.8,79.0,57.7,54.8
2018,Memphis,76.0,77.2,87.2,76.2,74.0,60.9
2018,Miami,58.6,72.0,74.2,56.7,100.0,91.8
2018,Miami (OH),64.4,67.2,67.0,53.3,70.4,68.9
2018,Michigan,72.7,69.7,74.6,77.2,80.2,83.5
2018,Michigan State,47.2,63.0,62.5,40.7,74.8,76.4
2018,Middle Tennessee,70.8,63.9,61.2,61.1,70.5,65.2
2018,Minnesota,60.8,70.6,58.9,71.8,54.5,69.1
2018,Mississippi State,59.6,78.5,86.5,70.9,82.2,89.0
2018,Missouri,75.1,75.5,62.2,70.1,64.3,61.8
2018,NC State,80.1,57.7,62.2,79.3,68.5,58.5
2018,Navy,47.3,48.2,62.4,63.7,45.9,49.7
2018,Nebraska,59.9,75.6,73.1,62.5,55.8,74.7
2018,Nevada,63.7,71.8,63.0,60.9,82.2,62.8
2018,New Mexico,56.1,52.8,50.0,65.2,56.3,55.3
2018,New Mexico State,51.0,64.3,65.0,47.3,73.7,55.3
2018,North Carolina,57.4,79.4,72.3,60.0,66.4,60.3
2018,North Texas,75.6,64.2,70.0,66.6,74.2,77.2
2018,Northern Illinois,47.1,62.5,63.6,46.9,85.3,61.4
2018,Northwestern,56.1,57.9,62.0,60.3,59.8,67.3
2018,Notre Dame,76.0,56.9,76.2,69.9,62.4,84.7
2018,Ohio,71.8,79.1,79.2,78.9,62.2,56.1
2018,Ohio State,85.5,63.5,65.8,80.7,67.0,64.4
2018,Oklahoma,100.0,82.3,91.1,100.0,58.4,47.6
2018,Oklahoma State,68.9,67.0,78.0,66.9,72.5,61.5
2018,Old Dominion,66.7,62.9,53.9,68.3,58.1,61.5
2018,Ole Miss,78.8,70.1,68.0,80.2,65.5,47.9
2018,Oregon,68.7,69.9,66.2,74.4,60.5,72.6
2018,Oregon State,58.5,62.2,71.7,55.4,39.5,52.3
2018,Penn State,63.9,77.0,70.7,73.4,81.5,85.6
2018,Pittsburgh,57.0,70.3,84.1,59.9,64.5,61.3
2018,Purdue,69.5,71.1,68.5,72.0,50.7,70.4
2018,Rice,50.4,59.4,62.9,48.1,49.2,41.8
2018,Rutgers,37.3,66.9,62.0,28.8,58.2,69.1
2018,SMU,63.5,60.0,53.9,67.9,74.5,56.7
2018,San Diego State,64.0,50.2,59.6,67.1,71.4,58.2
2018,San José State,59.6,47.3,39.5,61.4,52.2,61.6
2018,South Alabama,63.4,52.9,42.5,59.6,60.8,57.1
2018,South Carolina,76.8,73.0,62.0,80.0,63.3,71.3
2018,South Florida,61.0,72.4,78.4,65.3,69.0,63.6
2018,Southern Miss,61.7,52.4,40.5,62.2,68.9,87.4
2018,Stanford,80.4,63.3,58.1,74.5,60.5,62.9
2018,Syracuse,64.0,65.2,63.8,68.6,64.6,74.1
2018,TCU,61.6,63.9,64.6,57.8,79.7,75.0
2018,Temple,62.2,64.4,67.5,65.0,69.9,84.5
2018,Tennessee,67.8,43.7,58.8,58.6,63.8,63.9
2018,Texas,75.9,64.6,49.6,58.8,67.0,55.8
2018,Texas A&M,63.5,64.9,69.7,64.6,73.4,46.4
2018,Texas State,58.5,53.5,52.8,67.7,53.7,68.2
2018,Texas Tech,72.3,56.9,44.7,68.8,63.8,58.4
2018,Toledo,59.5,74.3,78.4,67.9,67.0,68.1
2018,Troy,65.7,68.2,69.0,64.7,86.9,68.5
2018,Tulane,60.1,44.9,63.4,70.5,63.9,64.2
2018,Tulsa,53.5,50.0,59.7,60.1,60.2,70.4
2018,UAB,67.4,65.3,68.1,81.8,81.0,77.1
2018,UCF,82.5,78.4,80.2,79.6,69.7,76.7
2018,UCLA,61.3,66.4,69.6,58.3,55.2,57.7
2018,UConn,49.3,67.3,68.6,61.9,49.2,27.9
2018,UL Monroe,67.0,72.7,58.7,71.6,78.4,49.1
2018,UNLV,48.0,65.4,74.7,56.4,60.0,54.1
2018,USC,64.1,69.9,63.4,60.2,70.2,61.6
2018,UTEP,50.6,50.1,48.5,66.4,57.2,64.6
2018,UTSA,40.4,57.2,48.9,35.3,71.7,42.8
2018,Utah,65.2,62.6,72.0,61.6,81.5,74.6
2018,Utah State,80.2,78.5,71.3,79.4,73.7,77.7
2018,Vanderbilt,73.4,68.3,71.1,65.3,52.6,62.4
2018,Virginia,73.6,63.6,71.4,77.2,53.2,76.8
2018,Virginia Tech,65.1,65.7,72.4,64.2,67.5,55.2
2018,Wake Forest,58.8,60.4,67.1,54.5,60.5,54.7
2018,Washington,78.0,60.7,68.4,68.7,53.9,83.8
2018,Washington State,71.1,81.7,53.8,73.5,68.8,70.2
2018,West Virginia,87.7,72.4,70.1,84.8,72.8,63.0
2018,Western Kentucky,55.4,63.3,57.2,58.7,58.5,62.9
2018,Western Michigan,68.9,66.4,62.6,71.4,70.7,61.7
2018,Wisconsin,60.7,89.2,84.5,53.7,59.6,65.6
2018,Wyoming,44.2,67.6,69.3,51.6,60.5,75.9
2019,Air Force,98.6,69.4,56.2,100.0,57.8,64.3
2019,Akron,43.2,37.4,32.0,55.3,56.8,63.5
2019,Alabama,91.6,72.1,72.0,92.9,70.0,86.2
2019,App State,72.4,69.3,81.5,69.1,62.4,83.7
2019,Arizona,69.2,69.3,78.8,68.8,50.5,53.9
2019,Arizona State,78.3,55.8,46.0,75.6,60.5,56.0
2019,Arkansas,46.7,74.6,74.1,47.9,55.4,50.1
2019,Arkansas State,70.6,63.4,59.7,78.1,55.6,60.6
2019,Army,56.0,71.6,70.6,79.3,52.9,56.0
2019,Auburn,60.2,70.8,64.7,64.2,71.8,82.1
2019,BYU,72.2,64.9,62.9,71.1,57.1,78.1
2019,Ball State,69.3,69.6,71.2,64.0,58.0,70.3
2019,Baylor,68.0,63.9,70.3,72.0,74.5,76.5
2019,Boise State,72.4,71.7,61.3,74.1,69.9,63.1
2019,Boston College,63.2,69.7,70.4,67.5,67.2,47.5
2019,Bowling Green,47.3,59.1,55.9,48.7,57.7,47.9
2019,Buffalo,61.3,63.2,69.6,57.3,77.5,70.6
2019,California,59.2,50.0,52.8,53.5,66.1,67.7
2019,Central Michigan,64.4,75.2,68.0,68.8,78.8,69.7
2019,Charlotte,71.1,67.4,71.7,64.6,74.0,61.3
2019,Cincinnati,57.8,58.4,68.3,64.9,71.4,74.5
2019,Clemson,76.8,90.6,95.1,81.1,84.6,87.4
2019,Coastal Carolina,63.8,68.7,63.9,53.4,63.1,54.8
2019,Colorado,61.2,64.1,55.6,72.3,52.6,53.4
2019,Colorado State,71.3,66.7,57.1,72.7,64.0,71.7
2019,Duke,48.3,62.3,48.3,42.6,74.2,66.6
2019,East Carolina,68.0,53.4,47.5,67.0,62.5,56.0
2019,Eastern Michigan,70.5,62.0,54.7,70.5,55.1,56.2
2019,Florida,73.1,67.7,69.4,68.9,79.6,81.1
2019,Florida Atlantic,69.2,60.4,67.4,67.5,66.1,79.0
2019,Florida International,61.2,67.9,66.0,59.3,51.9,77.4
2019,Florida State,67.6,59.2,64.7,67.0,61.7,61.6
2019,Fresno State,64.2,78.0,76.2,54.7,59.4,66.9
2019,Georgia,69.4,72.3,67.4,59.1,64.1,79.5
2019,Georgia Southern,48.2,46.4,69.7,42.9,71.3,60.2
2019,Georgia State,61.5,69.7,74.9,52.9,46.8,51.8
2019,Georgia Tech,45.2,57.7,53.2,47.3,57.9,58.6
2019,Hawai'i,68.2,80.8,70.1,68.5,43.7,75.8
2019,Houston,60.7,61.1,71.0,74.1,58.6,46.2
2019,Illinois,53.7,54.2,60.8,60.9,80.6,64.7
2019,Indiana,78.2,59.2,55.8,74.5,63.8,63.4
2019,Iowa,62.5,62.9,57.2,63.7,66.8,80.8
2019,Iowa State,71.4,67.2,68.8,74.1,67.0,69.8
2019,Kansas,60.6,67.6,74.3,63.4,55.7,52.1
2019,Kansas State,67.8,55.1,64.5,67.1,52.7,71.2
2019,Kent State,75.0,51.8,69.3,69.5,62.8,44.5
2019,Kentucky,51.5,84.7,80.0,47.5,60.5,70.0
2019,LSU,90.7,72.8,79.9,88.3,64.7,75.8
2019,Liberty,67.8,73.4,72.7,69.9,67.2,61.7
2019,Louisiana,74.8,93.5,85.9,71.5,57.7,77.3
2019,Louisiana Tech,69.1,75.4,68.7,70.8,58.7,81.4
2019,Louisville,79.0,44.1,71.0,85.6,50.3,63.3
2019,Marshall,65.1,68.8,63.3,64.0,60.0,67.7
2019,Maryland,47.1,64.6,74.8,56.6,71.3,56.0
2019,Massachusetts,47.3,55.3,57.2,42.9,41.7,45.2
2019,Memphis,85.6,62.7,73.9,80.2,73.3,72.7
2019,Miami,62.0,65.9,71.5,56.4,91.3,62.6
2019,Miami (OH),58.6,44.8,54.8,54.8,80.5,80.6
2019,Michigan,66.5,68.4,57.3,69.1,79.5,76.5
2019,Michigan State,57.7,55.5,49.3,47.9,78.7,65.0
2019,Middle Tennessee,60.3,74.2,78.9,71.2,54.7,59.6
2019,Minnesota,85.7,56.8,62.1,85.5,59.8,72.6
2019,Mississippi State,58.9,75.3,76.6,69.5,60.9,62.0
2019,Missouri,64.1,58.8,55.3,61.1,63.9,72.4
2019,NC State,49.9,67.7,55.9,46.4,68.9,56.6
2019,Navy,81.8,55.9,79.5,93.6,74.0,59.6
2019,Nebraska,71.1,53.9,59.8,69.4,66.4,71.0
2019,Nevada,57.3,57.7,46.4,59.1,56.3,63.7
2019,New Mexico,49.6,69.9,61.8,53.1,62.0,44.1
2019,New Mexico State,52.9,74.0,61.5,43.4,49.2,69.3
2019,North Carolina,70.3,61.9,70.5,67.8,64.0,68.5
2019,North Texas,65.7,67.2,58.9,63.4,63.9,56.1
2019,Northern Illinois,61.8,56.3,57.3,59.8,61.6,65.4
2019,Northwestern,39.5,63.5,66.1,37.4,67.2,69.9
2019,Notre Dame,66.5,65.3,67.1,66.1,71.2,88.9
2019,Ohio,73.7,77.6,78.1,68.6,55.1,57.9
2019,Ohio State,85.6,73.1,78.2,78.7,92.1,93.4
2019,Oklahoma,93.4,74.2,82.2,89.2,74.1,69.7
2019,Oklahoma State,70.2,70.7,81.6,76.4,64.2,70.0
2019,Old Dominion,48.1,40.3,46.7,46.5,76.1,56.4
2019,Ole Miss,61.1,67.2,76.5,54.4,61.1,57.7
2019,Oregon,73.1,76.8,80.4,69.9,70.8,77.4
2019,Oregon State,67.7,71.5,74.4,65.0,68.9,59.1
2019,Penn State,69.4,64.9,75.0,67.9,82.3,60.2
2019,Pittsburgh,59.2,61.6,50.6,58.6,85.3,68.4
2019,Purdue,66.2,57.4,43.8,63.8,62.3,59.6
2019,Rice,57.5,59.6,51.3,50.2,68.7,53.0
2019,Rutgers,51.3,51.1,50.1,53.6,55.5,53.5
2019,SMU,73.5,68.3,64.3,72.1,76.4,52.9
2019,San Diego State,63.5,42.8,47.2,48.2,72.0,79.4
2019,San José State,72.7,65.1,50.1,71.9,57.0,69.6
2019,South Alabama,52.2,59.2,52.2,56.7,67.4,58.2
2019,South Carolina,54.0,75.7,68.6,53.0,64.5,69.8
2019,South Florida,52.2,65.5,64.8,50.5,80.7,66.3
2019,Southern Miss,76.3,56.8,59.3,72.4,71.7,65.4
2019,Stanford,64.3,67.4,55.8,63.8,62.3,60.5
2019,Syracuse,64.9,56.6,59.6,70.7,60.6,60.5
2019,TCU,56.3,68.9,74.7,52.8,69.2,76.1
2019,Temple,64.6,67.2,56.4,68.9,75.1,74.2
2019,Tennessee,68.2,62.0,68.3,69.1,63.7,69.7
2019,Texas,70.6,74.0,73.1,72.2,60.7,58.9
2019,Texas A&M,60.8,78.7,75.3,53.2,67.3,78.1
2019,Texas State,55.7,56.4,53.8,58.1,52.8,55.3
2019,Texas Tech,65.9,74.3,62.8,66.0,68.4,49.4
2019,Toledo,62.3,74.9,70.2,67.5,57.4,52.1
2019,Troy,71.9,76.0,68.4,64.8,60.5,55.4
2019,Tulane,61.4,65.1,75.1,72.5,58.3,65.0
2019,Tulsa,65.2,51.1,51.7,64.3,64.0,58.5
2019,UAB,55.0,53.4,62.0,59.1,74.9,74.3
2019,UCF,72.6,66.3,76.4,72.8,89.7,84.4
2019,UCLA,62.5,59.0,62.3,73.4,68.7,36.5
2019,UConn,57.1,58.1,59.6,65.4,43.7,51.8
2019,UL Monroe,62.4,81.6,75.5,74.3,55.3,54.1
2019,UNLV,47.3,73.9,71.3,54.8,53.5,58.6
2019,USC,82.5,64.2,60.6,83.8,59.4,62.6
2019,UTEP,54.5,56.1,63.2,62.1,45.3,44.8
2019,UTSA,52.3,64.1,55.4,56.5,67.3,56.0
2019,Utah,97.7,62.4,75.1,88.0,65.1,78.6
2019,Utah State,63.1,69.0,60.1,66.6,59.9,66.3
2019,Vanderbilt,50.8,67.1,70.8,50.4,59.5,51.1
2019,Virginia,64.1,65.1,66.1,63.4,76.9,63.8
2019,Virginia Tech,72.3,54.0,50.3,70.2,65.6,73.4
2019,Wake Forest,69.4,57.0,65.7,73.2,66.9,71.4
2019,Washington,67.9,65.7,68.0,55.6,61.4,75.5
2019,Washington State,67.7,87.8,67.3,58.7,58.4,41.3
2019,West Virginia,60.9,49.5,35.9,61.9,79.6,63.0
2019,Western Kentucky,66.9,66.1,59.1,65.8,68.1,70.4
2019,Western Michigan,69.0,74.7,79.2,63.4,65.6,68.2
2019,Wisconsin,81.6,76.1,71.7,72.8,68.7,75.5
2019,Wyoming,50.4,64.4,74.5,53.7,77.4,67.1
2020,Air Force,73.0,82.5,64.6,67.6,56.4,76.9
2020,Akron,52.3,61.1,68.9,44.9,46.9,42.2
2020,Alabama,98.5,77.7,73.5,100.0,68.8,73.0
2020,App State,68.9,71.2,73.7,67.0,60.3,74.8
2020,Arizona,50.5,69.2,59.5,56.3,59.5,48.8
2020,Arizona State,67.2,61.1,74.4,71.7,65.1,83.1
2020,Arkansas,69.9,60.2,67.4,74.6,55.8,72.2
2020,Arkansas State,71.7,61.9,57.0,77.6,70.6,53.9
2020,Army,48.4,51.4,64.5,62.1,68.3,79.7
2020,Auburn,60.1,70.9,68.0,72.9,61.4,64.7
2020,BYU,92.4,76.1,81.4,87.4,66.0,71.2
2020,Ball State,74.5,66.2,63.4,71.6,63.7,59.8
2020,Baylor,56.7,47.5,49.2,52.5,69.0,74.5
2020,Boise State,72.2,56.3,50.8,74.0,73.7,75.7
2020,Boston College,73.1,61.6,50.5,73.6,57.5,58.7
2020,Bowling Green,38.8,70.0,69.1,45.8,59.3,57.2
2020,Buffalo,76.1,96.6,92.8,84.7,59.5,81.7
2020,California,55.4,50.9,59.8,48.7,62.0,61.0
2020,Central Michigan,58.5,65.1,76.1,53.3,79.8,44.9
2020,Charlotte,61.7,57.0,64.7,66.9,44.9,64.6
2020,Cincinnati,71.8,78.5,79.5,70.5,71.8,82.3
2020,Clemson,77.8,71.0,64.3,78.9,86.6,71.5
2020,Coastal Carolina,80.5,69.1,65.6,86.0,64.5,66.8
2020,Colorado,64.5,57.7,66.6,62.7,70.3,73.0
2020,Colorado State,51.1,41.2,53.7,44.5,100.0,50.2
2020,Duke,53.5,63.9,61.4,54.5,64.4,62.4
2020,East Carolina,64.4,62.5,66.1,65.0,56.7,69.7
2020,Eastern Michigan,73.9,57.6,48.3,75.2,54.4,55.5
2020,Florida,83.5,74.2,58.9,81.4,68.2,60.7
2020,Florida Atlantic,52.6,58.6,70.0,48.9,74.8,75.5
2020,Florida International,37.9,68.4,78.2,38.6,76.4,69.2
2020,Florida State,50.1,71.6,85.8,56.8,58.7,52.6
2020,Fresno State,75.7,56.3,68.8,72.8,76.1,56.2
2020,Georgia,67.9,73.8,74.3,75.7,65.1,69.8
2020,Georgia Southern,54.4,67.9,76.1,68.3,72.4,69.1
2020,Georgia State,64.0,65.0,54.8,66.6,72.9,69.2
2020,Georgia Tech,55.9,65.0,68.0,61.6,62.1,58.9
2020,Hawai'i,60.4,67.8,66.8,65.0,66.8,71.5
2020,Houston,63.7,65.6,54.1,59.9,74.3,58.0
2020,Illinois,54.3,71.2,71.7,54.0,60.6,53.5
2020,Indiana,64.3,54.4,39.6,64.5,61.8,85.6
2020,Iowa,55.5,66.2,70.5,50.1,71.1,82.3
2020,Iowa State,70.6,74.0,77.0,69.4,76.8,66.1
2020,Kansas,43.2,39.3,56.8,39.2,50.2,58.6
2020,Kansas State,62.5,63.7,68.3,66.5,66.0,63.6
2020,Kent State,85.4,76.1,75.0,88.1,66.8,69.6
2020,Kentucky,52.4,75.1,73.2,44.8,58.5,74.6
2020,LSU,60.9,64.2,57.7,65.4,60.8,45.8
2020,Liberty,76.6,68.9,82.8,79.6,59.7,78.8
2020,Louisiana,64.6,76.2,73.6,69.4,59.4,90.8
2020,Louisiana Tech,57.9,56.7,49.8,58.8,60.3,61.2
2020,Louisville,76.6,63.5,78.7,77.3,63.4,64.1
2020,Marshall,69.2,78.3,66.9,72.2,72.7,82.1
2020,Maryland,69.5,67.7,75.8,71.8,66.8,73.8
2020,Massachusetts,43.8,48.4,41.0,34.1,66.4,57.1
2020,Memphis,69.1,59.4,58.0,77.7,62.1,62.0
2020,Miami,73.3,57.4,71.6,78.4,67.1,68.8
2020,Miami (OH),73.3,69.6,51.3,66.2,65.4,47.5
2020,Michigan,64.1,75.8,71.6,56.1,57.0,63.8
2020,Michigan State,52.7,50.8,39.9,61.4,67.9,66.4
2020,Middle Tennessee,63.7,60.9,62.1,52.6,57.2,67.4
2020,Minnesota,67.6,66.3,68.6,61.3,37.7,58.9
2020,Mississippi State,58.0,65.5,42.4,56.6,63.4,58.4
2020,Missouri,73.3,62.5,55.7,67.4,60.1,50.7
2020,NC State,70.6,56.5,57.6,64.4,70.0,66.6
2020,Navy,63.7,43.5,52.2,65.9,53.0,59.1
2020,Nebraska,60.9,69.6,61.3,48.2,67.9,58.7
2020,Nevada,78.7,73.2,67.0,74.6,62.7,72.4
2020,New Mexico,50.2,69.1,67.8,53.0,59.7,48.3
2020,North Carolina,82.2,77.0,88.0,90.8,66.3,57.7
2020,North Texas,69.6,81.2,77.1,77.1,59.1,55.5
2020,Northern Illinois,59.6,61.1,44.8,48.0,63.4,54.5
2020,Northwestern,59.6,60.4,53.9,46.0,59.7,97.3
2020,Notre Dame,75.4,69.8,76.6,76.3,77.7,66.4
2020,Ohio,65.1,69.3,75.5,62.1,53.1,78.7
2020,Ohio State,86.9,72.9,84.4,83.8,63.7,70.3
2020,Oklahoma,82.3,58.3,55.4,75.3,77.1,75.3
2020,Oklahoma State,65.7,55.6,65.5,70.3,73.2,70.7
2020,Ole Miss,92.0,61.8,62.7,93.3,49.0,59.5
2020,Oregon,81.6,74.9,62.1,81.0,61.3,64.9
2020,Oregon State,55.9,83.9,84.2,54.2,53.5,65.6
2020,Penn State,58.9,59.4,56.7,67.8,70.4,62.7
2020,Pittsburgh,58.5,61.3,63.2,63.3,89.9,66.9
2020,Purdue,70.7,65.2,54.8,71.1,69.0,59.7
2020,Rice,66.2,50.9,44.2,70.8,59.9,69.6
2020,Rutgers,56.7,57.6,59.5,54.4,72.0,64.1
2020,SMU,81.2,70.0,74.8,80.3,73.1,60.6
2020,San Diego State,53.4,47.2,67.3,48.9,77.4,78.5
2020,San José State,78.3,70.0,74.4,74.1,69.9,74.7
2020,South Alabama,69.8,44.7,50.8,71.6,56.7,54.6
2020,South Carolina,58.4,65.4,76.3,54.3,51.1,52.4
2020,South Florida,55.2,58.5,56.7,58.7,56.2,57.3
2020,Southern Miss,69.5,63.4,69.8,76.3,54.0,57.8
2020,Stanford,77.5,76.8,67.8,64.0,47.0,52.0
2020,Syracuse,48.9,56.3,62.5,55.9,66.3,61.1
2020,TCU,65.2,65.4,81.0,65.0,76.0,64.3
2020,Temple,53.4,60.7,52.4,60.8,66.3,49.4
2020,Tennessee,59.3,64.5,58.7,61.6,67.4,55.7
2020,Texas,65.5,71.6,73.3,68.4,68.3,71.9
2020,Texas A&M,71.7,73.0,72.4,67.6,65.6,72.5
2020,Texas State,66.4,65.0,64.8,64.4,52.3,54.6
2020,Texas Tech,60.6,73.2,67.7,63.8,62.2,64.2
2020,Toledo,77.7,53.7,58.6,77.1,68.9,75.0
2020,Troy,66.7,70.2,59.4,62.6,64.5,65.0
2020,Tulane,52.8,63.3,72.9,53.8,80.1,49.4
2020,Tulsa,64.8,59.5,61.7,64.3,80.4,85.6
2020,UAB,60.2,66.2,67.8,62.0,66.7,86.1
2020,UCF,76.0,68.5,66.4,86.5,72.2,62.7
2020,UCLA,69.6,64.5,65.5,70.4,79.1,77.4
2020,UL Monroe,52.5,66.3,48.7,46.9,58.6,30.8
2020,UNLV,53.7,56.6,67.2,50.4,58.3,47.3
2020,USC,69.7,60.2,49.6,66.1,65.4,75.6
2020,UTEP,60.7,62.8,49.4,69.1,64.1,59.7
2020,UTSA,61.2,70.8,76.8,56.1,69.3,63.1
2020,Utah,58.9,65.7,69.7,49.9,57.7,73.9
2020,Utah State,44.3,68.7,67.7,42.8,61.9,58.5
2020,Vanderbilt,57.7,60.1,49.6,56.2,45.4,48.4
2020,Virginia,57.8,73.7,67.3,69.1,70.7,50.1
2020,Virginia Tech,69.3,71.7,80.6,68.0,64.5,63.1
2020,Wake Forest,73.4,55.2,69.3,73.9,67.7,71.7
2020,Washington,78.1,70.8,64.4,72.7,53.8,71.7
2020,Washington State,63.3,75.3,70.3,53.3,48.6,46.1
2020,West Virginia,72.0,60.4,67.0,64.5,78.6,73.3
2020,Western Kentucky,51.9,60.3,54.3,43.6,65.4,69.9
2020,Western Michigan,86.1,76.8,65.0,90.3,74.7,56.3
2020,Wisconsin,54.4,68.2,57.6,53.4,65.9,82.8
2020,Wyoming,51.0,64.9,72.8,54.3,77.4,72.6
2021,Air Force,70.5,65.5,76.9,89.6,66.7,61.6
2021,Akron,67.3,57.7,64.0,62.6,47.4,49.4
2021,Alabama,91.0,57.1,62.8,93.8,92.6,71.5
2021,App State,71.1,65.1,54.5,72.8,94.3,75.0
2021,Arizona,54.9,58.7,64.6,54.5,70.0,48.9
2021,Arizona State,71.1,73.1,70.3,68.4,61.7,82.2
2021,Arkansas,79.4,59.0,66.4,81.9,74.7,69.4
2021,Arkansas State,59.8,56.2,51.0,67.3,52.0,52.1
2021,Army,80.6,68.8,70.4,97.7,67.5,53.1
2021,Auburn,64.4,71.9,80.3,60.6,79.8,68.0
2021,BYU,76.5,70.6,72.8,73.4,61.6,70.6
2021,Ball State,55.9,68.4,58.3,56.8,55.5,69.7
2021,Baylor,69.8,70.2,75.1,71.0,69.2,68.7
2021,Boise State,67.7,50.3,48.4,65.9,71.3,59.2
2021,Boston College,64.1,51.0,61.0,54.9,62.5,71.7
2021,Bowling Green,58.2,59.4,64.5,58.2,64.5,74.6
2021,Buffalo,56.5,67.1,55.5,58.2,75.7,42.1
2021,California,61.6,76.4,78.1,68.7,53.8,73.2
2021,Central Michigan,67.1,71.5,72.9,68.1,68.2,60.0
2021,Charlotte,64.2,63.0,54.1,57.5,55.1,44.9
2021,Cincinnati,70.6,75.9,75.2,77.1,85.6,84.6
2021,Clemson,55.1,73.5,57.4,47.8,80.5,77.2
2021,Coastal Carolina,100.0,80.0,80.5,100.0,68.0,57.4
2021,Colorado,52.3,50.2,55.2,48.0,54.9,66.4
2021,Colorado State,63.4,57.0,58.3,63.3,79.2,64.7
2021,Duke,64.3,71.5,56.2,67.4,47.3,34.5
2021,East Carolina,66.1,56.4,65.2,65.3,67.0,69.0
2021,Eastern Michigan,72.5,62.3,57.5,63.5,51.4,58.7
2021,Florida,72.0,73.8,74.8,72.9,57.9,71.2
2021,Florida Atlantic,71.0,63.4,60.6,77.2,62.8,78.2
2021,Florida International,56.6,58.1,45.8,71.6,46.2,43.1
2021,Florida State,63.4,75.0,84.1,64.4,70.5,68.4
2021,Fresno State,73.3,61.0,51.8,78.9,79.4,73.0
2021,Georgia,72.8,70.7,66.5,84.4,80.8,78.6
2021,Georgia Southern,46.2,59.9,68.9,47.2,62.5,43.5
2021,Georgia State,53.5,70.4,70.1,57.4,70.0,54.2
2021,Georgia Tech,61.2,67.7,74.5,60.0,58.6,28.4
2021,Hawai'i,56.5,65.4,70.8,72.0,65.0,60.2
2021,Houston,76.6,50.4,69.5,62.8,80.4,82.6
2021,Illinois,47.4,67.8,68.1,45.4,61.0,74.8
2021,Indiana,40.8,55.5,55.9,53.1,59.9,66.0
2021,Iowa,52.1,41.4,47.4,53.5,64.2,88.0
2021,Iowa State,70.8,76.4,76.2,63.3,77.8,64.7
2021,Kansas,64.0,65.6,56.5,54.8,37.2,43.0
2021,Kansas State,72.9,78.1,79.3,71.8,64.4,66.3
2021,Kent State,68.3,71.1,84.2,68.5,50.4,65.1
2021,Kentucky,73.6,79.1,67.0,77.8,68.6,60.3
2021,LSU,66.7,57.9,47.7,61.6,84.9,60.8
2021,Liberty,62.2,69.9,73.1,70.4,73.5,75.7
2021,Louisiana,67.0,63.3,78.6,55.0,67.1,64.2
2021,Louisiana Tech,62.4,64.1,59.8,65.9,55.2,61.1
2021,Louisville,72.5,71.6,79.8,79.3,61.3,71.3
2021,Marshall,61.8,73.4,55.3,61.4,68.2,74.2
2021,Maryland,69.6,60.9,58.3,63.4,69.2,52.9
2021,Massachusetts,42.7,66.3,72.2,50.4,54.0,20.6
2021,Memphis,66.7,63.4,66.3,69.7,63.2,63.7
2021,Miami,71.0,57.4,57.1,76.1,72.5,60.9
2021,Miami (OH),68.3,68.4,56.2,74.7,73.0,60.8
2021,Michigan,80.7,76.8,72.8,83.3,65.0,82.2
2021,Michigan State,68.7,66.3,75.4,77.5,65.2,55.8
2021,Middle Tennessee,60.6,64.2,48.7,46.6,55.9,79.7
2021,Minnesota,65.1,59.0,57.7,67.1,64.8,70.9
2021,Mississippi State,73.0,69.5,46.4,59.8,63.2,61.5
2021,Missouri,63.1,70.2,77.0,57.8,71.0,58.3
2021,NC State,68.6,77.5,60.4,69.2,61.4,79.1
2021,Navy,45.0,13.6,63.6,51.1,73.3,50.6
2021,Nebraska,74.1,65.9,72.8,77.0,60.9,72.9
2021,Nevada,75.1,67.1,61.2,67.4,53.2,76.1
2021,New Mexico,37.5,39.4,57.4,35.7,69.1,59.6
2021,New Mexico State,54.7,68.1,57.2,57.3,45.8,45.4
2021,North Carolina,77.7,70.4,76.9,76.7,62.0,59.8
2021,North Texas,54.4,69.7,71.7,60.1,69.9,66.5
2021,Northern Illinois,64.7,83.7,81.9,64.8,42.6,56.8
2021,Northwestern,48.9,67.0,66.9,48.0,48.1,67.5
2021,Notre Dame,73.5,57.5,73.7,70.6,73.4,75.8
2021,Ohio,55.5,77.5,87.9,54.6,52.3,65.9
2021,Ohio State,89.3,75.4,80.3,91.5,75.5,70.3
2021,Oklahoma,78.2,66.8,79.6,69.3,76.9,64.4
2021,Oklahoma State,66.7,55.3,63.6,56.5,88.3,76.6
2021,Old Dominion,56.1,61.3,60.4,57.1,58.7,65.1
2021,Ole Miss,70.4,66.1,72.1,69.1,69.3,75.1
2021,Oregon,70.6,75.1,73.1,67.6,65.0,75.6
2021,Oregon State,72.4,77.8,74.0,70.0,56.7,67.5
2021,Penn State,64.0,49.3,44.5,69.7,76.3,82.1
2021,Pittsburgh,80.0,64.8,61.0,72.9,79.7,71.5
2021,Purdue,74.5,58.9,37.7,63.1,69.9,75.8
2021,Rice,60.7,64.2,63.7,62.8,48.0,60.5
2021,Rutgers,52.4,64.5,48.3,51.7,52.1,54.7
2021,SMU,74.3,66.1,70.5,68.5,62.0,57.3
2021,San Diego State,50.5,62.4,58.9,51.1,76.9,79.1
2021,San José State,55.8,62.9,50.8,56.9,74.2,65.8
2021,South Alabama,70.4,51.1,48.5,62.8,72.1,63.6
2021,South Carolina,59.7,59.3,56.0,62.3,57.4,76.4
2021,South Florida,54.1,59.7,52.0,60.2,50.5,60.0
2021,Southern Miss,53.5,47.1,48.9,43.3,55.9,54.0
2021,Stanford,61.4,71.2,71.4,51.7,49.6,58.2
2021,Syracuse,55.2,73.2,77.3,56.0,75.2,59.8
2021,TCU,80.0,66.0,73.0,80.0,47.2,47.6
2021,Temple,51.9,63.6,58.3,46.4,62.2,66.9
2021,Tennessee,81.4,72.7,81.8,78.0,61.8,66.3
2021,Texas,71.8,75.4,79.7,71.3,61.3,61.7
2021,Texas A&M,52.7,66.0,72.3,58.8,78.2,77.6
2021,Texas State,49.2,67.5,58.6,53.8,51.2,62.4
2021,Texas Tech,78.6,72.9,64.6,74.6,57.2,58.0
2021,Toledo,67.4,79.8,83.4,71.8,66.4,71.7
2021,Troy,63.6,60.4,52.7,57.1,86.1,62.2
2021,Tulane,58.1,63.4,63.8,54.0,77.3,56.0
2021,Tulsa,61.8,58.8,62.4,74.5,71.2,66.0
2021,UAB,73.5,60.2,69.2,77.4,62.6,68.7
2021,UCF,62.8,73.8,71.7,50.7,72.6,78.9
2021,UCLA,65.0,66.6,73.4,70.8,63.0,75.6
2021,UConn,38.5,51.4,51.1,35.9,58.6,59.5
2021,UL Monroe,57.5,36.0,55.6,59.8,55.8,54.3
2021,UNLV,59.3,56.5,63.6,65.9,57.7,58.8
2021,USC,60.1,68.0,57.6,61.0,69.5,54.6
2021,UTEP,72.8,64.1,64.1,70.4,68.5,74.2
2021,UTSA,76.0,64.9,70.4,72.3,69.2,59.9
2021,Utah,66.3,79.3,87.6,57.1,70.8,76.7
2021,Utah State,74.7,58.9,57.5,74.4,74.0,61.2
2021,Vanderbilt,48.8,58.5,58.2,43.2,47.6,63.6
2021,Virginia,74.0,81.7,67.6,74.9,46.4,58.1
2021,Virginia Tech,61.0,65.4,69.6,62.2,64.0,72.8
2021,Wake Forest,68.9,59.9,55.9,77.9,66.8,64.9
2021,Washington,58.2,66.6,45.2,52.8,52.1,88.1
2021,Washington State,70.0,67.8,68.6,69.4,56.0,77.9
2021,West Virginia,66.2,65.4,66.2,56.2,67.8,60.3
2021,Western Kentucky,78.4,71.4,49.4,76.5,63.8,73.3
2021,Western Michigan,79.3,71.1,63.9,77.7,79.3,58.7
2021,Wisconsin,54.4,74.4,69.5,57.9,82.3,82.2
2021,Wyoming,55.6,70.5,77.3,60.8,55.9,78.9
2022,Air Force,81.5,69.7,73.9,92.3,60.9,73.0
2022,Akron,58.8,60.3,49.9,63.0,57.0,51.1
2022,Alabama,75.1,72.9,86.2,69.2,79.0,81.3
2022,App State,73.6,76.6,78.1,75.8,65.5,56.3
2022,Arizona,72.6,80.8,78.8,73.9,45.1,57.0
2022,Arizona State,69.1,67.3,63.1,66.4,49.6,68.3
2022,Arkansas,75.2,59.0,65.2,76.4,68.0,45.0
2022,Arkansas State,62.4,40.2,59.3,49.0,76.1,48.0
2022,Army,50.3,68.8,74.6,74.7,53.9,69.3
2022,Auburn,54.3,60.9,70.7,55.2,68.5,67.9
2022,BYU,77.6,75.2,76.8,72.5,47.5,51.6
2022,Ball State,50.2,80.2,65.6,37.2,55.2,74.5
2022,Baylor,69.9,62.1,58.8,71.4,62.1,66.2
2022,Boise State,63.1,75.4,76.0,55.1,70.0,77.2
2022,Boston College,57.3,42.9,42.5,56.8,65.7,64.7
2022,Bowling Green,60.4,60.2,43.7,52.9,65.8,60.8
2022,Buffalo,56.6,62.2,65.4,58.7,59.2,65.4
2022,California,64.6,65.3,71.5,53.5,51.4,67.6
2022,Central Michigan,52.8,72.1,72.1,47.1,66.6,62.3
2022,Charlotte,62.4,62.3,61.4,58.8,53.7,34.5
2022,Cincinnati,66.2,74.3,74.4,68.3,70.0,70.9
2022,Clemson,68.4,67.8,63.0,65.0,83.6,72.8
2022,Coastal Carolina,83.7,58.3,50.4,81.0,66.0,43.1
2022,Colorado,49.0,58.7,49.6,56.0,48.9,46.5
2022,Colorado State,60.2,40.0,58.3,58.8,65.5,73.9
2022,Duke,71.9,82.7,79.0,56.1,60.8,64.7
2022,East Carolina,79.2,73.6,82.3,72.6,68.0,45.2
2022,Eastern Michigan,61.9,66.4,58.5,70.4,50.1,70.2
2022,Florida,62.2,79.7,87.3,73.9,57.0,54.9
2022,Florida Atlantic,64.0,69.4,61.9,57.2,53.7,61.8
2022,Florida International,47.9,69.0,51.5,51.7,54.9,55.8
2022,Florida State,72.7,72.4,78.8,83.8,73.5,84.8
2022,Fresno State,74.7,61.4,68.0,73.4,62.5,71.9
2022,Georgia,81.5,70.6,70.9,86.7,68.9,76.8
2022,Georgia Southern,62.3,77.0,69.8,68.1,47.0,61.8
2022,Georgia State,68.9,53.7,55.8,74.3,75.8,65.8
2022,Georgia Tech,49.4,47.6,63.9,45.5,67.9,69.2
2022,Hawai'i,49.9,77.7,69.1,48.2,42.2,57.6
2022,Houston,76.0,76.0,64.0,69.3,63.1,62.3
2022,Illinois,67.7,61.6,54.4,59.3,71.6,91.6
2022,Indiana,46.0,63.3,67.6,39.9,61.9,50.8
2022,Iowa,48.3,47.0,57.3,44.1,77.1,86.6
2022,Iowa State,58.4,58.2,53.2,49.6,74.6,70.2
2022,James Madison,69.8,55.2,49.2,69.1,100.0,63.6
2022,Kansas,82.7,84.4,79.6,80.7,53.5,60.5
2022,Kansas State,75.2,73.9,77.5,70.9,66.5,83.7
2022,Kent State,61.4,68.5,67.6,56.9,64.3,56.8
2022,Kentucky,76.4,50.5,61.0,69.9,61.8,74.2
2022,LSU,72.2,67.6,67.9,65.6,68.5,60.5
2022,Liberty,56.3,57.3,70.7,55.1,89.7,80.8
2022,Louisiana,54.1,63.9,55.8,52.6,62.6,73.3
2022,Louisiana Tech,66.5,59.8,61.5,68.4,41.1,66.5
2022,Louisville,61.0,67.7,72.2,53.2,78.2,69.8
2022,Marshall,61.2,54.5,72.0,64.2,81.2,81.9
2022,Maryland,67.7,61.8,69.4,66.4,62.0,75.2
2022,Massachusetts,39.8,50.5,55.0,36.3,67.8,65.6
2022,Memphis,77.6,56.4,52.5,76.6,59.9,61.1
2022,Miami,62.9,64.0,60.1,63.6,87.8,50.6
2022,Miami (OH),53.6,58.9,65.4,58.5,55.2,65.7
2022,Michigan,76.4,69.7,83.6,76.3,73.8,79.8
2022,Michigan State,61.8,59.9,52.5,61.4,71.5,48.2
2022,Middle Tennessee,64.3,57.1,62.9,76.1,70.5,71.6
2022,Minnesota,69.0,66.0,63.4,76.6,56.0,84.6
2022,Mississippi State,63.5,68.9,52.7,59.6,73.2,73.2
2022,Missouri,66.8,51.6,53.6,70.9,83.0,64.0
2022,NC State,58.7,61.1,48.0,61.4,65.6,75.3
2022,Navy,66.0,53.6,60.5,68.3,71.9,34.4
2022,Nebraska,71.4,60.7,59.6,79.4,59.2,74.0
2022,Nevada,48.0,55.1,44.9,55.8,60.2,48.8
2022,New Mexico,32.5,35.4,54.2,38.6,69.7,62.8
2022,New Mexico State,51.3,59.5,67.6,62.1,73.6,73.8
2022,North Carolina,78.2,64.6,69.1,81.3,50.9,50.0
2022,North Texas,71.7,73.1,76.9,73.4,50.9,54.5
2022,Northern Illinois,59.9,85.3,81.4,60.2,59.2,42.6
2022,Northwestern,49.3,50.5,33.0,43.1,68.4,61.5
2022,Notre Dame,71.3,59.9,57.7,70.3,78.9,60.7
2022,Ohio,83.3,59.9,59.2,76.7,61.6,55.2
2022,Ohio State,91.1,78.2,81.9,86.9,83.3,71.3
2022,Oklahoma,65.5,63.8,64.4,71.6,67.9,71.8
2022,Oklahoma State,56.1,56.1,51.8,67.7,58.8,71.7
2022,Old Dominion,59.0,63.8,62.2,60.1,74.2,54.5
2022,Ole Miss,67.2,60.8,69.2,72.7,71.4,66.9
2022,Oregon,80.8,74.0,78.5,75.2,61.6,60.3
2022,Oregon State,63.8,67.6,64.8,70.1,57.7,80.9
2022,Penn State,69.8,67.1,67.3,62.4,78.5,84.0
2022,Pittsburgh,61.9,69.2,67.9,64.7,75.3,76.4
2022,Purdue,64.4,67.6,59.4,56.3,62.4,78.7
2022,Rice,59.6,67.6,59.8,70.6,53.8,50.4
2022,Rutgers,46.5,59.0,51.5,41.3,63.4,73.2
2022,SMU,75.5,68.6,60.7,74.5,55.3,62.6
2022,San Diego State,61.8,62.7,61.6,54.9,68.3,66.9
2022,San José State,66.2,57.7,59.3,70.3,86.9,64.6
2022,South Alabama,74.8,70.7,64.0,68.0,60.5,70.3
2022,South Carolina,74.9,60.1,53.5,71.3,50.5,75.1
2022,South Florida,63.0,84.8,74.7,75.3,52.7,49.9
2022,Southern Miss,61.6,45.2,48.2,74.5,79.4,62.3
2022,Stanford,62.2,62.3,58.8,63.9,53.5,69.6
2022,Syracuse,60.9,56.7,78.4,60.9,72.3,74.1
2022,TCU,80.5,69.2,80.8,80.0,66.0,65.3
2022,Temple,62.3,59.9,49.0,62.8,78.7,56.2
2022,Tennessee,95.9,76.1,77.1,90.7,76.2,66.6
2022,Texas,63.6,74.1,79.0,55.7,69.8,70.1
2022,Texas A&M,59.3,64.4,70.9,56.1,66.4,72.3
2022,Texas State,62.1,66.7,55.9,57.3,56.6,67.3
2022,Texas Tech,57.8,60.7,58.3,51.9,78.7,60.4
2022,Toledo,55.2,59.8,55.3,62.7,65.3,77.4
2022,Troy,67.9,53.7,52.7,70.5,71.7,71.3
2022,Tulane,72.9,71.5,72.5,73.3,63.9,78.1
2022,Tulsa,67.0,66.4,70.2,71.4,53.9,59.6
2022,UAB,77.4,85.5,83.6,75.9,51.7,78.0
2022,UCF,70.0,67.9,72.0,68.7,59.7,63.2
2022,UCLA,79.7,83.8,85.7,82.7,63.3,66.7
2022,UConn,50.5,62.8,73.6,46.8,57.6,69.3
2022,UL Monroe,72.4,56.9,59.1,76.8,64.2,52.1
2022,UNLV,67.8,66.7,70.7,63.3,56.5,66.8
2022,USC,87.2,73.9,82.8,85.1,64.1,60.3
2022,UTEP,52.5,72.0,62.5,57.4,69.5,50.1
2022,UTSA,80.7,72.0,65.4,76.6,46.1,68.3
2022,Utah,78.0,77.8,72.2,74.0,75.8,65.5
2022,Utah State,50.9,57.4,46.8,57.2,71.4,70.5
2022,Vanderbilt,57.8,68.9,67.8,63.1,45.1,42.6
2022,Virginia,52.7,68.5,62.9,52.8,64.9,68.4
2022,Virginia Tech,50.7,58.5,53.2,60.7,71.9,68.5
2022,Wake Forest,75.2,55.7,52.2,74.0,69.0,56.2
2022,Washington,84.3,79.8,69.1,91.2,65.2,46.2
2022,Washington State,65.8,69.9,72.2,54.3,70.6,58.1
2022,West Virginia,58.2,70.7,72.6,60.8,66.7,51.5
2022,Western Kentucky,75.4,82.2,67.7,73.2,57.5,75.6
2022,Western Michigan,49.2,53.5,60.6,55.1,55.2,60.3
2022,Wisconsin,63.1,65.9,81.5,68.3,81.4,76.0
2022,Wyoming,44.4,71.1,80.2,39.0,65.4,64.5
2023,Air Force,74.8,64.6,64.3,98.6,65.7,65.8
2023,Akron,48.0,59.9,63.8,51.9,65.8,68.3
2023,Alabama,88.0,55.9,79.3,86.6,69.9,78.8
2023,App State,71.5,75.0,66.5,73.0,55.5,77.2
2023,Arizona,78.5,71.7,71.1,74.8,70.6,57.9
2023,Arizona State,50.9,70.5,63.4,49.8,52.1,53.8
2023,Arkansas,65.6,58.5,61.9,58.2,71.7,58.1
2023,Arkansas State,59.9,61.1,67.3,62.2,64.5,52.1
2023,Army,66.3,63.3,58.7,69.2,47.1,62.8
2023,Auburn,55.6,57.9,78.4,49.6,74.1,67.2
2023,BYU,50.9,66.6,56.5,49.6,46.9,62.5
2023,Ball State,48.7,68.1,61.1,45.4,56.4,68.1
2023,Baylor,63.3,55.5,43.9,61.8,54.4,46.8
2023,Boise State,72.7,72.1,71.1,80.3,71.7,60.7
2023,Boston College,60.8,65.0,63.7,52.3,53.1,47.8
2023,Bowling Green,58.5,63.7,63.9,55.2,58.8,79.6
2023,Buffalo,48.8,59.1,50.3,39.2,62.9,74.0
2023,California,57.8,77.2,64.1,50.9,56.7,66.2
2023,Central Michigan,59.2,69.4,65.3,56.8,51.8,52.0
2023,Charlotte,51.3,48.4,56.7,40.0,63.5,57.7
2023,Cincinnati,60.5,71.8,75.0,59.5,53.4,58.5
2023,Clemson,59.6,75.7,56.0,57.2,66.2,89.9
2023,Coastal Carolina,80.9,61.9,70.3,69.1,59.4,75.6
2023,Colorado,71.5,56.8,46.4,67.2,67.1,55.5
2023,Colorado State,65.5,58.3,42.9,66.0,80.2,51.7
2023,Duke,58.5,69.5,76.2,58.3,69.5,74.6
2023,East Carolina,42.8,59.6,55.1,34.3,74.7,52.3
2023,Eastern Michigan,44.7,58.7,55.4,49.3,51.7,61.0
2023,Florida,77.0,63.8,68.8,62.2,64.0,49.1
2023,Florida Atlantic,59.8,74.1,74.5,58.9,59.5,63.2
2023,Florida International,59.3,51.8,54.4,60.0,61.4,56.2
2023,Florida State,72.7,59.8,79.9,73.5,82.3,81.0
2023,Fresno State,64.9,68.2,69.5,60.4,70.9,62.8
2023,Georgia,85.4,70.3,68.1,75.4,68.2,86.5
2023,Georgia Southern,62.3,72.5,55.7,65.8,64.9,60.2
2023,Georgia State,71.7,63.2,60.9,76.8,68.0,45.3
2023,Georgia Tech,66.5,79.1,78.9,62.9,51.1,68.8
2023,Hawai'i,60.5,56.1,47.5,55.5,66.6,43.0
2023,Houston,61.8,59.9,62.6,56.8,68.3,53.0
2023,Illinois,63.2,68.4,66.9,70.6,57.5,68.6
2023,Indiana,57.5,67.2,50.5,70.5,57.0,57.6
2023,Iowa,41.0,49.2,60.3,37.5,69.0,88.5
2023,Iowa State,75.5,59.8,66.7,71.3,66.5,83.1
2023,Jacksonville State,51.0,65.4,69.1,52.4,87.0,73.0
2023,James Madison,77.8,54.5,56.7,73.8,90.4,69.2
2023,Kansas,79.6,83.1,85.6,82.3,56.9,70.6
2023,Kansas State,66.5,65.5,71.8,63.8,66.1,74.1
2023,Kent State,51.4,49.0,44.7,43.4,48.8,57.6
2023,Kentucky,55.6,69.8,77.7,52.6,76.2,60.7
2023,LSU,89.3,95.5,100.0,99.9,57.7,45.4
2023,Liberty,87.0,83.6,71.0,83.9,64.9,79.5
2023,Louisiana,71.3,78.8,76.9,76.2,61.3,61.1
2023,Louisiana Tech,62.9,60.7,60.1,64.2,59.0,60.2
2023,Louisville,71.4,63.0,75.8,75.1,81.4,74.8
2023,Marshall,60.3,60.6,63.0,58.8,65.0,74.1
2023,Maryland,67.1,66.8,50.4,64.1,71.7,81.1
2023,Massachusetts,61.5,74.3,69.5,61.8,44.7,53.0
2023,Memphis,75.7,62.5,64.0,76.8,63.6,66.8
2023,Miami,69.1,72.6,62.5,74.5,83.0,67.2
2023,Miami (OH),63.3,63.3,66.5,77.4,64.9,73.1
2023,Michigan,90.2,66.8,61.7,68.6,78.4,81.6
2023,Michigan State,51.0,48.3,38.8,52.0,69.0,63.7
2023,Middle Tennessee,67.2,61.2,65.2,64.2,65.6,65.2
2023,Minnesota,50.6,57.6,50.1,45.2,58.9,64.9
2023,Mississippi State,54.5,62.4,65.8,48.2,71.9,63.8
2023,Missouri,78.5,59.7,62.4,78.3,76.9,74.9
2023,NC State,63.0,61.5,66.4,60.8,61.6,85.5
2023,Navy,47.2,42.2,62.5,49.5,74.0,57.4
2023,Nebraska,51.7,67.4,65.9,58.3,63.0,74.5
2023,Nevada,46.6,40.8,43.5,55.1,52.9,46.0
2023,New Mexico,57.0,71.6,72.4,67.0,49.0,41.8
2023,New Mexico State,71.1,78.5,86.3,75.6,61.9,57.7
2023,North Carolina,75.8,72.4,74.3,77.5,55.0,71.9
2023,North Texas,67.5,75.2,85.5,70.8,51.6,59.4
2023,Northern Illinois,62.1,81.8,78.4,61.4,54.7,79.8
2023,Northwestern,58.8,42.2,51.9,67.9,63.4,71.0
2023,Notre Dame,76.6,75.5,80.1,77.2,72.8,88.3
2023,Ohio,61.6,61.3,53.3,56.5,78.9,77.5
2023,Ohio State,83.1,72.1,70.6,78.5,61.0,89.6
2023,Oklahoma,88.2,59.0,62.1,79.5,74.5,76.8
2023,Oklahoma State,57.6,71.7,74.3,57.6,59.2,45.6
2023,Old Dominion,66.6,51.7,80.1,65.4,61.0,66.0
2023,Ole Miss,80.8,55.3,70.9,72.9,71.9,71.5
2023,Oregon,94.7,85.2,76.6,87.9,70.1,78.1
2023,Oregon State,73.1,68.3,71.7,72.1,74.8,71.1
2023,Penn State,59.9,72.5,60.7,59.1,100.0,75.1
2023,Pittsburgh,52.7,58.4,52.4,59.9,75.8,51.8
2023,Purdue,60.6,59.5,64.8,62.2,68.0,58.7
2023,Rice,78.5,67.6,63.5,72.6,56.3,67.3
2023,Rutgers,49.3,57.9,66.8,53.5,62.7,73.9
2023,SMU,75.6,69.4,76.7,83.4,87.8,75.8
2023,Sam Houston,55.9,59.0,43.6,46.7,55.0,64.8
2023,San Diego State,61.6,67.5,61.8,58.3,43.3,70.0
2023,San José State,74.6,72.1,80.0,64.8,61.8,67.9
2023,South Alabama,74.9,77.4,69.1,76.7,67.3,55.2
2023,South Carolina,74.6,56.3,62.7,69.4,58.5,62.6
2023,South Florida,62.5,53.4,59.2,72.3,71.2,50.8
2023,Southern Miss,52.7,56.6,68.0,61.7,56.4,49.6
2023,Stanford,53.8,46.1,56.2,68.6,58.6,43.6
2023,Syracuse,65.9,58.9,60.0,71.1,76.2,62.4
2023,TCU,64.0,80.6,75.1,72.4,59.3,58.4
2023,Temple,55.2,62.1,48.7,59.2,67.5,38.3
2023,Tennessee,70.1,80.7,83.7,72.6,72.6,65.4
2023,Texas,76.4,69.7,71.8,71.4,77.7,76.2
2023,Texas A&M,76.3,60.9,65.2,59.8,91.8,64.0
2023,Texas State,74.7,70.3,63.6,78.4,61.5,56.2
2023,Texas Tech,53.9,73.5,65.9,57.0,57.1,70.4
2023,Toledo,72.5,79.2,72.3,69.1,70.2,79.4
2023,Troy,72.9,67.4,64.7,65.1,80.7,74.6
2023,Tulane,71.8,62.3,58.3,63.2,67.0,77.6
2023,Tulsa,60.1,62.5,60.6,72.3,50.9,50.2
2023,UAB,77.7,79.3,75.5,74.2,51.8,59.2
2023,UCF,82.5,67.7,90.1,88.5,66.3,76.9
2023,UCLA,56.0,64.0,70.3,70.5,85.8,68.2
2023,UConn,54.2,59.7,53.9,48.0,58.3,49.6
2023,UL Monroe,49.9,65.6,68.1,50.8,70.3,44.8
2023,UNLV,71.3,69.5,68.4,80.2,53.2,60.2
2023,USC,82.4,80.1,74.3,78.5,64.4,50.2
2023,UTEP,57.8,52.9,54.9,65.5,56.5,54.1
2023,UTSA,66.2,62.7,60.7,72.7,76.6,70.8
2023,Utah,55.9,58.5,69.1,59.5,72.0,65.6
2023,Utah State,61.8,68.4,75.6,65.3,61.7,73.1
2023,Vanderbilt,51.6,60.8,44.4,63.8,56.6,53.1
2023,Virginia,62.4,55.2,49.6,66.7,46.9,66.8
2023,Virginia Tech,64.2,65.1,62.7,68.0,86.2,67.2
2023,Wake Forest,56.8,46.8,63.3,60.9,64.7,56.7
2023,Washington,78.9,70.9,59.9,89.0,49.6,85.7
2023,Washington State,73.1,54.9,44.7,64.6,60.2,63.2
2023,West Virginia,65.6,64.5,65.4,68.6,69.2,61.8
2023,Western Kentucky,67.7,73.5,59.0,65.5,53.1,71.9
2023,Western Michigan,59.1,66.3,63.3,52.3,55.3,55.4
2023,Wisconsin,56.8,77.5,73.2,48.9,70.6,73.2
2023,Wyoming,61.8,61.8,71.1,69.3,65.2,68.7
2024,Air Force,54.5,42.8,49.1,74.6,62.1,42.1
2024,Akron,51.6,64.7,59.9,45.7,61.8,50.9
2024,Alabama,81.2,57.3,70.8,87.1,69.2,83.2
2024,App State,62.2,73.6,58.4,73.6,54.0,46.2
2024,Arizona,67.1,61.2,59.6,65.5,61.6,54.2
2024,Arizona State,84.0,66.8,66.8,77.3,55.0,78.4
2024,Arkansas,75.8,65.4,71.3,75.3,73.7,59.7
2024,Arkansas State,59.1,64.3,64.0,53.3,53.2,59.5
2024,Army,88.6,73.1,75.3,82.7,52.1,80.2
2024,Auburn,71.3,67.2,60.2,73.5,85.4,59.8
2024,BYU,63.1,65.5,57.2,61.0,59.0,84.7
2024,Ball State,64.4,66.7,57.0,61.8,53.2,51.6
2024,Baylor,77.0,75.5,67.4,63.3,65.4,61.7
2024,Boise State,69.2,77.7,85.0,62.1,81.5,49.6
2024,Boston College,70.6,53.0,54.6,71.6,70.2,66.6
2024,Bowling Green,65.6,65.7,73.2,60.3,60.9,74.7
2024,Buffalo,51.1,55.7,60.7,62.4,65.2,60.3
2024,California,70.6,54.0,67.6,63.7,68.9,64.3
2024,Central Michigan,50.2,74.3,69.0,57.3,66.2,65.7
2024,Charlotte,58.7,52.3,61.3,64.5,57.0,56.7
2024,Cincinnati,64.6,66.0,64.4,67.7,60.4,55.5
2024,Clemson,69.7,77.4,82.7,68.4,61.8,78.4
2024,Coastal Carolina,60.0,71.5,68.1,62.3,61.4,51.2
2024,Colorado,84.0,58.7,47.3,71.6,78.7,74.0
2024,Colorado State,66.8,63.7,61.7,66.7,57.5,69.7
2024,Duke,59.8,52.3,45.1,63.7,87.5,81.3
2024,East Carolina,68.0,69.0,61.8,70.9,77.6,63.8
2024,Eastern Michigan,60.1,55.3,46.0,67.7,66.4,48.6
2024,Florida,68.3,61.0,66.2,78.5,72.9,63.2
2024,Florida Atlantic,59.9,69.8,83.6,63.9,58.3,65.1
2024,Florida International,65.2,48.8,46.5,61.7,55.4,84.0
2024,Florida State,40.4,51.1,49.5,49.9,68.2,54.0
2024,Fresno State,67.6,60.4,52.5,64.1,62.0,78.1
2024,Georgia,69.5,64.8,60.6,65.5,75.5,68.4
2024,Georgia Southern,64.3,56.3,47.7,59.8,50.0,63.0
2024,Georgia State,57.9,65.2,66.8,61.2,55.9,58.2
2024,Georgia Tech,71.9,70.2,70.3,61.3,68.1,63.4
2024,Hawai'i,53.2,61.9,59.3,60.5,66.1,64.6
2024,Houston,50.0,53.6,56.8,45.2,69.5,73.5
2024,Illinois,75.4,72.8,72.8,68.2,49.0,78.6
2024,Indiana,92.3,59.0,61.9,92.9,82.4,84.3
2024,Iowa,58.2,66.5,76.3,58.4,61.2,82.0
2024,Iowa State,66.6,62.0,63.5,69.6,58.0,78.0
2024,Jacksonville State,69.9,75.6,77.5,82.9,65.8,61.6
2024,James Madison,68.4,65.6,73.0,65.0,74.4,82.0
2024,Kansas,74.8,79.5,68.9,75.9,58.6,61.7
2024,Kansas State,61.0,76.0,77.4,61.2,74.2,63.9
2024,Kennesaw State,44.3,44.8,49.9,44.4,67.2,60.3
2024,Kent State,47.2,41.4,44.4,53.2,45.8,41.6
2024,Kentucky,52.9,56.2,59.2,66.5,71.4,61.6
2024,LSU,71.2,71.0,70.4,73.6,68.1,59.1
2024,Liberty,59.7,71.8,62.7,65.5,71.8,61.5
2024,Louisiana,79.9,71.3,81.9,78.4,51.8,77.8
2024,Louisiana Tech,70.4,43.9,37.9,70.4,70.5,73.1
2024,Louisville,80.8,82.3,80.3,77.3,72.3,68.1
2024,Marshall,64.4,71.9,76.7,64.0,70.2,75.6
2024,Maryland,62.9,60.8,58.8,61.7,69.3,64.0
2024,Massachusetts,58.0,60.3,64.4,62.3,49.6,57.8
2024,Memphis,72.7,70.1,70.4,64.0,66.6,60.4
2024,Miami,88.8,82.7,86.1,91.6,75.1,74.7
2024,Miami (OH),62.1,74.4,76.6,64.3,58.6,78.5
2024,Michigan,49.6,71.2,60.2,36.3,64.7,71.3
2024,Michigan State,59.3,51.6,58.3,66.8,71.8,59.1
2024,Middle Tennessee,65.4,54.7,53.3,61.8,60.8,43.1
2024,Minnesota,63.1,56.7,61.0,49.7,64.7,78.6
2024,Mississippi State,60.7,63.3,66.5,70.0,56.4,43.3
2024,Missouri,72.0,62.6,60.3,70.8,69.1,63.8
2024,NC State,70.3,71.4,74.6,71.6,45.9,61.8
2024,Navy,71.8,70.9,79.9,78.5,59.4,66.3
2024,Nebraska,59.6,72.4,56.0,58.2,66.3,64.9
2024,Nevada,72.9,64.1,67.9,63.9,57.5,58.9
2024,New Mexico,59.9,97.7,89.4,52.4,48.9,36.6
2024,New Mexico State,37.0,60.3,66.2,46.8,54.6,52.0
2024,North Carolina,63.5,78.2,79.5,60.3,71.6,58.8
2024,North Texas,62.7,71.0,77.3,74.3,60.1,57.9
2024,Northern Illinois,56.6,78.3,70.2,66.5,61.5,80.2
2024,Northwestern,46.7,53.4,49.2,40.5,61.7,64.6
2024,Notre Dame,73.9,79.5,83.7,52.8,69.5,86.4
2024,Ohio,64.6,67.0,66.3,72.0,71.3,70.5
2024,Ohio State,82.1,81.2,82.9,79.2,79.2,75.4
2024,Oklahoma,51.0,52.1,57.2,63.1,85.3,61.9
2024,Oklahoma State,58.9,71.7,56.2,64.0,54.6,47.9
2024,Old Dominion,58.3,76.2,83.8,66.1,58.8,58.4
2024,Ole Miss,89.0,66.2,76.0,88.9,94.7,69.8
2024,Oregon,88.4,77.3,67.0,79.6,61.9,86.0
2024,Oregon State,57.3,68.6,72.5,52.6,53.1,51.9
2024,Penn State,79.8,75.7,75.6,73.0,82.8,81.8
2024,Pittsburgh,58.6,63.7,75.3,68.3,85.6,56.9
2024,Purdue,54.5,57.5,59.5,50.9,63.7,40.5
2024,Rice,54.5,76.7,65.9,53.0,67.5,74.0
2024,Rutgers,58.3,63.3,61.6,58.4,49.0,62.1
2024,SMU,80.2,64.0,62.6,85.7,81.1,68.1
2024,Sam Houston,52.6,62.3,68.4,51.1,59.7,80.0
2024,San Diego State,62.3,65.5,59.2,49.0,59.2,56.6
2024,San José State,69.0,57.0,49.3,62.7,78.7,71.7
2024,South Alabama,75.7,83.5,81.3,71.6,59.6,70.5
2024,South Carolina,78.2,56.4,64.7,69.9,72.8,75.7
2024,South Florida,64.5,73.0,73.4,57.4,77.9,63.7
2024,Southern Miss,41.8,32.2,51.7,53.5,60.0,48.0
2024,Stanford,49.5,50.9,61.5,49.4,67.9,47.3
2024,Syracuse,71.6,60.1,42.8,70.4,58.0,69.7
2024,TCU,77.0,67.3,49.3,80.6,59.7,67.9
2024,Temple,51.8,50.9,49.1,60.9,46.1,67.5
2024,Tennessee,77.0,70.1,64.9,82.5,81.9,74.9
2024,Texas,82.4,54.4,60.6,75.8,84.8,95.7
2024,Texas A&M,71.0,64.9,71.6,71.2,76.4,67.5
2024,Texas State,72.4,75.9,68.2,67.7,73.4,71.6
2024,Texas Tech,70.0,66.1,56.8,68.3,54.6,56.6
2024,Toledo,64.1,63.7,42.7,63.6,69.0,78.6
2024,Troy,72.1,65.4,61.3,85.2,60.2,55.3
2024,Tulane,86.8,71.1,64.4,83.2,66.6,75.3
2024,Tulsa,54.5,69.0,63.4,57.8,53.8,36.5
2024,UAB,58.9,75.1,61.7,62.0,50.1,66.4
2024,UCF,55.4,74.4,81.8,69.2,75.0,64.6
2024,UCLA,68.3,54.9,55.9,64.2,68.9,60.1
2024,UConn,58.0,72.5,70.6,56.7,70.4,76.1
2024,UL Monroe,52.0,58.0,71.7,52.8,64.3,63.6
2024,UNLV,64.3,67.9,85.5,61.2,70.8,74.3
2024,USC,65.5,85.4,83.1,65.3,52.3,70.9
2024,UTEP,56.2,53.7,47.3,58.9,80.3,62.2
2024,UTSA,64.5,60.7,69.2,63.5,84.9,56.3
2024,Utah,52.4,55.6,62.5,59.7,76.4,81.3
2024,Utah State,61.4,79.4,78.6,63.3,59.9,62.9
2024,Vanderbilt,65.3,51.9,58.4,64.7,70.9,47.7
2024,Virginia,55.6,64.8,69.3,57.2,54.7,58.3
2024,Virginia Tech,63.6,61.2,71.6,61.4,72.0,62.8
2024,Wake Forest,58.3,59.3,56.6,51.6,51.7,68.0
2024,Washington,75.5,70.3,68.7,60.4,51.1,76.6
2024,Washington State,79.7,60.3,73.5,72.4,51.9,76.7
2024,West Virginia,64.1,57.6,66.6,56.3,65.7,41.4
2024,Western Kentucky,74.0,65.2,50.0,72.2,55.4,51.8
2024,Western Michigan,67.4,71.2,80.3,56.5,60.3,52.6
2024,Wisconsin,53.0,67.2,54.7,56.7,54.9,70.6
2024,Wyoming,52.7,52.4,55.7,57.1,53.9,66.5
2025,Air Force,77.5,65.9,65.0,89.5,45.1,33.7
2025,Akron,50.6,52.2,49.8,56.6,66.7,64.6
2025,Alabama,73.0,66.3,57.9,70.9,71.0,70.3
2025,App State,51.3,69.1,51.2,54.9,64.6,62.2
2025,Arizona,70.7,63.1,68.5,71.0,66.6,91.5
2025,Arizona State,57.3,68.5,70.4,54.4,72.8,64.5
2025,Arkansas,69.0,81.6,80.6,69.4,69.7,50.7
2025,Arkansas State,60.7,59.8,43.6,50.3,73.1,59.6
2025,Army,67.3,60.4,59.3,68.0,45.2,63.8
2025,Auburn,60.5,61.7,78.5,68.1,83.1,67.0
2025,BYU,71.7,69.5,64.1,73.2,70.4,75.4
2025,Ball State,43.7,38.3,62.5,43.9,57.2,56.6
2025,Baylor,57.5,70.3,55.3,62.2,52.4,73.7
2025,Boise State,64.0,67.5,70.2,68.8,63.1,80.3
2025,Boston College,65.2,58.3,57.9,56.7,50.9,56.0
2025,Bowling Green,54.1,55.5,68.1,63.9,71.8,57.4
2025,Buffalo,51.1,63.9,58.5,58.3,78.2,67.6
2025,California,62.5,58.1,38.4,50.7,52.6,74.6
2025,Central Michigan,77.3,48.8,56.3,76.0,61.6,69.3
2025,Charlotte,57.8,48.4,33.3,51.7,49.9,56.8
2025,Cincinnati,76.5,87.9,70.6,78.5,58.1,56.4
2025,Clemson,71.5,70.9,47.7,64.8,65.6,70.8
2025,Coastal Carolina,51.2,64.1,69.6,53.7,54.7,67.1
2025,Colorado,58.3,47.0,52.5,58.8,61.4,61.5
2025,Colorado State,56.3,61.2,61.6,60.4,53.4,51.8
2025,Delaware,64.3,58.7,57.1,61.5,62.3,57.9
2025,Duke,74.3,66.8,65.2,69.9,74.2,51.9
2025,East Carolina,78.3,65.8,53.5,77.3,78.2,69.4
2025,Eastern Michigan,67.6,74.1,61.3,60.1,56.6,59.1
2025,Florida,54.7,68.5,59.2,53.1,65.3,55.9
2025,Florida Atlantic,58.9,67.1,51.4,69.3,58.7,57.7
2025,Florida International,55.6,68.1,77.5,55.5,53.2,69.4
2025,Florida State,80.9,74.1,73.8,84.5,76.2,70.5
2025,Fresno State,55.6,61.5,66.5,43.2,66.8,86.7
2025,Georgia,73.1,55.7,60.3,65.7,64.9,74.1
2025,Georgia Southern,69.1,63.8,63.6,68.4,45.3,57.7
2025,Georgia State,63.0,73.1,69.3,59.5,60.7,45.6
2025,Georgia Tech,83.8,79.9,63.7,85.7,60.4,51.1
2025,Hawai'i,68.3,61.7,48.8,70.4,60.6,65.7
2025,Houston,62.1,54.9,56.2,64.0,62.8,78.5
2025,Illinois,75.2,55.9,57.8,70.3,61.4,68.8
2025,Indiana,92.1,79.5,86.3,83.1,89.5,78.9
2025,Iowa,57.1,71.4,66.7,47.2,59.3,87.5
2025,Iowa State,62.1,62.2,68.1,66.8,58.6,65.4
2025,Jacksonville State,59.3,67.8,73.2,64.0,65.9,65.1
2025,James Madison,67.0,62.7,78.8,75.5,81.1,78.6
2025,Kansas,66.6,75.5,66.4,76.5,66.6,53.7
2025,Kansas State,61.5,64.1,77.3,63.0,67.2,61.9
2025,Kennesaw State,72.3,60.5,60.9,72.1,69.1,68.5
2025,Kent State,60.7,44.9,41.0,71.4,65.6,59.4
2025,Kentucky,56.9,65.2,63.0,60.4,74.9,61.6
2025,LSU,62.0,57.9,57.2,54.4,73.0,77.3
2025,Liberty,61.8,64.8,73.9,66.0,55.3,67.9
2025,Louisiana,55.1,63.4,77.7,56.4,56.4,47.1
2025,Louisiana Tech,64.7,66.5,82.4,63.2,63.8,76.8
2025,Louisville,65.3,74.0,77.8,57.6,66.8,86.3
2025,Marshall,71.8,60.3,60.2,63.7,76.6,43.1
2025,Maryland,59.1,74.5,61.7,52.4,67.4,69.1
2025,Massachusetts,41.7,50.7,62.9,46.9,49.4,60.2
2025,Memphis,73.4,71.6,90.5,66.9,71.3,62.1
2025,Miami,81.0,71.6,54.8,71.0,79.8,81.1
2025,Miami (OH),53.6,63.3,62.5,59.8,66.8,71.3
2025,Michigan,64.8,79.1,77.1,67.7,70.9,76.8
2025,Michigan State,62.4,50.2,72.1,61.7,56.2,52.4
2025,Middle Tennessee,57.5,73.1,65.4,56.4,69.3,50.1
2025,Minnesota,57.0,63.5,61.8,61.0,81.8,56.9
2025,Mississippi State,66.7,56.7,55.2,71.0,56.0,61.8
2025,Missouri,60.2,74.7,80.1,55.2,80.5,63.0
2025,Missouri State,74.8,46.9,68.7,72.7,52.9,59.0
2025,NC State,73.2,63.0,68.5,68.8,56.5,51.9
2025,Navy,78.1,86.2,81.8,89.9,60.1,47.2
2025,Nebraska,75.3,66.9,68.3,67.7,60.6,73.3
2025,Nevada,46.1,66.4,60.4,40.0,62.3,62.3
2025,New Mexico,67.9,66.5,57.9,73.9,73.6,59.4
2025,New Mexico State,55.9,51.1,46.9,56.2,56.3,70.3
2025,North Carolina,61.6,60.8,49.9,59.8,66.6,65.8
2025,North Texas,87.1,76.3,63.1,88.4,57.9,78.7
2025,Northern Illinois,40.6,58.6,68.1,42.6,54.3,72.0
2025,Northwestern,56.7,69.9,65.3,50.8,49.7,60.4
2025,Notre Dame,84.2,69.9,87.7,87.2,68.6,81.5
2025,Ohio,61.4,73.9,73.7,66.4,61.4,66.4
2025,Ohio State,90.2,68.5,67.1,91.6,75.7,81.3
2025,Oklahoma,68.0,54.4,59.0,69.6,99.0,75.9
2025,Oklahoma State,50.8,54.9,45.1,45.7,71.7,42.0
2025,Old Dominion,73.7,80.3,82.7,87.0,76.6,80.9
2025,Ole Miss,77.0,60.9,63.6,85.8,62.8,74.6
2025,Oregon,92.3,81.3,82.8,74.8,68.4,88.7
2025,Oregon State,53.3,67.8,52.8,49.4,63.6,64.9
2025,Penn State,66.1,74.4,68.4,65.8,70.5,67.2
2025,Pittsburgh,62.7,61.9,59.2,70.2,80.3,73.7
2025,Purdue,57.3,65.1,60.7,52.3,65.6,43.5
2025,Rice,56.3,42.5,62.9,53.0,62.0,45.4
2025,Rutgers,68.5,56.8,54.7,71.3,44.3,51.0
2025,SMU,74.4,73.6,76.2,71.0,65.5,67.5
2025,Sam Houston,39.7,62.2,77.7,38.1,53.3,51.2
2025,San Diego State,54.0,64.2,63.9,63.9,70.6,90.5
2025,San José State,59.3,79.9,67.2,64.1,56.5,50.6
2025,South Alabama,66.8,66.2,60.7,64.2,55.1,54.8
2025,South Carolina,62.8,52.3,62.9,67.9,67.1,66.6
2025,South Florida,81.4,83.7,76.9,76.8,65.1,70.7
2025,Southern Miss,77.8,62.4,48.7,82.2,62.6,71.2
2025,Stanford,54.8,49.6,60.6,58.8,56.7,51.5
2025,Syracuse,47.6,58.2,48.2,49.9,56.5,53.6
2025,TCU,75.3,58.5,60.2,77.8,68.4,65.6
2025,Temple,65.7,62.1,67.4,50.2,54.2,51.9
2025,Tennessee,79.7,71.3,66.4,79.8,66.8,61.4
2025,Texas,67.7,59.1,57.6,72.7,74.6,72.8
2025,Texas A&M,70.8,72.5,64.6,79.0,83.3,73.3
2025,Texas State,82.9,67.7,67.2,84.7,75.3,65.3
2025,Texas Tech,84.0,64.4,68.0,75.6,73.3,88.0
2025,Toledo,73.5,74.6,72.8,68.4,94.4,81.5
2025,Troy,56.2,41.6,46.5,63.3,66.1,69.2
2025,Tulane,70.1,68.7,61.8,68.7,68.0,66.5
2025,Tulsa,56.5,52.2,55.1,57.2,70.6,62.7
2025,UAB,69.8,67.4,72.3,65.5,56.3,29.6
2025,UCF,59.3,71.4,76.3,63.3,70.2,72.7
2025,UCLA,52.6,70.7,62.9,41.0,46.7,58.9
2025,UConn,81.3,76.2,79.0,74.1,66.8,67.6
2025,UL Monroe,53.2,55.7,69.5,53.9,66.4,57.7
2025,UNLV,75.0,77.6,77.6,81.1,52.2,63.0
2025,USC,86.6,85.2,79.8,83.5,56.0,64.2
2025,UTEP,43.7,54.0,64.8,54.3,80.8,66.9
2025,UTSA,67.7,72.7,78.6,65.8,67.9,56.0
2025,Utah,68.8,79.1,79.4,63.4,64.8,74.1
2025,Utah State,65.1,58.6,71.4,66.2,61.2,69.6
2025,Vanderbilt,87.3,76.5,86.2,84.6,62.5,62.3
2025,Virginia,65.4,70.9,81.3,68.3,66.2,73.7
2025,Virginia Tech,49.3,70.6,80.6,56.3,60.2,47.3
2025,Wake Forest,64.6,71.5,65.9,75.5,74.8,70.2
2025,Washington,83.3,69.9,73.5,73.3,59.0,71.9
2025,Washington State,57.9,59.9,47.5,47.2,67.6,69.9
2025,West Virginia,56.7,55.2,58.2,64.7,73.9,47.7
2025,Western Kentucky,65.6,68.4,64.0,69.4,55.1,74.8
2025,Western Michigan,52.4,61.7,65.0,56.5,70.1,77.2
2025,Wisconsin,47.6,55.2,64.7,50.7,72.6,55.1
2025,Wyoming,51.2,63.8,59.8,41.8,57.5,78.6
2026,Eastern Michigan,67.9,55.1,50.1,66.2,68.0,79.2
2026,Florida State,70.5,83.7,89.0,73.5,58.1,60.3
2026,Hawai'i,61.4,59.7,46.3,56.8,62.6,48.0
2026,Jacksonville State,47.2,56.6,58.4,45.3,70.1,70.1
2026,Memphis,62.7,84.9,76.8,71.0,66.2,59.8
2026,NC State,51.7,61.9,50.6,45.0,68.2,50.0
2026,New Mexico State,72.0,67.7,55.3,67.3,48.9,59.5
2026,North Carolina,60.4,57.3,49.4,64.4,68.3,68.6
2026,North Dakota State,60.4,62.7,71.6,67.7,75.7,81.2
2026,Sacramento State,54.5,60.5,66.7,46.9,71.7,64.6
2026,San José State,67.3,61.4,65.2,69.0,62.5,60.7
2026,Stanford,78.7,66.2,67.9,81.8,66.0,67.8
2026,TCU,60.1,62.4,74.0,62.3,73.6,64.2
2026,UNLV,67.4,69.2,87.0,63.2,46.4,63.1
2026,USC,77.0,67.6,64.9,74.5,68.2,62.6
2026,Virginia,80.9,63.2,66.8,85.0,65.7,80.3
