season,team,conference,espn_id
2005,Air Force,Mountain West,2005
2005,Akron,Mid-American,2006
2005,Alabama,SEC,333
2005,Arizona,Pac-10,12
2005,Arizona State,Pac-10,9
2005,Arkansas,SEC,8
2005,Arkansas State,Sun Belt,2032
2005,Army,FBS Independents,349
2005,Auburn,SEC,2
2005,BYU,Mountain West,252
2005,Ball State,Mid-American,2050
2005,Baylor,Big 12,239
2005,Boise State,Western Athletic,68
2005,Boston College,ACC,103
2005,Bowling Green,Mid-American,189
2005,Buffalo,Mid-American,2084
2005,California,Pac-10,25
2005,Central Michigan,Mid-American,2117
2005,Cincinnati,Big East,2132
2005,Clemson,ACC,228
2005,Colorado,Big 12,38
2005,Colorado State,Mountain West,36
2005,Duke,ACC,150
2005,East Carolina,Conference USA,151
2005,Eastern Michigan,Mid-American,2199
2005,Florida,SEC,57
2005,Florida Atlantic,Sun Belt,2226
2005,Florida International,Sun Belt,2229
2005,Florida State,ACC,52
2005,Fresno State,Western Athletic,278
2005,Georgia,SEC,61
2005,Georgia Tech,ACC,59
2005,Hawai'i,Western Athletic,62
2005,Houston,Conference USA,248
2005,Idaho,Western Athletic,70
2005,Illinois,Big Ten,356
2005,Indiana,Big Ten,84
2005,Iowa,Big Ten,2294
2005,Iowa State,Big 12,66
2005,Kansas,Big 12,2305
2005,Kansas State,Big 12,2306
2005,Kent State,Mid-American,2309
2005,Kentucky,SEC,96
2005,LSU,SEC,99
2005,Louisiana,Sun Belt,309
2005,Louisiana Tech,Western Athletic,2348
2005,Louisville,Big East,97
2005,Marshall,Conference USA,276
2005,Maryland,ACC,120
2005,Memphis,Conference USA,235
2005,Miami,ACC,2390
2005,Miami (OH),Mid-American,193
2005,Michigan,Big Ten,130
2005,Michigan State,Big Ten,127
2005,Middle Tennessee,Sun Belt,2393
2005,Minnesota,Big Ten,135
2005,Mississippi State,SEC,344
2005,Missouri,Big 12,142
2005,NC State,ACC,152
2005,Navy,FBS Independents,2426
2005,Nebraska,Big 12,158
2005,Nevada,Western Athletic,2440
2005,New Mexico,Mountain West,167
2005,New Mexico State,Western Athletic,166
2005,North Carolina,ACC,153
2005,North Texas,Sun Belt,249
2005,Northern Illinois,Mid-American,2459
2005,Northwestern,Big Ten,77
2005,Notre Dame,FBS Independents,87
2005,Ohio,Mid-American,195
2005,Ohio State,Big Ten,194
2005,Oklahoma,Big 12,201
2005,Oklahoma State,Big 12,197
2005,Ole Miss,SEC,145
2005,Oregon,Pac-10,2483
2005,Oregon State,Pac-10,204
2005,Penn State,Big Ten,213
2005,Pittsburgh,Big East,221
2005,Purdue,Big Ten,2509
2005,Rice,Conference USA,242
2005,Rutgers,Big East,164
2005,SMU,Conference USA,2567
2005,San Diego State,Mountain West,21
2005,San José State,Western Athletic,23
2005,South Carolina,SEC,2579
2005,South Florida,Big East,58
2005,Southern Miss,Conference USA,2572
2005,Stanford,Pac-10,24
2005,Syracuse,Big East,183
2005,TCU,Mountain West,2628
2005,Temple,FBS Independents,218
2005,Tennessee,SEC,2633
2005,Texas,Big 12,251
2005,Texas A&M,Big 12,245
2005,Texas Tech,Big 12,2641
2005,Toledo,Mid-American,2649
2005,Troy,Sun Belt,2653
2005,Tulane,Conference USA,2655
2005,Tulsa,Conference USA,202
2005,UAB,Conference USA,5
2005,UCF,Conference USA,2116
2005,UCLA,Pac-10,26
2005,UConn,Big East,41
2005,UL Monroe,Sun Belt,2433
2005,UNLV,Mountain West,2439
2005,USC,Pac-10,30
2005,UTEP,Conference USA,2638
2005,Utah,Mountain West,254
2005,Utah State,Western Athletic,328
2005,Vanderbilt,SEC,238
2005,Virginia,ACC,258
2005,Virginia Tech,ACC,259
2005,Wake Forest,ACC,154
2005,Washington,Pac-10,264
2005,Washington State,Pac-10,265
2005,West Virginia,Big East,277
2005,Western Michigan,Mid-American,2711
2005,Wisconsin,Big Ten,275
2005,Wyoming,Mountain West,2751
2006,Air Force,Mountain West,2005
2006,Akron,Mid-American,2006
2006,Alabama,SEC,333
2006,Arizona,Pac-10,12
2006,Arizona State,Pac-10,9
2006,Arkansas,SEC,8
2006,Arkansas State,Sun Belt,2032
2006,Army,FBS Independents,349
2006,Auburn,SEC,2
2006,BYU,Mountain West,252
2006,Ball State,Mid-American,2050
2006,Baylor,Big 12,239
2006,Boise State,Western Athletic,68
2006,Boston College,ACC,103
2006,Bowling Green,Mid-American,189
2006,Buffalo,Mid-American,2084
2006,California,Pac-10,25
2006,Central Michigan,Mid-American,2117
2006,Cincinnati,Big East,2132
2006,Clemson,ACC,228
2006,Colorado,Big 12,38
2006,Colorado State,Mountain West,36
2006,Duke,ACC,150
2006,East Carolina,Conference USA,151
2006,Eastern Michigan,Mid-American,2199
2006,Florida,SEC,57
2006,Florida Atlantic,Sun Belt,2226
2006,Florida International,Sun Belt,2229
2006,Florida State,ACC,52
2006,Fresno State,Western Athletic,278
2006,Georgia,SEC,61
2006,Georgia Tech,ACC,59
2006,Hawai'i,Western Athletic,62
2006,Houston,Conference USA,248
2006,Idaho,Western Athletic,70
2006,Illinois,Big Ten,356
2006,Indiana,Big Ten,84
2006,Iowa,Big Ten,2294
2006,Iowa State,Big 12,66
2006,Kansas,Big 12,2305
2006,Kansas State,Big 12,2306
2006,Kent State,Mid-American,2309
2006,Kentucky,SEC,96
2006,LSU,SEC,99
2006,Louisiana,Sun Belt,309
2006,Louisiana Tech,Western Athletic,2348
2006,Louisville,Big East,97
2006,Marshall,Conference USA,276
2006,Maryland,ACC,120
2006,Memphis,Conference USA,235
2006,Miami,ACC,2390
2006,Miami (OH),Mid-American,193
2006,Michigan,Big Ten,130
2006,Michigan State,Big Ten,127
2006,Middle Tennessee,Sun Belt,2393
2006,Minnesota,Big Ten,135
2006,Mississippi State,SEC,344
2006,Missouri,Big 12,142
2006,NC State,ACC,152
2006,Navy,FBS Independents,2426
2006,Nebraska,Big 12,158
2006,Nevada,Western Athletic,2440
2006,New Mexico,Mountain West,167
2006,New Mexico State,Western Athletic,166
2006,North Carolina,ACC,153
2006,North Texas,Sun Belt,249
2006,Northern Illinois,Mid-American,2459
2006,Northwestern,Big Ten,77
2006,Notre Dame,FBS Independents,87
2006,Ohio,Mid-American,195
2006,Ohio State,Big Ten,194
2006,Oklahoma,Big 12,201
2006,Oklahoma State,Big 12,197
2006,Ole Miss,SEC,145
2006,Oregon,Pac-10,2483
2006,Oregon State,Pac-10,204
2006,Penn State,Big Ten,213
2006,Pittsburgh,Big East,221
2006,Purdue,Big Ten,2509
2006,Rice,Conference USA,242
2006,Rutgers,Big East,164
2006,SMU,Conference USA,2567
2006,San Diego State,Mountain West,21
2006,San José State,Western Athletic,23
2006,South Carolina,SEC,2579
2006,South Florida,Big East,58
2006,Southern Miss,Conference USA,2572
2006,Stanford,Pac-10,24
2006,Syracuse,Big East,183
2006,TCU,Mountain West,2628
2006,Temple,FBS Independents,218
2006,Tennessee,SEC,2633
2006,Texas,Big 12,251
2006,Texas A&M,Big 12,245
2006,Texas Tech,Big 12,2641
2006,Toledo,Mid-American,2649
2006,Troy,Sun Belt,2653
2006,Tulane,Conference USA,2655
2006,Tulsa,Conference USA,202
2006,UAB,Conference USA,5
2006,UCF,Conference USA,2116
2006,UCLA,Pac-10,26
2006,UConn,Big East,41
2006,UL Monroe,Sun Belt,2433
2006,UNLV,Mountain West,2439
2006,USC,Pac-10,30
2006,UTEP,Conference USA,2638
2006,Utah,Mountain West,254
2006,Utah State,Western Athletic,328
2006,Vanderbilt,SEC,238
2006,Virginia,ACC,258
2006,Virginia Tech,ACC,259
2006,Wake Forest,ACC,154
2006,Washington,Pac-10,264
2006,Washington State,Pac-10,265
2006,West Virginia,Big East,277
2006,Western Michigan,Mid-American,2711
2006,Wisconsin,Big Ten,275
2006,Wyoming,Mountain West,2751
2007,Air Force,Mountain West,2005
2007,Akron,Mid-American,2006
2007,Alabama,SEC,333
2007,Arizona,Pac-10,12
2007,Arizona State,Pac-10,9
2007,Arkansas,SEC,8
2007,Arkansas State,Sun Belt,2032
2007,Army,FBS Independents,349
2007,Auburn,SEC,2
2007,BYU,Mountain West,252
2007,Ball State,Mid-American,2050
2007,Baylor,Big 12,239
2007,Boise State,Western Athletic,68
2007,Boston College,ACC,103
2007,Bowling Green,Mid-American,189
2007,Buffalo,Mid-American,2084
2007,California,Pac-10,25
2007,Central Michigan,Mid-American,2117
2007,Cincinnati,Big East,2132
2007,Clemson,ACC,228
2007,Colorado,Big 12,38
2007,Colorado State,Mountain West,36
2007,Duke,ACC,150
2007,East Carolina,Conference USA,151
2007,Eastern Michigan,Mid-American,2199
2007,Florida,SEC,57
2007,Florida Atlantic,Sun Belt,2226
2007,Florida International,Sun Belt,2229
2007,Florida State,ACC,52
2007,Fresno State,Western Athletic,278
2007,Georgia,SEC,61
2007,Georgia Tech,ACC,59
2007,Hawai'i,Western Athletic,62
2007,Houston,Conference USA,248
2007,Idaho,Western Athletic,70
2007,Illinois,Big Ten,356
2007,Indiana,Big Ten,84
2007,Iowa,Big Ten,2294
2007,Iowa State,Big 12,66
2007,Kansas,Big 12,2305
2007,Kansas State,Big 12,2306
2007,Kent State,Mid-American,2309
2007,Kentucky,SEC,96
2007,LSU,SEC,99
2007,Louisiana,Sun Belt,309
2007,Louisiana Tech,Western Athletic,2348
2007,Louisville,Big East,97
2007,Marshall,Conference USA,276
2007,Maryland,ACC,120
2007,Memphis,Conference USA,235
2007,Miami,ACC,2390
2007,Miami (OH),Mid-American,193
2007,Michigan,Big Ten,130
2007,Michigan State,Big Ten,127
2007,Middle Tennessee,Sun Belt,2393
2007,Minnesota,Big Ten,135
2007,Mississippi State,SEC,344
2007,Missouri,Big 12,142
2007,NC State,ACC,152
2007,Navy,FBS Independents,2426
2007,Nebraska,Big 12,158
2007,Nevada,Western Athletic,2440
2007,New Mexico,Mountain West,167
2007,New Mexico State,Western Athletic,166
2007,North Carolina,ACC,153
2007,North Texas,Sun Belt,249
2007,Northern Illinois,Mid-American,2459
2007,Northwestern,Big Ten,77
2007,Notre Dame,FBS Independents,87
2007,Ohio,Mid-American,195
2007,Ohio State,Big Ten,194
2007,Oklahoma,Big 12,201
2007,Oklahoma State,Big 12,197
2007,Ole Miss,SEC,145
2007,Oregon,Pac-10,2483
2007,Oregon State,Pac-10,204
2007,Penn State,Big Ten,213
2007,Pittsburgh,Big East,221
2007,Purdue,Big Ten,2509
2007,Rice,Conference USA,242
2007,Rutgers,Big East,164
2007,SMU,Conference USA,2567
2007,San Diego State,Mountain West,21
2007,San José State,Western Athletic,23
2007,South Carolina,SEC,2579
2007,South Florida,Big East,58
2007,Southern Miss,Conference USA,2572
2007,Stanford,Pac-10,24
2007,Syracuse,Big East,183
2007,TCU,Mountain West,2628
2007,Temple,Mid-American,218
2007,Tennessee,SEC,2633
2007,Texas,Big 12,251
2007,Texas A&M,Big 12,245
2007,Texas Tech,Big 12,2641
2007,Toledo,Mid-American,2649
2007,Troy,Sun Belt,2653
2007,Tulane,Conference USA,2655
2007,Tulsa,Conference USA,202
2007,UAB,Conference USA,5
2007,UCF,Conference USA,2116
2007,UCLA,Pac-10,26
2007,UConn,Big East,41
2007,UL Monroe,Sun Belt,2433
2007,UNLV,Mountain West,2439
2007,USC,Pac-10,30
2007,UTEP,Conference USA,2638
2007,Utah,Mountain West,254
2007,Utah State,Western Athletic,328
2007,Vanderbilt,SEC,238
2007,Virginia,ACC,258
2007,Virginia Tech,ACC,259
2007,Wake Forest,ACC,154
2007,Washington,Pac-10,264
2007,Washington State,Pac-10,265
2007,West Virginia,Big East,277
2007,Western Michigan,Mid-American,2711
2007,Wisconsin,Big Ten,275
2007,Wyoming,Mountain West,2751
2008,Air Force,Mountain West,2005
2008,Akron,Mid-American,2006
2008,Alabama,SEC,333
2008,Arizona,Pac-10,12
2008,Arizona State,Pac-10,9
2008,Arkansas,SEC,8
2008,Arkansas State,Sun Belt,2032
2008,Army,FBS Independents,349
2008,Auburn,SEC,2
2008,BYU,Mountain West,252
2008,Ball State,Mid-American,2050
2008,Baylor,Big 12,239
2008,Boise State,Western Athletic,68
2008,Boston College,ACC,103
2008,Bowling Green,Mid-American,189
2008,Buffalo,Mid-American,2084
2008,California,Pac-10,25
2008,Central Michigan,Mid-American,2117
2008,Cincinnati,Big East,2132
2008,Clemson,ACC,228
2008,Colorado,Big 12,38
2008,Colorado State,Mountain West,36
2008,Duke,ACC,150
2008,East Carolina,Conference USA,151
2008,Eastern Michigan,Mid-American,2199
2008,Florida,SEC,57
2008,Florida Atlantic,Sun Belt,2226
2008,Florida International,Sun Belt,2229
2008,Florida State,ACC,52
2008,Fresno State,Western Athletic,278
2008,Georgia,SEC,61
2008,Georgia Tech,ACC,59
2008,Hawai'i,Western Athletic,62
2008,Houston,Conference USA,248
2008,Idaho,Western Athletic,70
2008,Illinois,Big Ten,356
2008,Indiana,Big Ten,84
2008,Iowa,Big Ten,2294
2008,Iowa State,Big 12,66
2008,Kansas,Big 12,2305
2008,Kansas State,Big 12,2306
2008,Kent State,Mid-American,2309
2008,Kentucky,SEC,96
2008,LSU,SEC,99
2008,Louisiana,Sun Belt,309
2008,Louisiana Tech,Western Athletic,2348
2008,Louisville,Big East,97
2008,Marshall,Conference USA,276
2008,Maryland,ACC,120
2008,Memphis,Conference USA,235
2008,Miami,ACC,2390
2008,Miami (OH),Mid-American,193
2008,Michigan,Big Ten,130
2008,Michigan State,Big Ten,127
2008,Middle Tennessee,Sun Belt,2393
2008,Minnesota,Big Ten,135
2008,Mississippi State,SEC,344
2008,Missouri,Big 12,142
2008,NC State,ACC,152
2008,Navy,FBS Independents,2426
2008,Nebraska,Big 12,158
2008,Nevada,Western Athletic,2440
2008,New Mexico,Mountain West,167
2008,New Mexico State,Western Athletic,166
2008,North Carolina,ACC,153
2008,North Texas,Sun Belt,249
2008,Northern Illinois,Mid-American,2459
2008,Northwestern,Big Ten,77
2008,Notre Dame,FBS Independents,87
2008,Ohio,Mid-American,195
2008,Ohio State,Big Ten,194
2008,Oklahoma,Big 12,201
2008,Oklahoma State,Big 12,197
2008,Ole Miss,SEC,145
2008,Oregon,Pac-10,2483
2008,Oregon State,Pac-10,204
2008,Penn State,Big Ten,213
2008,Pittsburgh,Big East,221
2008,Purdue,Big Ten,2509
2008,Rice,Conference USA,242
2008,Rutgers,Big East,164
2008,SMU,Conference USA,2567
2008,San Diego State,Mountain West,21
2008,San José State,Western Athletic,23
2008,South Carolina,SEC,2579
2008,South Florida,Big East,58
2008,Southern Miss,Conference USA,2572
2008,Stanford,Pac-10,24
2008,Syracuse,Big East,183
2008,TCU,Mountain West,2628
2008,Temple,Mid-American,218
2008,Tennessee,SEC,2633
2008,Texas,Big 12,251
2008,Texas A&M,Big 12,245
2008,Texas Tech,Big 12,2641
2008,Toledo,Mid-American,2649
2008,Troy,Sun Belt,2653
2008,Tulane,Conference USA,2655
2008,Tulsa,Conference USA,202
2008,UAB,Conference USA,5
2008,UCF,Conference USA,2116
2008,UCLA,Pac-10,26
2008,UConn,Big East,41
2008,UL Monroe,Sun Belt,2433
2008,UNLV,Mountain West,2439
2008,USC,Pac-10,30
2008,UTEP,Conference USA,2638
2008,Utah,Mountain West,254
2008,Utah State,Western Athletic,328
2008,Vanderbilt,SEC,238
2008,Virginia,ACC,258
2008,Virginia Tech,ACC,259
2008,Wake Forest,ACC,154
2008,Washington,Pac-10,264
2008,Washington State,Pac-10,265
2008,West Virginia,Big East,277
2008,Western Kentucky,FBS Independents,98
2008,Western Michigan,Mid-American,2711
2008,Wisconsin,Big Ten,275
2008,Wyoming,Mountain West,2751
2009,Air Force,Mountain West,2005
2009,Akron,Mid-American,2006
2009,Alabama,SEC,333
2009,Arizona,Pac-10,12
2009,Arizona State,Pac-10,9
2009,Arkansas,SEC,8
2009,Arkansas State,Sun Belt,2032
2009,Army,FBS Independents,349
2009,Auburn,SEC,2
2009,BYU,Mountain West,252
2009,Ball State,Mid-American,2050
2009,Baylor,Big 12,239
2009,Boise State,Western Athletic,68
2009,Boston College,ACC,103
2009,Bowling Green,Mid-American,189
2009,Buffalo,Mid-American,2084
2009,California,Pac-10,25
2009,Central Michigan,Mid-American,2117
2009,Cincinnati,Big East,2132
2009,Clemson,ACC,228
2009,Colorado,Big 12,38
2009,Colorado State,Mountain West,36
2009,Duke,ACC,150
2009,East Carolina,Conference USA,151
2009,Eastern Michigan,Mid-American,2199
2009,Florida,SEC,57
2009,Florida Atlantic,Sun Belt,2226
2009,Florida International,Sun Belt,2229
2009,Florida State,ACC,52
2009,Fresno State,Western Athletic,278
2009,Georgia,SEC,61
2009,Georgia Tech,ACC,59
2009,Hawai'i,Western Athletic,62
2009,Houston,Conference USA,248
2009,Idaho,Western Athletic,70
2009,Illinois,Big Ten,356
2009,Indiana,Big Ten,84
2009,Iowa,Big Ten,2294
2009,Iowa State,Big 12,66
2009,Kansas,Big 12,2305
2009,Kansas State,Big 12,2306
2009,Kent State,Mid-American,2309
2009,Kentucky,SEC,96
2009,LSU,SEC,99
2009,Louisiana,Sun Belt,309
2009,Louisiana Tech,Western Athletic,2348
2009,Louisville,Big East,97
2009,Marshall,Conference USA,276
2009,Maryland,ACC,120
2009,Memphis,Conference USA,235
2009,Miami,ACC,2390
2009,Miami (OH),Mid-American,193
2009,Michigan,Big Ten,130
2009,Michigan State,Big Ten,127
2009,Middle Tennessee,Sun Belt,2393
2009,Minnesota,Big Ten,135
2009,Mississippi State,SEC,344
2009,Missouri,Big 12,142
2009,NC State,ACC,152
2009,Navy,FBS Independents,2426
2009,Nebraska,Big 12,158
2009,Nevada,Western Athletic,2440
2009,New Mexico,Mountain West,167
2009,New Mexico State,Western Athletic,166
2009,North Carolina,ACC,153
2009,North Texas,Sun Belt,249
2009,Northern Illinois,Mid-American,2459
2009,Northwestern,Big Ten,77
2009,Notre Dame,FBS Independents,87
2009,Ohio,Mid-American,195
2009,Ohio State,Big Ten,194
2009,Oklahoma,Big 12,201
2009,Oklahoma State,Big 12,197
2009,Ole Miss,SEC,145
2009,Oregon,Pac-10,2483
2009,Oregon State,Pac-10,204
2009,Penn State,Big Ten,213
2009,Pittsburgh,Big East,221
2009,Purdue,Big Ten,2509
2009,Rice,Conference USA,242
2009,Rutgers,Big East,164
2009,SMU,Conference USA,2567
2009,San Diego State,Mountain West,21
2009,San José State,Western Athletic,23
2009,South Carolina,SEC,2579
2009,South Florida,Big East,58
2009,Southern Miss,Conference USA,2572
2009,Stanford,Pac-10,24
2009,Syracuse,Big East,183
2009,TCU,Mountain West,2628
2009,Temple,Mid-American,218
2009,Tennessee,SEC,2633
2009,Texas,Big 12,251
2009,Texas A&M,Big 12,245
2009,Texas Tech,Big 12,2641
2009,Toledo,Mid-American,2649
2009,Troy,Sun Belt,2653
2009,Tulane,Conference USA,2655
2009,Tulsa,Conference USA,202
2009,UAB,Conference USA,5
2009,UCF,Conference USA,2116
2009,UCLA,Pac-10,26
2009,UConn,Big East,41
2009,UL Monroe,Sun Belt,2433
2009,UNLV,Mountain West,2439
2009,USC,Pac-10,30
2009,UTEP,Conference USA,2638
2009,Utah,Mountain West,254
2009,Utah State,Western Athletic,328
2009,Vanderbilt,SEC,238
2009,Virginia,ACC,258
2009,Virginia Tech,ACC,259
2009,Wake Forest,ACC,154
2009,Washington,Pac-10,264
2009,Washington State,Pac-10,265
2009,West Virginia,Big East,277
2009,Western Kentucky,Sun Belt,98
2009,Western Michigan,Mid-American,2711
2009,Wisconsin,Big Ten,275
2009,Wyoming,Mountain West,2751
2010,Air Force,Mountain West,2005
2010,Akron,Mid-American,2006
2010,Alabama,SEC,333
2010,Arizona,Pac-10,12
2010,Arizona State,Pac-10,9
2010,Arkansas,SEC,8
2010,Arkansas State,Sun Belt,2032
2010,Army,FBS Independents,349
2010,Auburn,SEC,2
2010,BYU,Mountain West,252
2010,Ball State,Mid-American,2050
2010,Baylor,Big 12,239
2010,Boise State,Western Athletic,68
2010,Boston College,ACC,103
2010,Bowling Green,Mid-American,189
2010,Buffalo,Mid-American,2084
2010,California,Pac-10,25
2010,Central Michigan,Mid-American,2117
2010,Cincinnati,Big East,2132
2010,Clemson,ACC,228
2010,Colorado,Big 12,38
2010,Colorado State,Mountain West,36
2010,Duke,ACC,150
2010,East Carolina,Conference USA,151
2010,Eastern Michigan,Mid-American,2199
2010,Florida,SEC,57
2010,Florida Atlantic,Sun Belt,2226
2010,Florida International,Sun Belt,2229
2010,Florida State,ACC,52
2010,Fresno State,Western Athletic,278
2010,Georgia,SEC,61
2010,Georgia Tech,ACC,59
2010,Hawai'i,Western Athletic,62
2010,Houston,Conference USA,248
2010,Idaho,Western Athletic,70
2010,Illinois,Big Ten,356
2010,Indiana,Big Ten,84
2010,Iowa,Big Ten,2294
2010,Iowa State,Big 12,66
2010,Kansas,Big 12,2305
2010,Kansas State,Big 12,2306
2010,Kent State,Mid-American,2309
2010,Kentucky,SEC,96
2010,LSU,SEC,99
2010,Louisiana,Sun Belt,309
2010,Louisiana Tech,Western Athletic,2348
2010,Louisville,Big East,97
2010,Marshall,Conference USA,276
2010,Maryland,ACC,120
2010,Memphis,Conference USA,235
2010,Miami,ACC,2390
2010,Miami (OH),Mid-American,193
2010,Michigan,Big Ten,130
2010,Michigan State,Big Ten,127
2010,Middle Tennessee,Sun Belt,2393
2010,Minnesota,Big Ten,135
2010,Mississippi State,SEC,344
2010,Missouri,Big 12,142
2010,NC State,ACC,152
2010,Navy,FBS Independents,2426
2010,Nebraska,Big 12,158
2010,Nevada,Western Athletic,2440
2010,New Mexico,Mountain West,167
2010,New Mexico State,Western Athletic,166
2010,North Carolina,ACC,153
2010,North Texas,Sun Belt,249
2010,Northern Illinois,Mid-American,2459
2010,Northwestern,Big Ten,77
2010,Notre Dame,FBS Independents,87
2010,Ohio,Mid-American,195
2010,Ohio State,Big Ten,194
2010,Oklahoma,Big 12,201
2010,Oklahoma State,Big 12,197
2010,Ole Miss,SEC,145
2010,Oregon,Pac-10,2483
2010,Oregon State,Pac-10,204
2010,Penn State,Big Ten,213
2010,Pittsburgh,Big East,221
2010,Purdue,Big Ten,2509
2010,Rice,Conference USA,242
2010,Rutgers,Big East,164
2010,SMU,Conference USA,2567
2010,San Diego State,Mountain West,21
2010,San José State,Western Athletic,23
2010,South Carolina,SEC,2579
2010,South Florida,Big East,58
2010,Southern Miss,Conference USA,2572
2010,Stanford,Pac-10,24
2010,Syracuse,Big East,183
2010,TCU,Mountain West,2628
2010,Temple,Mid-American,218
2010,Tennessee,SEC,2633
2010,Texas,Big 12,251
2010,Texas A&M,Big 12,245
2010,Texas Tech,Big 12,2641
2010,Toledo,Mid-American,2649
2010,Troy,Sun Belt,2653
2010,Tulane,Conference USA,2655
2010,Tulsa,Conference USA,202
2010,UAB,Conference USA,5
2010,UCF,Conference USA,2116
2010,UCLA,Pac-10,26
2010,UConn,Big East,41
2010,UL Monroe,Sun Belt,2433
2010,UNLV,Mountain West,2439
2010,USC,Pac-10,30
2010,UTEP,Conference USA,2638
2010,Utah,Mountain West,254
2010,Utah State,Western Athletic,328
2010,Vanderbilt,SEC,238
2010,Virginia,ACC,258
2010,Virginia Tech,ACC,259
2010,Wake Forest,ACC,154
2010,Washington,Pac-10,264
2010,Washington State,Pac-10,265
2010,West Virginia,Big East,277
2010,Western Kentucky,Sun Belt,98
2010,Western Michigan,Mid-American,2711
2010,Wisconsin,Big Ten,275
2010,Wyoming,Mountain West,2751
2011,Air Force,Mountain West,2005
2011,Akron,Mid-American,2006
2011,Alabama,SEC,333
2011,Arizona,Pac-12,12
2011,Arizona State,Pac-12,9
2011,Arkansas,SEC,8
2011,Arkansas State,Sun Belt,2032
2011,Army,FBS Independents,349
2011,Auburn,SEC,2
2011,BYU,FBS Independents,252
2011,Ball State,Mid-American,2050
2011,Baylor,Big 12,239
2011,Boise State,Mountain West,68
2011,Boston College,ACC,103
2011,Bowling Green,Mid-American,189
2011,Buffalo,Mid-American,2084
2011,California,Pac-12,25
2011,Central Michigan,Mid-American,2117
2011,Cincinnati,Big East,2132
2011,Clemson,ACC,228
2011,Colorado,Pac-12,38
2011,Colorado State,Mountain West,36
2011,Duke,ACC,150
2011,East Carolina,Conference USA,151
2011,Eastern Michigan,Mid-American,2199
2011,Florida,SEC,57
2011,Florida Atlantic,Sun Belt,2226
2011,Florida International,Sun Belt,2229
2011,Florida State,ACC,52
2011,Fresno State,Western Athletic,278
2011,Georgia,SEC,61
2011,Georgia Tech,ACC,59
2011,Hawai'i,Western Athletic,62
2011,Houston,Conference USA,248
2011,Idaho,Western Athletic,70
2011,Illinois,Big Ten,356
2011,Indiana,Big Ten,84
2011,Iowa,Big Ten,2294
2011,Iowa State,Big 12,66
2011,Kansas,Big 12,2305
2011,Kansas State,Big 12,2306
2011,Kent State,Mid-American,2309
2011,Kentucky,SEC,96
2011,LSU,SEC,99
2011,Louisiana,Sun Belt,309
2011,Louisiana Tech,Western Athletic,2348
2011,Louisville,Big East,97
2011,Marshall,Conference USA,276
2011,Maryland,ACC,120
2011,Memphis,Conference USA,235
2011,Miami,ACC,2390
2011,Miami (OH),Mid-American,193
2011,Michigan,Big Ten,130
2011,Michigan State,Big Ten,127
2011,Middle Tennessee,Sun Belt,2393
2011,Minnesota,Big Ten,135
2011,Mississippi State,SEC,344
2011,Missouri,Big 12,142
2011,NC State,ACC,152
2011,Navy,FBS Independents,2426
2011,Nebraska,Big Ten,158
2011,Nevada,Western Athletic,2440
2011,New Mexico,Mountain West,167
2011,New Mexico State,Western Athletic,166
2011,North Carolina,ACC,153
2011,North Texas,Sun Belt,249
2011,Northern Illinois,Mid-American,2459
2011,Northwestern,Big Ten,77
2011,Notre Dame,FBS Independents,87
2011,Ohio,Mid-American,195
2011,Ohio State,Big Ten,194
2011,Oklahoma,Big 12,201
2011,Oklahoma State,Big 12,197
2011,Ole Miss,SEC,145
2011,Oregon,Pac-12,2483
2011,Oregon State,Pac-12,204
2011,Penn State,Big Ten,213
2011,Pittsburgh,Big East,221
2011,Purdue,Big Ten,2509
2011,Rice,Conference USA,242
2011,Rutgers,Big East,164
2011,SMU,Conference USA,2567
2011,San Diego State,Mountain West,21
2011,San José State,Western Athletic,23
2011,South Carolina,SEC,2579
2011,South Florida,Big East,58
2011,Southern Miss,Conference USA,2572
2011,Stanford,Pac-12,24
2011,Syracuse,Big East,183
2011,TCU,Mountain West,2628
2011,Temple,Mid-American,218
2011,Tennessee,SEC,2633
2011,Texas,Big 12,251
2011,Texas A&M,Big 12,245
2011,Texas Tech,Big 12,2641
2011,Toledo,Mid-American,2649
2011,Troy,Sun Belt,2653
2011,Tulane,Conference USA,2655
2011,Tulsa,Conference USA,202
2011,UAB,Conference USA,5
2011,UCF,Conference USA,2116
2011,UCLA,Pac-12,26
2011,UConn,Big East,41
2011,UL Monroe,Sun Belt,2433
2011,UNLV,Mountain West,2439
2011,USC,Pac-12,30
2011,UTEP,Conference USA,2638
2011,Utah,Pac-12,254
2011,Utah State,Western Athletic,328
2011,Vanderbilt,SEC,238
2011,Virginia,ACC,258
2011,Virginia Tech,ACC,259
2011,Wake Forest,ACC,154
2011,Washington,Pac-12,264
2011,Washington State,Pac-12,265
2011,West Virginia,Big East,277
2011,Western Kentucky,Sun Belt,98
2011,Western Michigan,Mid-American,2711
2011,Wisconsin,Big Ten,275
2011,Wyoming,Mountain West,2751
2012,Air Force,Mountain West,2005
2012,Akron,Mid-American,2006
2012,Alabama,SEC,333
2012,Arizona,Pac-12,12
2012,Arizona State,Pac-12,9
2012,Arkansas,SEC,8
2012,Arkansas State,Sun Belt,2032
2012,Army,FBS Independents,349
2012,Auburn,SEC,2
2012,BYU,FBS Independents,252
2012,Ball State,Mid-American,2050
2012,Baylor,Big 12,239
2012,Boise State,Mountain West,68
2012,Boston College,ACC,103
2012,Bowling Green,Mid-American,189
2012,Buffalo,Mid-American,2084
2012,California,Pac-12,25
2012,Central Michigan,Mid-American,2117
2012,Cincinnati,Big East,2132
2012,Clemson,ACC,228
2012,Colorado,Pac-12,38
2012,Colorado State,Mountain West,36
2012,Duke,ACC,150
2012,East Carolina,Conference USA,151
2012,Eastern Michigan,Mid-American,2199
2012,Florida,SEC,57
2012,Florida Atlantic,Sun Belt,2226
2012,Florida International,Sun Belt,2229
2012,Florida State,ACC,52
2012,Fresno State,Mountain West,278
2012,Georgia,SEC,61
2012,Georgia Tech,ACC,59
2012,Hawai'i,Mountain West,62
2012,Houston,Conference USA,248
2012,Idaho,Western Athletic,70
2012,Illinois,Big Ten,356
2012,Indiana,Big Ten,84
2012,Iowa,Big Ten,2294
2012,Iowa State,Big 12,66
2012,Kansas,Big 12,2305
2012,Kansas State,Big 12,2306
2012,Kent State,Mid-American,2309
2012,Kentucky,SEC,96
2012,LSU,SEC,99
2012,Louisiana,Sun Belt,309
2012,Louisiana Tech,Western Athletic,2348
2012,Louisville,Big East,97
2012,Marshall,Conference USA,276
2012,Maryland,ACC,120
2012,Massachusetts,Mid-American,113
2012,Memphis,Conference USA,235
2012,Miami,ACC,2390
2012,Miami (OH),Mid-American,193
2012,Michigan,Big Ten,130
2012,Michigan State,Big Ten,127
2012,Middle Tennessee,Sun Belt,2393
2012,Minnesota,Big Ten,135
2012,Mississippi State,SEC,344
2012,Missouri,SEC,142
2012,NC State,ACC,152
2012,Navy,FBS Independents,2426
2012,Nebraska,Big Ten,158
2012,Nevada,Mountain West,2440
2012,New Mexico,Mountain West,167
2012,New Mexico State,Western Athletic,166
2012,North Carolina,ACC,153
2012,North Texas,Sun Belt,249
2012,Northern Illinois,Mid-American,2459
2012,Northwestern,Big Ten,77
2012,Notre Dame,FBS Independents,87
2012,Ohio,Mid-American,195
2012,Ohio State,Big Ten,194
2012,Oklahoma,Big 12,201
2012,Oklahoma State,Big 12,197
2012,Ole Miss,SEC,145
2012,Oregon,Pac-12,2483
2012,Oregon State,Pac-12,204
2012,Penn State,Big Ten,213
2012,Pittsburgh,Big East,221
2012,Purdue,Big Ten,2509
2012,Rice,Conference USA,242
2012,Rutgers,Big East,164
2012,SMU,Conference USA,2567
2012,San Diego State,Mountain West,21
2012,San José State,Western Athletic,23
2012,South Alabama,Sun Belt,6
2012,South Carolina,SEC,2579
2012,South Florida,Big East,58
2012,Southern Miss,Conference USA,2572
2012,Stanford,Pac-12,24
2012,Syracuse,Big East,183
2012,TCU,Big 12,2628
2012,Temple,Big East,218
2012,Tennessee,SEC,2633
2012,Texas,Big 12,251
2012,Texas A&M,SEC,245
2012,Texas State,Western Athletic,326
2012,Texas Tech,Big 12,2641
2012,Toledo,Mid-American,2649
2012,Troy,Sun Belt,2653
2012,Tulane,Conference USA,2655
2012,Tulsa,Conference USA,202
2012,UAB,Conference USA,5
2012,UCF,Conference USA,2116
2012,UCLA,Pac-12,26
2012,UConn,Big East,41
2012,UL Monroe,Sun Belt,2433
2012,UNLV,Mountain West,2439
2012,USC,Pac-12,30
2012,UTEP,Conference USA,2638
2012,UTSA,Western Athletic,2636
2012,Utah,Pac-12,254
2012,Utah State,Western Athletic,328
2012,Vanderbilt,SEC,238
2012,Virginia,ACC,258
2012,Virginia Tech,ACC,259
2012,Wake Forest,ACC,154
2012,Washington,Pac-12,264
2012,Washington State,Pac-12,265
2012,West Virginia,Big 12,277
2012,Western Kentucky,Sun Belt,98
2012,Western Michigan,Mid-American,2711
2012,Wisconsin,Big Ten,275
2012,Wyoming,Mountain West,2751
2013,Air Force,Mountain West,2005
2013,Akron,Mid-American,2006
2013,Alabama,SEC,333
2013,Arizona,Pac-12,12
2013,Arizona State,Pac-12,9
2013,Arkansas,SEC,8
2013,Arkansas State,Sun Belt,2032
2013,Army,FBS Independents,349
2013,Auburn,SEC,2
2013,BYU,FBS Independents,252
2013,Ball State,Mid-American,2050
2013,Baylor,Big 12,239
2013,Boise State,Mountain West,68
2013,Boston College,ACC,103
2013,Bowling Green,Mid-American,189
2013,Buffalo,Mid-American,2084
2013,California,Pac-12,25
2013,Central Michigan,Mid-American,2117
2013,Cincinnati,American Athletic,2132
2013,Clemson,ACC,228
2013,Colorado,Pac-12,38
2013,Colorado State,Mountain West,36
2013,Duke,ACC,150
2013,East Carolina,Conference USA,151
2013,Eastern Michigan,Mid-American,2199
2013,Florida,SEC,57
2013,Florida Atlantic,Conference USA,2226
2013,Florida International,Conference USA,2229
2013,Florida State,ACC,52
2013,Fresno State,Mountain West,278
2013,Georgia,SEC,61
2013,Georgia State,Sun Belt,2247
2013,Georgia Tech,ACC,59
2013,Hawai'i,Mountain West,62
2013,Houston,American Athletic,248
2013,Idaho,FBS Independents,70
2013,Illinois,Big Ten,356
2013,Indiana,Big Ten,84
2013,Iowa,Big Ten,2294
2013,Iowa State,Big 12,66
2013,Kansas,Big 12,2305
2013,Kansas State,Big 12,2306
2013,Kent State,Mid-American,2309
2013,Kentucky,SEC,96
2013,LSU,SEC,99
2013,Louisiana,Sun Belt,309
2013,Louisiana Tech,Conference USA,2348
2013,Louisville,American Athletic,97
2013,Marshall,Conference USA,276
2013,Maryland,ACC,120
2013,Massachusetts,Mid-American,113
2013,Memphis,American Athletic,235
2013,Miami,ACC,2390
2013,Miami (OH),Mid-American,193
2013,Michigan,Big Ten,130
2013,Michigan State,Big Ten,127
2013,Middle Tennessee,Conference USA,2393
2013,Minnesota,Big Ten,135
2013,Mississippi State,SEC,344
2013,Missouri,SEC,142
2013,NC State,ACC,152
2013,Navy,FBS Independents,2426
2013,Nebraska,Big Ten,158
2013,Nevada,Mountain West,2440
2013,New Mexico,Mountain West,167
2013,New Mexico State,FBS Independents,166
2013,North Carolina,ACC,153
2013,North Texas,Conference USA,249
2013,Northern Illinois,Mid-American,2459
2013,Northwestern,Big Ten,77
2013,Notre Dame,FBS Independents,87
2013,Ohio,Mid-American,195
2013,Ohio State,Big Ten,194
2013,Oklahoma,Big 12,201
2013,Oklahoma State,Big 12,197
2013,Ole Miss,SEC,145
2013,Oregon,Pac-12,2483
2013,Oregon State,Pac-12,204
2013,Penn State,Big Ten,213
2013,Pittsburgh,ACC,221
2013,Purdue,Big Ten,2509
2013,Rice,Conference USA,242
2013,Rutgers,American Athletic,164
2013,SMU,American Athletic,2567
2013,San Diego State,Mountain West,21
2013,San José State,Mountain West,23
2013,South Alabama,Sun Belt,6
2013,South Carolina,SEC,2579
2013,South Florida,American Athletic,58
2013,Southern Miss,Conference USA,2572
2013,Stanford,Pac-12,24
2013,Syracuse,ACC,183
2013,TCU,Big 12,2628
2013,Temple,American Athletic,218
2013,Tennessee,SEC,2633
2013,Texas,Big 12,251
2013,Texas A&M,SEC,245
2013,Texas State,Sun Belt,326
2013,Texas Tech,Big 12,2641
2013,Toledo,Mid-American,2649
2013,Troy,Sun Belt,2653
2013,Tulane,Conference USA,2655
2013,Tulsa,Conference USA,202
2013,UAB,Conference USA,5
2013,UCF,American Athletic,2116
2013,UCLA,Pac-12,26
2013,UConn,American Athletic,41
2013,UL Monroe,Sun Belt,2433
2013,UNLV,Mountain West,2439
2013,USC,Pac-12,30
2013,UTEP,Conference USA,2638
2013,UTSA,Conference USA,2636
2013,Utah,Pac-12,254
2013,Utah State,Mountain West,328
2013,Vanderbilt,SEC,238
2013,Virginia,ACC,258
2013,Virginia Tech,ACC,259
2013,Wake Forest,ACC,154
2013,Washington,Pac-12,264
2013,Washington State,Pac-12,265
2013,West Virginia,Big 12,277
2013,Western Kentucky,Sun Belt,98
2013,Western Michigan,Mid-American,2711
2013,Wisconsin,Big Ten,275
2013,Wyoming,Mountain West,2751
2014,Air Force,Mountain West,2005
2014,Akron,Mid-American,2006
2014,Alabama,SEC,333
2014,App State,Sun Belt,2026
2014,Arizona,Pac-12,12
2014,Arizona State,Pac-12,9
2014,Arkansas,SEC,8
2014,Arkansas State,Sun Belt,2032
2014,Army,FBS Independents,349
2014,Auburn,SEC,2
2014,BYU,FBS Independents,252
2014,Ball State,Mid-American,2050
2014,Baylor,Big 12,239
2014,Boise State,Mountain West,68
2014,Boston College,ACC,103
2014,Bowling Green,Mid-American,189
2014,Buffalo,Mid-American,2084
2014,California,Pac-12,25
2014,Central Michigan,Mid-American,2117
2014,Cincinnati,American Athletic,2132
2014,Clemson,ACC,228
2014,Colorado,Pac-12,38
2014,Colorado State,Mountain West,36
2014,Duke,ACC,150
2014,East Carolina,American Athletic,151
2014,Eastern Michigan,Mid-American,2199
2014,Florida,SEC,57
2014,Florida Atlantic,Conference USA,2226
2014,Florida International,Conference USA,2229
2014,Florida State,ACC,52
2014,Fresno State,Mountain West,278
2014,Georgia,SEC,61
2014,Georgia Southern,Sun Belt,290
2014,Georgia State,Sun Belt,2247
2014,Georgia Tech,ACC,59
2014,Hawai'i,Mountain West,62
2014,Houston,American Athletic,248
2014,Idaho,Sun Belt,70
2014,Illinois,Big Ten,356
2014,Indiana,Big Ten,84
2014,Iowa,Big Ten,2294
2014,Iowa State,Big 12,66
2014,Kansas,Big 12,2305
2014,Kansas State,Big 12,2306
2014,Kent State,Mid-American,2309
2014,Kentucky,SEC,96
2014,LSU,SEC,99
2014,Louisiana,Sun Belt,309
2014,Louisiana Tech,Conference USA,2348
2014,Louisville,ACC,97
2014,Marshall,Conference USA,276
2014,Maryland,Big Ten,120
2014,Massachusetts,Mid-American,113
2014,Memphis,American Athletic,235
2014,Miami,ACC,2390
2014,Miami (OH),Mid-American,193
2014,Michigan,Big Ten,130
2014,Michigan State,Big Ten,127
2014,Middle Tennessee,Conference USA,2393
2014,Minnesota,Big Ten,135
2014,Mississippi State,SEC,344
2014,Missouri,SEC,142
2014,NC State,ACC,152
2014,Navy,FBS Independents,2426
2014,Nebraska,Big Ten,158
2014,Nevada,Mountain West,2440
2014,New Mexico,Mountain West,167
2014,New Mexico State,Sun Belt,166
2014,North Carolina,ACC,153
2014,North Texas,Conference USA,249
2014,Northern Illinois,Mid-American,2459
2014,Northwestern,Big Ten,77
2014,Notre Dame,FBS Independents,87
2014,Ohio,Mid-American,195
2014,Ohio State,Big Ten,194
2014,Oklahoma,Big 12,201
2014,Oklahoma State,Big 12,197
2014,Old Dominion,Conference USA,295
2014,Ole Miss,SEC,145
2014,Oregon,Pac-12,2483
2014,Oregon State,Pac-12,204
2014,Penn State,Big Ten,213
2014,Pittsburgh,ACC,221
2014,Purdue,Big Ten,2509
2014,Rice,Conference USA,242
2014,Rutgers,Big Ten,164
2014,SMU,American Athletic,2567
2014,San Diego State,Mountain West,21
2014,San José State,Mountain West,23
2014,South Alabama,Sun Belt,6
2014,South Carolina,SEC,2579
2014,South Florida,American Athletic,58
2014,Southern Miss,Conference USA,2572
2014,Stanford,Pac-12,24
2014,Syracuse,ACC,183
2014,TCU,Big 12,2628
2014,Temple,American Athletic,218
2014,Tennessee,SEC,2633
2014,Texas,Big 12,251
2014,Texas A&M,SEC,245
2014,Texas State,Sun Belt,326
2014,Texas Tech,Big 12,2641
2014,Toledo,Mid-American,2649
2014,Troy,Sun Belt,2653
2014,Tulane,American Athletic,2655
2014,Tulsa,American Athletic,202
2014,UAB,Conference USA,5
2014,UCF,American Athletic,2116
2014,UCLA,Pac-12,26
2014,UConn,American Athletic,41
2014,UL Monroe,Sun Belt,2433
2014,UNLV,Mountain West,2439
2014,USC,Pac-12,30
2014,UTEP,Conference USA,2638
2014,UTSA,Conference USA,2636
2014,Utah,Pac-12,254
2014,Utah State,Mountain West,328
2014,Vanderbilt,SEC,238
2014,Virginia,ACC,258
2014,Virginia Tech,ACC,259
2014,Wake Forest,ACC,154
2014,Washington,Pac-12,264
2014,Washington State,Pac-12,265
2014,West Virginia,Big 12,277
2014,Western Kentucky,Conference USA,98
2014,Western Michigan,Mid-American,2711
2014,Wisconsin,Big Ten,275
2014,Wyoming,Mountain West,2751
2015,Air Force,Mountain West,2005
2015,Akron,Mid-American,2006
2015,Alabama,SEC,333
2015,App State,Sun Belt,2026
2015,Arizona,Pac-12,12
2015,Arizona State,Pac-12,9
2015,Arkansas,SEC,8
2015,Arkansas State,Sun Belt,2032
2015,Army,FBS Independents,349
2015,Auburn,SEC,2
2015,BYU,FBS Independents,252
2015,Ball State,Mid-American,2050
2015,Baylor,Big 12,239
2015,Boise State,Mountain West,68
2015,Boston College,ACC,103
2015,Bowling Green,Mid-American,189
2015,Buffalo,Mid-American,2084
2015,California,Pac-12,25
2015,Central Michigan,Mid-American,2117
2015,Charlotte,Conference USA,2429
2015,Cincinnati,American Athletic,2132
2015,Clemson,ACC,228
2015,Colorado,Pac-12,38
2015,Colorado State,Mountain West,36
2015,Duke,ACC,150
2015,East Carolina,American Athletic,151
2015,Eastern Michigan,Mid-American,2199
2015,Florida,SEC,57
2015,Florida Atlantic,Conference USA,2226
2015,Florida International,Conference USA,2229
2015,Florida State,ACC,52
2015,Fresno State,Mountain West,278
2015,Georgia,SEC,61
2015,Georgia Southern,Sun Belt,290
2015,Georgia State,Sun Belt,2247
2015,Georgia Tech,ACC,59
2015,Hawai'i,Mountain West,62
2015,Houston,American Athletic,248
2015,Idaho,Sun Belt,70
2015,Illinois,Big Ten,356
2015,Indiana,Big Ten,84
2015,Iowa,Big Ten,2294
2015,Iowa State,Big 12,66
2015,Kansas,Big 12,2305
2015,Kansas State,Big 12,2306
2015,Kent State,Mid-American,2309
2015,Kentucky,SEC,96
2015,LSU,SEC,99
2015,Louisiana,Sun Belt,309
2015,Louisiana Tech,Conference USA,2348
2015,Louisville,ACC,97
2015,Marshall,Conference USA,276
2015,Maryland,Big Ten,120
2015,Massachusetts,Mid-American,113
2015,Memphis,American Athletic,235
2015,Miami,ACC,2390
2015,Miami (OH),Mid-American,193
2015,Michigan,Big Ten,130
2015,Michigan State,Big Ten,127
2015,Middle Tennessee,Conference USA,2393
2015,Minnesota,Big Ten,135
2015,Mississippi State,SEC,344
2015,Missouri,SEC,142
2015,NC State,ACC,152
2015,Navy,American Athletic,2426
2015,Nebraska,Big Ten,158
2015,Nevada,Mountain West,2440
2015,New Mexico,Mountain West,167
2015,New Mexico State,Sun Belt,166
2015,North Carolina,ACC,153
2015,North Texas,Conference USA,249
2015,Northern Illinois,Mid-American,2459
2015,Northwestern,Big Ten,77
2015,Notre Dame,FBS Independents,87
2015,Ohio,Mid-American,195
2015,Ohio State,Big Ten,194
2015,Oklahoma,Big 12,201
2015,Oklahoma State,Big 12,197
2015,Old Dominion,Conference USA,295
2015,Ole Miss,SEC,145
2015,Oregon,Pac-12,2483
2015,Oregon State,Pac-12,204
2015,Penn State,Big Ten,213
2015,Pittsburgh,ACC,221
2015,Purdue,Big Ten,2509
2015,Rice,Conference USA,242
2015,Rutgers,Big Ten,164
2015,SMU,American Athletic,2567
2015,San Diego State,Mountain West,21
2015,San José State,Mountain West,23
2015,South Alabama,Sun Belt,6
2015,South Carolina,SEC,2579
2015,South Florida,American Athletic,58
2015,Southern Miss,Conference USA,2572
2015,Stanford,Pac-12,24
2015,Syracuse,ACC,183
2015,TCU,Big 12,2628
2015,Temple,American Athletic,218
2015,Tennessee,SEC,2633
2015,Texas,Big 12,251
2015,Texas A&M,SEC,245
2015,Texas State,Sun Belt,326
2015,Texas Tech,Big 12,2641
2015,Toledo,Mid-American,2649
2015,Troy,Sun Belt,2653
2015,Tulane,American Athletic,2655
2015,Tulsa,American Athletic,202
2015,UCF,American Athletic,2116
2015,UCLA,Pac-12,26
2015,UConn,American Athletic,41
2015,UL Monroe,Sun Belt,2433
2015,UNLV,Mountain West,2439
2015,USC,Pac-12,30
2015,UTEP,Conference USA,2638
2015,UTSA,Conference USA,2636
2015,Utah,Pac-12,254
2015,Utah State,Mountain West,328
2015,Vanderbilt,SEC,238
2015,Virginia,ACC,258
2015,Virginia Tech,ACC,259
2015,Wake Forest,ACC,154
2015,Washington,Pac-12,264
2015,Washington State,Pac-12,265
2015,West Virginia,Big 12,277
2015,Western Kentucky,Conference USA,98
2015,Western Michigan,Mid-American,2711
2015,Wisconsin,Big Ten,275
2015,Wyoming,Mountain West,2751
2016,Air Force,Mountain West,2005
2016,Akron,Mid-American,2006
2016,Alabama,SEC,333
2016,App State,Sun Belt,2026
2016,Arizona,Pac-12,12
2016,Arizona State,Pac-12,9
2016,Arkansas,SEC,8
2016,Arkansas State,Sun Belt,2032
2016,Army,FBS Independents,349
2016,Auburn,SEC,2
2016,BYU,FBS Independents,252
2016,Ball State,Mid-American,2050
2016,Baylor,Big 12,239
2016,Boise State,Mountain West,68
2016,Boston College,ACC,103
2016,Bowling Green,Mid-American,189
2016,Buffalo,Mid-American,2084
2016,California,Pac-12,25
2016,Central Michigan,Mid-American,2117
2016,Charlotte,Conference USA,2429
2016,Cincinnati,American Athletic,2132
2016,Clemson,ACC,228
2016,Colorado,Pac-12,38
2016,Colorado State,Mountain West,36
2016,Duke,ACC,150
2016,East Carolina,American Athletic,151
2016,Eastern Michigan,Mid-American,2199
2016,Florida,SEC,57
2016,Florida Atlantic,Conference USA,2226
2016,Florida International,Conference USA,2229
2016,Florida State,ACC,52
2016,Fresno State,Mountain West,278
2016,Georgia,SEC,61
2016,Georgia Southern,Sun Belt,290
2016,Georgia State,Sun Belt,2247
2016,Georgia Tech,ACC,59
2016,Hawai'i,Mountain West,62
2016,Houston,American Athletic,248
2016,Idaho,Sun Belt,70
2016,Illinois,Big Ten,356
2016,Indiana,Big Ten,84
2016,Iowa,Big Ten,2294
2016,Iowa State,Big 12,66
2016,Kansas,Big 12,2305
2016,Kansas State,Big 12,2306
2016,Kent State,Mid-American,2309
2016,Kentucky,SEC,96
2016,LSU,SEC,99
2016,Louisiana,Sun Belt,309
2016,Louisiana Tech,Conference USA,2348
2016,Louisville,ACC,97
2016,Marshall,Conference USA,276
2016,Maryland,Big Ten,120
2016,Massachusetts,FBS Independents,113
2016,Memphis,American Athletic,235
2016,Miami,ACC,2390
2016,Miami (OH),Mid-American,193
2016,Michigan,Big Ten,130
2016,Michigan State,Big Ten,127
2016,Middle Tennessee,Conference USA,2393
2016,Minnesota,Big Ten,135
2016,Mississippi State,SEC,344
2016,Missouri,SEC,142
2016,NC State,ACC,152
2016,Navy,American Athletic,2426
2016,Nebraska,Big Ten,158
2016,Nevada,Mountain West,2440
2016,New Mexico,Mountain West,167
2016,New Mexico State,Sun Belt,166
2016,North Carolina,ACC,153
2016,North Texas,Conference USA,249
2016,Northern Illinois,Mid-American,2459
2016,Northwestern,Big Ten,77
2016,Notre Dame,FBS Independents,87
2016,Ohio,Mid-American,195
2016,Ohio State,Big Ten,194
2016,Oklahoma,Big 12,201
2016,Oklahoma State,Big 12,197
2016,Old Dominion,Conference USA,295
2016,Ole Miss,SEC,145
2016,Oregon,Pac-12,2483
2016,Oregon State,Pac-12,204
2016,Penn State,Big Ten,213
2016,Pittsburgh,ACC,221
2016,Purdue,Big Ten,2509
2016,Rice,Conference USA,242
2016,Rutgers,Big Ten,164
2016,SMU,American Athletic,2567
2016,San Diego State,Mountain West,21
2016,San José State,Mountain West,23
2016,South Alabama,Sun Belt,6
2016,South Carolina,SEC,2579
2016,South Florida,American Athletic,58
2016,Southern Miss,Conference USA,2572
2016,Stanford,Pac-12,24
2016,Syracuse,ACC,183
2016,TCU,Big 12,2628
2016,Temple,American Athletic,218
2016,Tennessee,SEC,2633
2016,Texas,Big 12,251
2016,Texas A&M,SEC,245
2016,Texas State,Sun Belt,326
2016,Texas Tech,Big 12,2641
2016,Toledo,Mid-American,2649
2016,Troy,Sun Belt,2653
2016,Tulane,American Athletic,2655
2016,Tulsa,American Athletic,202
2016,UCF,American Athletic,2116
2016,UCLA,Pac-12,26
2016,UConn,American Athletic,41
2016,UL Monroe,Sun Belt,2433
2016,UNLV,Mountain West,2439
2016,USC,Pac-12,30
2016,UTEP,Conference USA,2638
2016,UTSA,Conference USA,2636
2016,Utah,Pac-12,254
2016,Utah State,Mountain West,328
2016,Vanderbilt,SEC,238
2016,Virginia,ACC,258
2016,Virginia Tech,ACC,259
2016,Wake Forest,ACC,154
2016,Washington,Pac-12,264
2016,Washington State,Pac-12,265
2016,West Virginia,Big 12,277
2016,Western Kentucky,Conference USA,98
2016,Western Michigan,Mid-American,2711
2016,Wisconsin,Big Ten,275
2016,Wyoming,Mountain West,2751
2017,Air Force,Mountain West,2005
2017,Akron,Mid-American,2006
2017,Alabama,SEC,333
2017,App State,Sun Belt,2026
2017,Arizona,Pac-12,12
2017,Arizona State,Pac-12,9
2017,Arkansas,SEC,8
2017,Arkansas State,Sun Belt,2032
2017,Army,FBS Independents,349
2017,Auburn,SEC,2
2017,BYU,FBS Independents,252
2017,Ball State,Mid-American,2050
2017,Baylor,Big 12,239
2017,Boise State,Mountain West,68
2017,Boston College,ACC,103
2017,Bowling Green,Mid-American,189
2017,Buffalo,Mid-American,2084
2017,California,Pac-12,25
2017,Central Michigan,Mid-American,2117
2017,Charlotte,Conference USA,2429
2017,Cincinnati,American Athletic,2132
2017,Clemson,ACC,228
2017,Coastal Carolina,Sun Belt,324
2017,Colorado,Pac-12,38
2017,Colorado State,Mountain West,36
2017,Duke,ACC,150
2017,East Carolina,American Athletic,151
2017,Eastern Michigan,Mid-American,2199
2017,Florida,SEC,57
2017,Florida Atlantic,Conference USA,2226
2017,Florida International,Conference USA,2229
2017,Florida State,ACC,52
2017,Fresno State,Mountain West,278
2017,Georgia,SEC,61
2017,Georgia Southern,Sun Belt,290
2017,Georgia State,Sun Belt,2247
2017,Georgia Tech,ACC,59
2017,Hawai'i,Mountain West,62
2017,Houston,American Athletic,248
2017,Idaho,Sun Belt,70
2017,Illinois,Big Ten,356
2017,Indiana,Big Ten,84
2017,Iowa,Big Ten,2294
2017,Iowa State,Big 12,66
2017,Kansas,Big 12,2305
2017,Kansas State,Big 12,2306
2017,Kent State,Mid-American,2309
2017,Kentucky,SEC,96
2017,LSU,SEC,99
2017,Louisiana,Sun Belt,309
2017,Louisiana Tech,Conference USA,2348
2017,Louisville,ACC,97
2017,Marshall,Conference USA,276
2017,Maryland,Big Ten,120
2017,Massachusetts,FBS Independents,113
2017,Memphis,American Athletic,235
2017,Miami,ACC,2390
2017,Miami (OH),Mid-American,193
2017,Michigan,Big Ten,130
2017,Michigan State,Big Ten,127
2017,Middle Tennessee,Conference USA,2393
2017,Minnesota,Big Ten,135
2017,Mississippi State,SEC,344
2017,Missouri,SEC,142
2017,NC State,ACC,152
2017,Navy,American Athletic,2426
2017,Nebraska,Big Ten,158
2017,Nevada,Mountain West,2440
2017,New Mexico,Mountain West,167
2017,New Mexico State,Sun Belt,166
2017,North Carolina,ACC,153
2017,North Texas,Conference USA,249
2017,Northern Illinois,Mid-American,2459
2017,Northwestern,Big Ten,77
2017,Notre Dame,FBS Independents,87
2017,Ohio,Mid-American,195
2017,Ohio State,Big Ten,194
2017,Oklahoma,Big 12,201
2017,Oklahoma State,Big 12,197
2017,Old Dominion,Conference USA,295
2017,Ole Miss,SEC,145
2017,Oregon,Pac-12,2483
2017,Oregon State,Pac-12,204
2017,Penn State,Big Ten,213
2017,Pittsburgh,ACC,221
2017,Purdue,Big Ten,2509
2017,Rice,Conference USA,242
2017,Rutgers,Big Ten,164
2017,SMU,American Athletic,2567
2017,San Diego State,Mountain West,21
2017,San José State,Mountain West,23
2017,South Alabama,Sun Belt,6
2017,South Carolina,SEC,2579
2017,South Florida,American Athletic,58
2017,Southern Miss,Conference USA,2572
2017,Stanford,Pac-12,24
2017,Syracuse,ACC,183
2017,TCU,Big 12,2628
2017,Temple,American Athletic,218
2017,Tennessee,SEC,2633
2017,Texas,Big 12,251
2017,Texas A&M,SEC,245
2017,Texas State,Sun Belt,326
2017,Texas Tech,Big 12,2641
2017,Toledo,Mid-American,2649
2017,Troy,Sun Belt,2653
2017,Tulane,American Athletic,2655
2017,Tulsa,American Athletic,202
2017,UAB,Conference USA,5
2017,UCF,American Athletic,2116
2017,UCLA,Pac-12,26
2017,UConn,American Athletic,41
2017,UL Monroe,Sun Belt,2433
2017,UNLV,Mountain West,2439
2017,USC,Pac-12,30
2017,UTEP,Conference USA,2638
2017,UTSA,Conference USA,2636
2017,Utah,Pac-12,254
2017,Utah State,Mountain West,328
2017,Vanderbilt,SEC,238
2017,Virginia,ACC,258
2017,Virginia Tech,ACC,259
2017,Wake Forest,ACC,154
2017,Washington,Pac-12,264
2017,Washington State,Pac-12,265
2017,West Virginia,Big 12,277
2017,Western Kentucky,Conference USA,98
2017,Western Michigan,Mid-American,2711
2017,Wisconsin,Big Ten,275
2017,Wyoming,Mountain West,2751
2018,Air Force,Mountain West,2005
2018,Akron,Mid-American,2006
2018,Alabama,SEC,333
2018,App State,Sun Belt,2026
2018,Arizona,Pac-12,12
2018,Arizona State,Pac-12,9
2018,Arkansas,SEC,8
2018,Arkansas State,Sun Belt,2032
2018,Army,FBS Independents,349
2018,Auburn,SEC,2
2018,BYU,FBS Independents,252
2018,Ball State,Mid-American,2050
2018,Baylor,Big 12,239
2018,Boise State,Mountain West,68
2018,Boston College,ACC,103
2018,Bowling Green,Mid-American,189
2018,Buffalo,Mid-American,2084
2018,California,Pac-12,25
2018,Central Michigan,Mid-American,2117
2018,Charlotte,Conference USA,2429
2018,Cincinnati,American Athletic,2132
2018,Clemson,ACC,228
2018,Coastal Carolina,Sun Belt,324
2018,Colorado,Pac-12,38
2018,Colorado State,Mountain West,36
2018,Duke,ACC,150
2018,East Carolina,American Athletic,151
2018,Eastern Michigan,Mid-American,2199
2018,Florida,SEC,57
2018,Florida Atlantic,Conference USA,2226
2018,Florida International,Conference USA,2229
2018,Florida State,ACC,52
2018,Fresno State,Mountain West,278
2018,Georgia,SEC,61
2018,Georgia Southern,Sun Belt,290
2018,Georgia State,Sun Belt,2247
2018,Georgia Tech,ACC,59
2018,Hawai'i,Mountain West,62
2018,Houston,American Athletic,248
2018,Illinois,Big Ten,356
2018,Indiana,Big Ten,84
2018,Iowa,Big Ten,2294
2018,Iowa State,Big 12,66
2018,Kansas,Big 12,2305
2018,Kansas State,Big 12,2306
2018,Kent State,Mid-American,2309
2018,Kentucky,SEC,96
2018,LSU,SEC,99
2018,Liberty,FBS Independents,2335
2018,Louisiana,Sun Belt,309
2018,Louisiana Tech,Conference USA,2348
2018,Louisville,ACC,97
2018,Marshall,Conference USA,276
2018,Maryland,Big Ten,120
2018,Massachusetts,FBS Independents,113
2018,Memphis,American Athletic,235
2018,Miami,ACC,2390
2018,Miami (OH),Mid-American,193
2018,Michigan,Big Ten,130
2018,Michigan State,Big Ten,127
2018,Middle Tennessee,Conference USA,2393
2018,Minnesota,Big Ten,135
2018,Mississippi State,SEC,344
2018,Missouri,SEC,142
2018,NC State,ACC,152
2018,Navy,American Athletic,2426
2018,Nebraska,Big Ten,158
2018,Nevada,Mountain West,2440
2018,New Mexico,Mountain West,167
2018,New Mexico State,FBS Independents,166
2018,North Carolina,ACC,153
2018,North Texas,Conference USA,249
2018,Northern Illinois,Mid-American,2459
2018,Northwestern,Big Ten,77
2018,Notre Dame,FBS Independents,87
2018,Ohio,Mid-American,195
2018,Ohio State,Big Ten,194
2018,Oklahoma,Big 12,201
2018,Oklahoma State,Big 12,197
2018,Old Dominion,Conference USA,295
2018,Ole Miss,SEC,145
2018,Oregon,Pac-12,2483
2018,Oregon State,Pac-12,204
2018,Penn State,Big Ten,213
2018,Pittsburgh,ACC,221
2018,Purdue,Big Ten,2509
2018,Rice,Conference USA,242
2018,Rutgers,Big Ten,164
2018,SMU,American Athletic,2567
2018,San Diego State,Mountain West,21
2018,San José State,Mountain West,23
2018,South Alabama,Sun Belt,6
2018,South Carolina,SEC,2579
2018,South Florida,American Athletic,58
2018,Southern Miss,Conference USA,2572
2018,Stanford,Pac-12,24
2018,Syracuse,ACC,183
2018,TCU,Big 12,2628
2018,Temple,American Athletic,218
2018,Tennessee,SEC,2633
2018,Texas,Big 12,251
2018,Texas A&M,SEC,245
2018,Texas State,Sun Belt,326
2018,Texas Tech,Big 12,2641
2018,Toledo,Mid-American,2649
2018,Troy,Sun Belt,2653
2018,Tulane,American Athletic,2655
2018,Tulsa,American Athletic,202
2018,UAB,Conference USA,5
2018,UCF,American Athletic,2116
2018,UCLA,Pac-12,26
2018,UConn,American Athletic,41
2018,UL Monroe,Sun Belt,2433
2018,UNLV,Mountain West,2439
2018,USC,Pac-12,30
2018,UTEP,Conference USA,2638
2018,UTSA,Conference USA,2636
2018,Utah,Pac-12,254
2018,Utah State,Mountain West,328
2018,Vanderbilt,SEC,238
2018,Virginia,ACC,258
2018,Virginia Tech,ACC,259
2018,Wake Forest,ACC,154
2018,Washington,Pac-12,264
2018,Washington State,Pac-12,265
2018,West Virginia,Big 12,277
2018,Western Kentucky,Conference USA,98
2018,Western Michigan,Mid-American,2711
2018,Wisconsin,Big Ten,275
2018,Wyoming,Mountain West,2751
2019,Air Force,Mountain West,2005
2019,Akron,Mid-American,2006
2019,Alabama,SEC,333
2019,App State,Sun Belt,2026
2019,Arizona,Pac-12,12
2019,Arizona State,Pac-12,9
2019,Arkansas,SEC,8
2019,Arkansas State,Sun Belt,2032
2019,Army,FBS Independents,349
2019,Auburn,SEC,2
2019,BYU,FBS Independents,252
2019,Ball State,Mid-American,2050
2019,Baylor,Big 12,239
2019,Boise State,Mountain West,68
2019,Boston College,ACC,103
2019,Bowling Green,Mid-American,189
2019,Buffalo,Mid-American,2084
2019,California,Pac-12,25
2019,Central Michigan,Mid-American,2117
2019,Charlotte,Conference USA,2429
2019,Cincinnati,American Athletic,2132
2019,Clemson,ACC,228
2019,Coastal Carolina,Sun Belt,324
2019,Colorado,Pac-12,38
2019,Colorado State,Mountain West,36
2019,Duke,ACC,150
2019,East Carolina,American Athletic,151
2019,Eastern Michigan,Mid-American,2199
2019,Florida,SEC,57
2019,Florida Atlantic,Conference USA,2226
2019,Florida International,Conference USA,2229
2019,Florida State,ACC,52
2019,Fresno State,Mountain West,278
2019,Georgia,SEC,61
2019,Georgia Southern,Sun Belt,290
2019,Georgia State,Sun Belt,2247
2019,Georgia Tech,ACC,59
2019,Hawai'i,Mountain West,62
2019,Houston,American Athletic,248
2019,Illinois,Big Ten,356
2019,Indiana,Big Ten,84
2019,Iowa,Big Ten,2294
2019,Iowa State,Big 12,66
2019,Kansas,Big 12,2305
2019,Kansas State,Big 12,2306
2019,Kent State,Mid-American,2309
2019,Kentucky,SEC,96
2019,LSU,SEC,99
2019,Liberty,FBS Independents,2335
2019,Louisiana,Sun Belt,309
2019,Louisiana Tech,Conference USA,2348
2019,Louisville,ACC,97
2019,Marshall,Conference USA,276
2019,Maryland,Big Ten,120
2019,Massachusetts,FBS Independents,113
2019,Memphis,American Athletic,235
2019,Miami,ACC,2390
2019,Miami (OH),Mid-American,193
2019,Michigan,Big Ten,130
2019,Michigan State,Big Ten,127
2019,Middle Tennessee,Conference USA,2393
2019,Minnesota,Big Ten,135
2019,Mississippi State,SEC,344
2019,Missouri,SEC,142
2019,NC State,ACC,152
2019,Navy,American Athletic,2426
2019,Nebraska,Big Ten,158
2019,Nevada,Mountain West,2440
2019,New Mexico,Mountain West,167
2019,New Mexico State,FBS Independents,166
2019,North Carolina,ACC,153
2019,North Texas,Conference USA,249
2019,Northern Illinois,Mid-American,2459
2019,Northwestern,Big Ten,77
2019,Notre Dame,FBS Independents,87
2019,Ohio,Mid-American,195
2019,Ohio State,Big Ten,194
2019,Oklahoma,Big 12,201
2019,Oklahoma State,Big 12,197
2019,Old Dominion,Conference USA,295
2019,Ole Miss,SEC,145
2019,Oregon,Pac-12,2483
2019,Oregon State,Pac-12,204
2019,Penn State,Big Ten,213
2019,Pittsburgh,ACC,221
2019,Purdue,Big Ten,2509
2019,Rice,Conference USA,242
2019,Rutgers,Big Ten,164
2019,SMU,American Athletic,2567
2019,San Diego State,Mountain West,21
2019,San José State,Mountain West,23
2019,South Alabama,Sun Belt,6
2019,South Carolina,SEC,2579
2019,South Florida,American Athletic,58
2019,Southern Miss,Conference USA,2572
2019,Stanford,Pac-12,24
2019,Syracuse,ACC,183
2019,TCU,Big 12,2628
2019,Temple,American Athletic,218
2019,Tennessee,SEC,2633
2019,Texas,Big 12,251
2019,Texas A&M,SEC,245
2019,Texas State,Sun Belt,326
2019,Texas Tech,Big 12,2641
2019,Toledo,Mid-American,2649
2019,Troy,Sun Belt,2653
2019,Tulane,American Athletic,2655
2019,Tulsa,American Athletic,202
2019,UAB,Conference USA,5
2019,UCF,American Athletic,2116
2019,UCLA,Pac-12,26
2019,UConn,American Athletic,41
2019,UL Monroe,Sun Belt,2433
2019,UNLV,Mountain West,2439
2019,USC,Pac-12,30
2019,UTEP,Conference USA,2638
2019,UTSA,Conference USA,2636
2019,Utah,Pac-12,254
2019,Utah State,Mountain West,328
2019,Vanderbilt,SEC,238
2019,Virginia,ACC,258
2019,Virginia Tech,ACC,259
2019,Wake Forest,ACC,154
2019,Washington,Pac-12,264
2019,Washington State,Pac-12,265
2019,West Virginia,Big 12,277
2019,Western Kentucky,Conference USA,98
2019,Western Michigan,Mid-American,2711
2019,Wisconsin,Big Ten,275
2019,Wyoming,Mountain West,2751
2020,Air Force,Mountain West,2005
2020,Akron,Mid-American,2006
2020,Alabama,SEC,333
2020,App State,Sun Belt,2026
2020,Arizona,Pac-12,12
2020,Arizona State,Pac-12,9
2020,Arkansas,SEC,8
2020,Arkansas State,Sun Belt,2032
2020,Army,FBS Independents,349
2020,Auburn,SEC,2
2020,BYU,FBS Independents,252
2020,Ball State,Mid-American,2050
2020,Baylor,Big 12,239
2020,Boise State,Mountain West,68
2020,Boston College,ACC,103
2020,Bowling Green,Mid-American,189
2020,Buffalo,Mid-American,2084
2020,California,Pac-12,25
2020,Central Michigan,Mid-American,2117
2020,Charlotte,Conference USA,2429
2020,Cincinnati,American Athletic,2132
2020,Clemson,ACC,228
2020,Coastal Carolina,Sun Belt,324
2020,Colorado,Pac-12,38
2020,Colorado State,Mountain West,36
2020,Duke,ACC,150
2020,East Carolina,American Athletic,151
2020,Eastern Michigan,Mid-American,2199
2020,Florida,SEC,57
2020,Florida Atlantic,Conference USA,2226
2020,Florida International,Conference USA,2229
2020,Florida State,ACC,52
2020,Fresno State,Mountain West,278
2020,Georgia,SEC,61
2020,Georgia Southern,Sun Belt,290
2020,Georgia State,Sun Belt,2247
2020,Georgia Tech,ACC,59
2020,Hawai'i,Mountain West,62
2020,Houston,American Athletic,248
2020,Illinois,Big Ten,356
2020,Indiana,Big Ten,84
2020,Iowa,Big Ten,2294
2020,Iowa State,Big 12,66
2020,Kansas,Big 12,2305
2020,Kansas State,Big 12,2306
2020,Kent State,Mid-American,2309
2020,Kentucky,SEC,96
2020,LSU,SEC,99
2020,Liberty,FBS Independents,2335
2020,Louisiana,Sun Belt,309
2020,Louisiana Tech,Conference USA,2348
2020,Louisville,ACC,97
2020,Marshall,Conference USA,276
2020,Maryland,Big Ten,120
2020,Massachusetts,FBS Independents,113
2020,Memphis,American Athletic,235
2020,Miami,ACC,2390
2020,Miami (OH),Mid-American,193
2020,Michigan,Big Ten,130
2020,Michigan State,Big Ten,127
2020,Middle Tennessee,Conference USA,2393
2020,Minnesota,Big Ten,135
2020,Mississippi State,SEC,344
2020,Missouri,SEC,142
2020,NC State,ACC,152
2020,Navy,American Athletic,2426
2020,Nebraska,Big Ten,158
2020,Nevada,Mountain West,2440
2020,New Mexico,Mountain West,167
2020,New Mexico State,FBS Independents,166
2020,North Carolina,ACC,153
2020,North Texas,Conference USA,249
2020,Northern Illinois,Mid-American,2459
2020,Northwestern,Big Ten,77
2020,Notre Dame,ACC,87
2020,Ohio,Mid-American,195
2020,Ohio State,Big Ten,194
2020,Oklahoma,Big 12,201
2020,Oklahoma State,Big 12,197
2020,Ole Miss,SEC,145
2020,Oregon,Pac-12,2483
2020,Oregon State,Pac-12,204
2020,Penn State,Big Ten,213
2020,Pittsburgh,ACC,221
2020,Purdue,Big Ten,2509
2020,Rice,Conference USA,242
2020,Rutgers,Big Ten,164
2020,SMU,American Athletic,2567
2020,San Diego State,Mountain West,21
2020,San José State,Mountain West,23
2020,South Alabama,Sun Belt,6
2020,South Carolina,SEC,2579
2020,South Florida,American Athletic,58
2020,Southern Miss,Conference USA,2572
2020,Stanford,Pac-12,24
2020,Syracuse,ACC,183
2020,TCU,Big 12,2628
2020,Temple,American Athletic,218
2020,Tennessee,SEC,2633
2020,Texas,Big 12,251
2020,Texas A&M,SEC,245
2020,Texas State,Sun Belt,326
2020,Texas Tech,Big 12,2641
2020,Toledo,Mid-American,2649
2020,Troy,Sun Belt,2653
2020,Tulane,American Athletic,2655
2020,Tulsa,American Athletic,202
2020,UAB,Conference USA,5
2020,UCF,American Athletic,2116
2020,UCLA,Pac-12,26
2020,UL Monroe,Sun Belt,2433
2020,UNLV,Mountain West,2439
2020,USC,Pac-12,30
2020,UTEP,Conference USA,2638
2020,UTSA,Conference USA,2636
2020,Utah,Pac-12,254
2020,Utah State,Mountain West,328
2020,Vanderbilt,SEC,238
2020,Virginia,ACC,258
2020,Virginia Tech,ACC,259
2020,Wake Forest,ACC,154
2020,Washington,Pac-12,264
2020,Washington State,Pac-12,265
2020,West Virginia,Big 12,277
2020,Western Kentucky,Conference USA,98
2020,Western Michigan,Mid-American,2711
2020,Wisconsin,Big Ten,275
2020,Wyoming,Mountain West,2751
2021,Air Force,Mountain West,2005
2021,Akron,Mid-American,2006
2021,Alabama,SEC,333
2021,App State,Sun Belt,2026
2021,Arizona,Pac-12,12
2021,Arizona State,Pac-12,9
2021,Arkansas,SEC,8
2021,Arkansas State,Sun Belt,2032
2021,Army,FBS Independents,349
2021,Auburn,SEC,2
2021,BYU,FBS Independents,252
2021,Ball State,Mid-American,2050
2021,Baylor,Big 12,239
2021,Boise State,Mountain West,68
2021,Boston College,ACC,103
2021,Bowling Green,Mid-American,189
2021,Buffalo,Mid-American,2084
2021,California,Pac-12,25
2021,Central Michigan,Mid-American,2117
2021,Charlotte,Conference USA,2429
2021,Cincinnati,American Athletic,2132
2021,Clemson,ACC,228
2021,Coastal Carolina,Sun Belt,324
2021,Colorado,Pac-12,38
2021,Colorado State,Mountain West,36
2021,Duke,ACC,150
2021,East Carolina,American Athletic,151
2021,Eastern Michigan,Mid-American,2199
2021,Florida,SEC,57
2021,Florida Atlantic,Conference USA,2226
2021,Florida International,Conference USA,2229
2021,Florida State,ACC,52
2021,Fresno State,Mountain West,278
2021,Georgia,SEC,61
2021,Georgia Southern,Sun Belt,290
2021,Georgia State,Sun Belt,2247
2021,Georgia Tech,ACC,59
2021,Hawai'i,Mountain West,62
2021,Houston,American Athletic,248
2021,Illinois,Big Ten,356
2021,Indiana,Big Ten,84
2021,Iowa,Big Ten,2294
2021,Iowa State,Big 12,66
2021,Kansas,Big 12,2305
2021,Kansas State,Big 12,2306
2021,Kent State,Mid-American,2309
2021,Kentucky,SEC,96
2021,LSU,SEC,99
2021,Liberty,FBS Independents,2335
2021,Louisiana,Sun Belt,309
2021,Louisiana Tech,Conference USA,2348
2021,Louisville,ACC,97
2021,Marshall,Conference USA,276
2021,Maryland,Big Ten,120
2021,Massachusetts,FBS Independents,113
2021,Memphis,American Athletic,235
2021,Miami,ACC,2390
2021,Miami (OH),Mid-American,193
2021,Michigan,Big Ten,130
2021,Michigan State,Big Ten,127
2021,Middle Tennessee,Conference USA,2393
2021,Minnesota,Big Ten,135
2021,Mississippi State,SEC,344
2021,Missouri,SEC,142
2021,NC State,ACC,152
2021,Navy,American Athletic,2426
2021,Nebraska,Big Ten,158
2021,Nevada,Mountain West,2440
2021,New Mexico,Mountain West,167
2021,New Mexico State,FBS Independents,166
2021,North Carolina,ACC,153
2021,North Texas,Conference USA,249
2021,Northern Illinois,Mid-American,2459
2021,Northwestern,Big Ten,77
2021,Notre Dame,FBS Independents,87
2021,Ohio,Mid-American,195
2021,Ohio State,Big Ten,194
2021,Oklahoma,Big 12,201
2021,Oklahoma State,Big 12,197
2021,Old Dominion,Conference USA,295
2021,Ole Miss,SEC,145
2021,Oregon,Pac-12,2483
2021,Oregon State,Pac-12,204
2021,Penn State,Big Ten,213
2021,Pittsburgh,ACC,221
2021,Purdue,Big Ten,2509
2021,Rice,Conference USA,242
2021,Rutgers,Big Ten,164
2021,SMU,American Athletic,2567
2021,San Diego State,Mountain West,21
2021,San José State,Mountain West,23
2021,South Alabama,Sun Belt,6
2021,South Carolina,SEC,2579
2021,South Florida,American Athletic,58
2021,Southern Miss,Conference USA,2572
2021,Stanford,Pac-12,24
2021,Syracuse,ACC,183
2021,TCU,Big 12,2628
2021,Temple,American Athletic,218
2021,Tennessee,SEC,2633
2021,Texas,Big 12,251
2021,Texas A&M,SEC,245
2021,Texas State,Sun Belt,326
2021,Texas Tech,Big 12,2641
2021,Toledo,Mid-American,2649
2021,Troy,Sun Belt,2653
2021,Tulane,American Athletic,2655
2021,Tulsa,American Athletic,202
2021,UAB,Conference USA,5
2021,UCF,American Athletic,2116
2021,UCLA,Pac-12,26
2021,UConn,FBS Independents,41
2021,UL Monroe,Sun Belt,2433
2021,UNLV,Mountain West,2439
2021,USC,Pac-12,30
2021,UTEP,Conference USA,2638
2021,UTSA,Conference USA,2636
2021,Utah,Pac-12,254
2021,Utah State,Mountain West,328
2021,Vanderbilt,SEC,238
2021,Virginia,ACC,258
2021,Virginia Tech,ACC,259
2021,Wake Forest,ACC,154
2021,Washington,Pac-12,264
2021,Washington State,Pac-12,265
2021,West Virginia,Big 12,277
2021,Western Kentucky,Conference USA,98
2021,Western Michigan,Mid-American,2711
2021,Wisconsin,Big Ten,275
2021,Wyoming,Mountain West,2751
2022,Air Force,Mountain West,2005
2022,Akron,Mid-American,2006
2022,Alabama,SEC,333
2022,App State,Sun Belt,2026
2022,Arizona,Pac-12,12
2022,Arizona State,Pac-12,9
2022,Arkansas,SEC,8
2022,Arkansas State,Sun Belt,2032
2022,Army,FBS Independents,349
2022,Auburn,SEC,2
2022,BYU,FBS Independents,252
2022,Ball State,Mid-American,2050
2022,Baylor,Big 12,239
2022,Boise State,Mountain West,68
2022,Boston College,ACC,103
2022,Bowling Green,Mid-American,189
2022,Buffalo,Mid-American,2084
2022,California,Pac-12,25
2022,Central Michigan,Mid-American,2117
2022,Charlotte,Conference USA,2429
2022,Cincinnati,American Athletic,2132
2022,Clemson,ACC,228
2022,Coastal Carolina,Sun Belt,324
2022,Colorado,Pac-12,38
2022,Colorado State,Mountain West,36
2022,Duke,ACC,150
2022,East Carolina,American Athletic,151
2022,Eastern Michigan,Mid-American,2199
2022,Florida,SEC,57
2022,Florida Atlantic,Conference USA,2226
2022,Florida International,Conference USA,2229
2022,Florida State,ACC,52
2022,Fresno State,Mountain West,278
2022,Georgia,SEC,61
2022,Georgia Southern,Sun Belt,290
2022,Georgia State,Sun Belt,2247
2022,Georgia Tech,ACC,59
2022,Hawai'i,Mountain West,62
2022,Houston,American Athletic,248
2022,Illinois,Big Ten,356
2022,Indiana,Big Ten,84
2022,Iowa,Big Ten,2294
2022,Iowa State,Big 12,66
2022,James Madison,Sun Belt,256
2022,Kansas,Big 12,2305
2022,Kansas State,Big 12,2306
2022,Kent State,Mid-American,2309
2022,Kentucky,SEC,96
2022,LSU,SEC,99
2022,Liberty,FBS Independents,2335
2022,Louisiana,Sun Belt,309
2022,Louisiana Tech,Conference USA,2348
2022,Louisville,ACC,97
2022,Marshall,Sun Belt,276
2022,Maryland,Big Ten,120
2022,Massachusetts,FBS Independents,113
2022,Memphis,American Athletic,235
2022,Miami,ACC,2390
2022,Miami (OH),Mid-American,193
2022,Michigan,Big Ten,130
2022,Michigan State,Big Ten,127
2022,Middle Tennessee,Conference USA,2393
2022,Minnesota,Big Ten,135
2022,Mississippi State,SEC,344
2022,Missouri,SEC,142
2022,NC State,ACC,152
2022,Navy,American Athletic,2426
2022,Nebraska,Big Ten,158
2022,Nevada,Mountain West,2440
2022,New Mexico,Mountain West,167
2022,New Mexico State,FBS Independents,166
2022,North Carolina,ACC,153
2022,North Texas,Conference USA,249
2022,Northern Illinois,Mid-American,2459
2022,Northwestern,Big Ten,77
2022,Notre Dame,FBS Independents,87
2022,Ohio,Mid-American,195
2022,Ohio State,Big Ten,194
2022,Oklahoma,Big 12,201
2022,Oklahoma State,Big 12,197
2022,Old Dominion,Sun Belt,295
2022,Ole Miss,SEC,145
2022,Oregon,Pac-12,2483
2022,Oregon State,Pac-12,204
2022,Penn State,Big Ten,213
2022,Pittsburgh,ACC,221
2022,Purdue,Big Ten,2509
2022,Rice,Conference USA,242
2022,Rutgers,Big Ten,164
2022,SMU,American Athletic,2567
2022,San Diego State,Mountain West,21
2022,San José State,Mountain West,23
2022,South Alabama,Sun Belt,6
2022,South Carolina,SEC,2579
2022,South Florida,American Athletic,58
2022,Southern Miss,Sun Belt,2572
2022,Stanford,Pac-12,24
2022,Syracuse,ACC,183
2022,TCU,Big 12,2628
2022,Temple,American Athletic,218
2022,Tennessee,SEC,2633
2022,Texas,Big 12,251
2022,Texas A&M,SEC,245
2022,Texas State,Sun Belt,326
2022,Texas Tech,Big 12,2641
2022,Toledo,Mid-American,2649
2022,Troy,Sun Belt,2653
2022,Tulane,American Athletic,2655
2022,Tulsa,American Athletic,202
2022,UAB,Conference USA,5
2022,UCF,American Athletic,2116
2022,UCLA,Pac-12,26
2022,UConn,FBS Independents,41
2022,UL Monroe,Sun Belt,2433
2022,UNLV,Mountain West,2439
2022,USC,Pac-12,30
2022,UTEP,Conference USA,2638
2022,UTSA,Conference USA,2636
2022,Utah,Pac-12,254
2022,Utah State,Mountain West,328
2022,Vanderbilt,SEC,238
2022,Virginia,ACC,258
2022,Virginia Tech,ACC,259
2022,Wake Forest,ACC,154
2022,Washington,Pac-12,264
2022,Washington State,Pac-12,265
2022,West Virginia,Big 12,277
2022,Western Kentucky,Conference USA,98
2022,Western Michigan,Mid-American,2711
2022,Wisconsin,Big Ten,275
2022,Wyoming,Mountain West,2751
2023,Air Force,Mountain West,2005
2023,Akron,Mid-American,2006
2023,Alabama,SEC,333
2023,App State,Sun Belt,2026
2023,Arizona,Pac-12,12
2023,Arizona State,Pac-12,9
2023,Arkansas,SEC,8
2023,Arkansas State,Sun Belt,2032
2023,Army,FBS Independents,349
2023,Auburn,SEC,2
2023,BYU,Big 12,252
2023,Ball State,Mid-American,2050
2023,Baylor,Big 12,239
2023,Boise State,Mountain West,68
2023,Boston College,ACC,103
2023,Bowling Green,Mid-American,189
2023,Buffalo,Mid-American,2084
2023,California,Pac-12,25
2023,Central Michigan,Mid-American,2117
2023,Charlotte,American Athletic,2429
2023,Cincinnati,Big 12,2132
2023,Clemson,ACC,228
2023,Coastal Carolina,Sun Belt,324
2023,Colorado,Pac-12,38
2023,Colorado State,Mountain West,36
2023,Duke,ACC,150
2023,East Carolina,American Athletic,151
2023,Eastern Michigan,Mid-American,2199
2023,Florida,SEC,57
2023,Florida Atlantic,American Athletic,2226
2023,Florida International,Conference USA,2229
2023,Florida State,ACC,52
2023,Fresno State,Mountain West,278
2023,Georgia,SEC,61
2023,Georgia Southern,Sun Belt,290
2023,Georgia State,Sun Belt,2247
2023,Georgia Tech,ACC,59
2023,Hawai'i,Mountain West,62
2023,Houston,Big 12,248
2023,Illinois,Big Ten,356
2023,Indiana,Big Ten,84
2023,Iowa,Big Ten,2294
2023,Iowa State,Big 12,66
2023,Jacksonville State,Conference USA,55
2023,James Madison,Sun Belt,256
2023,Kansas,Big 12,2305
2023,Kansas State,Big 12,2306
2023,Kent State,Mid-American,2309
2023,Kentucky,SEC,96
2023,LSU,SEC,99
2023,Liberty,Conference USA,2335
2023,Louisiana,Sun Belt,309
2023,Louisiana Tech,Conference USA,2348
2023,Louisville,ACC,97
2023,Marshall,Sun Belt,276
2023,Maryland,Big Ten,120
2023,Massachusetts,FBS Independents,113
2023,Memphis,American Athletic,235
2023,Miami,ACC,2390
2023,Miami (OH),Mid-American,193
2023,Michigan,Big Ten,130
2023,Michigan State,Big Ten,127
2023,Middle Tennessee,Conference USA,2393
2023,Minnesota,Big Ten,135
2023,Mississippi State,SEC,344
2023,Missouri,SEC,142
2023,NC State,ACC,152
2023,Navy,American Athletic,2426
2023,Nebraska,Big Ten,158
2023,Nevada,Mountain West,2440
2023,New Mexico,Mountain West,167
2023,New Mexico State,Conference USA,166
2023,North Carolina,ACC,153
2023,North Texas,American Athletic,249
2023,Northern Illinois,Mid-American,2459
2023,Northwestern,Big Ten,77
2023,Notre Dame,FBS Independents,87
2023,Ohio,Mid-American,195
2023,Ohio State,Big Ten,194
2023,Oklahoma,Big 12,201
2023,Oklahoma State,Big 12,197
2023,Old Dominion,Sun Belt,295
2023,Ole Miss,SEC,145
2023,Oregon,Pac-12,2483
2023,Oregon State,Pac-12,204
2023,Penn State,Big Ten,213
2023,Pittsburgh,ACC,221
2023,Purdue,Big Ten,2509
2023,Rice,American Athletic,242
2023,Rutgers,Big Ten,164
2023,SMU,American Athletic,2567
2023,Sam Houston,Conference USA,2534
2023,San Diego State,Mountain West,21
2023,San José State,Mountain West,23
2023,South Alabama,Sun Belt,6
2023,South Carolina,SEC,2579
2023,South Florida,American Athletic,58
2023,Southern Miss,Sun Belt,2572
2023,Stanford,Pac-12,24
2023,Syracuse,ACC,183
2023,TCU,Big 12,2628
2023,Temple,American Athletic,218
2023,Tennessee,SEC,2633
2023,Texas,Big 12,251
2023,Texas A&M,SEC,245
2023,Texas State,Sun Belt,326
2023,Texas Tech,Big 12,2641
2023,Toledo,Mid-American,2649
2023,Troy,Sun Belt,2653
2023,Tulane,American Athletic,2655
2023,Tulsa,American Athletic,202
2023,UAB,American Athletic,5
2023,UCF,Big 12,2116
2023,UCLA,Pac-12,26
2023,UConn,FBS Independents,41
2023,UL Monroe,Sun Belt,2433
2023,UNLV,Mountain West,2439
2023,USC,Pac-12,30
2023,UTEP,Conference USA,2638
2023,UTSA,American Athletic,2636
2023,Utah,Pac-12,254
2023,Utah State,Mountain West,328
2023,Vanderbilt,SEC,238
2023,Virginia,ACC,258
2023,Virginia Tech,ACC,259
2023,Wake Forest,ACC,154
2023,Washington,Pac-12,264
2023,Washington State,Pac-12,265
2023,West Virginia,Big 12,277
2023,Western Kentucky,Conference USA,98
2023,Western Michigan,Mid-American,2711
2023,Wisconsin,Big Ten,275
2023,Wyoming,Mountain West,2751
2024,Air Force,Mountain West,2005
2024,Akron,Mid-American,2006
2024,Alabama,SEC,333
2024,App State,Sun Belt,2026
2024,Arizona,Big 12,12
2024,Arizona State,Big 12,9
2024,Arkansas,SEC,8
2024,Arkansas State,Sun Belt,2032
2024,Army,American Athletic,349
2024,Auburn,SEC,2
2024,BYU,Big 12,252
2024,Ball State,Mid-American,2050
2024,Baylor,Big 12,239
2024,Boise State,Mountain West,68
2024,Boston College,ACC,103
2024,Bowling Green,Mid-American,189
2024,Buffalo,Mid-American,2084
2024,California,ACC,25
2024,Central Michigan,Mid-American,2117
2024,Charlotte,American Athletic,2429
2024,Cincinnati,Big 12,2132
2024,Clemson,ACC,228
2024,Coastal Carolina,Sun Belt,324
2024,Colorado,Big 12,38
2024,Colorado State,Mountain West,36
2024,Duke,ACC,150
2024,East Carolina,American Athletic,151
2024,Eastern Michigan,Mid-American,2199
2024,Florida,SEC,57
2024,Florida Atlantic,American Athletic,2226
2024,Florida International,Conference USA,2229
2024,Florida State,ACC,52
2024,Fresno State,Mountain West,278
2024,Georgia,SEC,61
2024,Georgia Southern,Sun Belt,290
2024,Georgia State,Sun Belt,2247
2024,Georgia Tech,ACC,59
2024,Hawai'i,Mountain West,62
2024,Houston,Big 12,248
2024,Illinois,Big Ten,356
2024,Indiana,Big Ten,84
2024,Iowa,Big Ten,2294
2024,Iowa State,Big 12,66
2024,Jacksonville State,Conference USA,55
2024,James Madison,Sun Belt,256
2024,Kansas,Big 12,2305
2024,Kansas State,Big 12,2306
2024,Kennesaw State,Conference USA,338
2024,Kent State,Mid-American,2309
2024,Kentucky,SEC,96
2024,LSU,SEC,99
2024,Liberty,Conference USA,2335
2024,Louisiana,Sun Belt,309
2024,Louisiana Tech,Conference USA,2348
2024,Louisville,ACC,97
2024,Marshall,Sun Belt,276
2024,Maryland,Big Ten,120
2024,Massachusetts,FBS Independents,113
2024,Memphis,American Athletic,235
2024,Miami,ACC,2390
2024,Miami (OH),Mid-American,193
2024,Michigan,Big Ten,130
2024,Michigan State,Big Ten,127
2024,Middle Tennessee,Conference USA,2393
2024,Minnesota,Big Ten,135
2024,Mississippi State,SEC,344
2024,Missouri,SEC,142
2024,NC State,ACC,152
2024,Navy,American Athletic,2426
2024,Nebraska,Big Ten,158
2024,Nevada,Mountain West,2440
2024,New Mexico,Mountain West,167
2024,New Mexico State,Conference USA,166
2024,North Carolina,ACC,153
2024,North Texas,American Athletic,249
2024,Northern Illinois,Mid-American,2459
2024,Northwestern,Big Ten,77
2024,Notre Dame,FBS Independents,87
2024,Ohio,Mid-American,195
2024,Ohio State,Big Ten,194
2024,Oklahoma,SEC,201
2024,Oklahoma State,Big 12,197
2024,Old Dominion,Sun Belt,295
2024,Ole Miss,SEC,145
2024,Oregon,Big Ten,2483
2024,Oregon State,Pac-12,204
2024,Penn State,Big Ten,213
2024,Pittsburgh,ACC,221
2024,Purdue,Big Ten,2509
2024,Rice,American Athletic,242
2024,Rutgers,Big Ten,164
2024,SMU,ACC,2567
2024,Sam Houston,Conference USA,2534
2024,San Diego State,Mountain West,21
2024,San José State,Mountain West,23
2024,South Alabama,Sun Belt,6
2024,South Carolina,SEC,2579
2024,South Florida,American Athletic,58
2024,Southern Miss,Sun Belt,2572
2024,Stanford,ACC,24
2024,Syracuse,ACC,183
2024,TCU,Big 12,2628
2024,Temple,American Athletic,218
2024,Tennessee,SEC,2633
2024,Texas,SEC,251
2024,Texas A&M,SEC,245
2024,Texas State,Sun Belt,326
2024,Texas Tech,Big 12,2641
2024,Toledo,Mid-American,2649
2024,Troy,Sun Belt,2653
2024,Tulane,American Athletic,2655
2024,Tulsa,American Athletic,202
2024,UAB,American Athletic,5
2024,UCF,Big 12,2116
2024,UCLA,Big Ten,26
2024,UConn,FBS Independents,41
2024,UL Monroe,Sun Belt,2433
2024,UNLV,Mountain West,2439
2024,USC,Big Ten,30
2024,UTEP,Conference USA,2638
2024,UTSA,American Athletic,2636
2024,Utah,Big 12,254
2024,Utah State,Mountain West,328
2024,Vanderbilt,SEC,238
2024,Virginia,ACC,258
2024,Virginia Tech,ACC,259
2024,Wake Forest,ACC,154
2024,Washington,Big Ten,264
2024,Washington State,Pac-12,265
2024,West Virginia,Big 12,277
2024,Western Kentucky,Conference USA,98
2024,Western Michigan,Mid-American,2711
2024,Wisconsin,Big Ten,275
2024,Wyoming,Mountain West,2751
2025,Air Force,Mountain West,2005
2025,Akron,Mid-American,2006
2025,Alabama,SEC,333
2025,App State,Sun Belt,2026
2025,Arizona,Big 12,12
2025,Arizona State,Big 12,9
2025,Arkansas,SEC,8
2025,Arkansas State,Sun Belt,2032
2025,Army,American Athletic,349
2025,Auburn,SEC,2
2025,BYU,Big 12,252
2025,Ball State,Mid-American,2050
2025,Baylor,Big 12,239
2025,Boise State,Mountain West,68
2025,Boston College,ACC,103
2025,Bowling Green,Mid-American,189
2025,Buffalo,Mid-American,2084
2025,California,ACC,25
2025,Central Michigan,Mid-American,2117
2025,Charlotte,American Athletic,2429
2025,Cincinnati,Big 12,2132
2025,Clemson,ACC,228
2025,Coastal Carolina,Sun Belt,324
2025,Colorado,Big 12,38
2025,Colorado State,Mountain West,36
2025,Delaware,Conference USA,48
2025,Duke,ACC,150
2025,East Carolina,American Athletic,151
2025,Eastern Michigan,Mid-American,2199
2025,Florida,SEC,57
2025,Florida Atlantic,American Athletic,2226
2025,Florida International,Conference USA,2229
2025,Florida State,ACC,52
2025,Fresno State,Mountain West,278
2025,Georgia,SEC,61
2025,Georgia Southern,Sun Belt,290
2025,Georgia State,Sun Belt,2247
2025,Georgia Tech,ACC,59
2025,Hawai'i,Mountain West,62
2025,Houston,Big 12,248
2025,Illinois,Big Ten,356
2025,Indiana,Big Ten,84
2025,Iowa,Big Ten,2294
2025,Iowa State,Big 12,66
2025,Jacksonville State,Conference USA,55
2025,James Madison,Sun Belt,256
2025,Kansas,Big 12,2305
2025,Kansas State,Big 12,2306
2025,Kennesaw State,Conference USA,338
2025,Kent State,Mid-American,2309
2025,Kentucky,SEC,96
2025,LSU,SEC,99
2025,Liberty,Conference USA,2335
2025,Louisiana,Sun Belt,309
2025,Louisiana Tech,Conference USA,2348
2025,Louisville,ACC,97
2025,Marshall,Sun Belt,276
2025,Maryland,Big Ten,120
2025,Massachusetts,Mid-American,113
2025,Memphis,American Athletic,235
2025,Miami,ACC,2390
2025,Miami (OH),Mid-American,193
2025,Michigan,Big Ten,130
2025,Michigan State,Big Ten,127
2025,Middle Tennessee,Conference USA,2393
2025,Minnesota,Big Ten,135
2025,Mississippi State,SEC,344
2025,Missouri,SEC,142
2025,Missouri State,Conference USA,2623
2025,NC State,ACC,152
2025,Navy,American Athletic,2426
2025,Nebraska,Big Ten,158
2025,Nevada,Mountain West,2440
2025,New Mexico,Mountain West,167
2025,New Mexico State,Conference USA,166
2025,North Carolina,ACC,153
2025,North Texas,American Athletic,249
2025,Northern Illinois,Mid-American,2459
2025,Northwestern,Big Ten,77
2025,Notre Dame,FBS Independents,87
2025,Ohio,Mid-American,195
2025,Ohio State,Big Ten,194
2025,Oklahoma,SEC,201
2025,Oklahoma State,Big 12,197
2025,Old Dominion,Sun Belt,295
2025,Ole Miss,SEC,145
2025,Oregon,Big Ten,2483
2025,Oregon State,Pac-12,204
2025,Penn State,Big Ten,213
2025,Pittsburgh,ACC,221
2025,Purdue,Big Ten,2509
2025,Rice,American Athletic,242
2025,Rutgers,Big Ten,164
2025,SMU,ACC,2567
2025,Sam Houston,Conference USA,2534
2025,San Diego State,Mountain West,21
2025,San José State,Mountain West,23
2025,South Alabama,Sun Belt,6
2025,South Carolina,SEC,2579
2025,South Florida,American Athletic,58
2025,Southern Miss,Sun Belt,2572
2025,Stanford,ACC,24
2025,Syracuse,ACC,183
2025,TCU,Big 12,2628
2025,Temple,American Athletic,218
2025,Tennessee,SEC,2633
2025,Texas,SEC,251
2025,Texas A&M,SEC,245
2025,Texas State,Sun Belt,326
2025,Texas Tech,Big 12,2641
2025,Toledo,Mid-American,2649
2025,Troy,Sun Belt,2653
2025,Tulane,American Athletic,2655
2025,Tulsa,American Athletic,202
2025,UAB,American Athletic,5
2025,UCF,Big 12,2116
2025,UCLA,Big Ten,26
2025,UConn,FBS Independents,41
2025,UL Monroe,Sun Belt,2433
2025,UNLV,Mountain West,2439
2025,USC,Big Ten,30
2025,UTEP,Conference USA,2638
2025,UTSA,American Athletic,2636
2025,Utah,Big 12,254
2025,Utah State,Mountain West,328
2025,Vanderbilt,SEC,238
2025,Virginia,ACC,258
2025,Virginia Tech,ACC,259
2025,Wake Forest,ACC,154
2025,Washington,Big Ten,264
2025,Washington State,Pac-12,265
2025,West Virginia,Big 12,277
2025,Western Kentucky,Conference USA,98
2025,Western Michigan,Mid-American,2711
2025,Wisconsin,Big Ten,275
2025,Wyoming,Mountain West,2751
2026,Air Force,Mountain West,2005
2026,Akron,Mid-American,2006
2026,Alabama,SEC,333
2026,App State,Sun Belt,2026
2026,Arizona,Big 12,12
2026,Arizona State,Big 12,9
2026,Arkansas,SEC,8
2026,Arkansas State,Sun Belt,2032
2026,Army,American Athletic,349
2026,Auburn,SEC,2
2026,BYU,Big 12,252
2026,Ball State,Mid-American,2050
2026,Baylor,Big 12,239
2026,Boise State,Pac-12,68
2026,Boston College,ACC,103
2026,Bowling Green,Mid-American,189
2026,Buffalo,Mid-American,2084
2026,California,ACC,25
2026,Central Michigan,Mid-American,2117
2026,Charlotte,American Athletic,2429
2026,Cincinnati,Big 12,2132
2026,Clemson,ACC,228
2026,Coastal Carolina,Sun Belt,324
2026,Colorado,Big 12,38
2026,Colorado State,Pac-12,36
2026,Delaware,Conference USA,48
2026,Duke,ACC,150
2026,East Carolina,American Athletic,151
2026,Eastern Michigan,Mid-American,2199
2026,Florida,SEC,57
2026,Florida Atlantic,American Athletic,2226
2026,Florida International,Conference USA,2229
2026,Florida State,ACC,52
2026,Fresno State,Pac-12,278
2026,Georgia,SEC,61
2026,Georgia Southern,Sun Belt,290
2026,Georgia State,Sun Belt,2247
2026,Georgia Tech,ACC,59
2026,Hawai'i,Mountain West,62
2026,Houston,Big 12,248
2026,Illinois,Big Ten,356
2026,Indiana,Big Ten,84
2026,Iowa,Big Ten,2294
2026,Iowa State,Big 12,66
2026,Jacksonville State,Conference USA,55
2026,James Madison,Sun Belt,256
2026,Kansas,Big 12,2305
2026,Kansas State,Big 12,2306
2026,Kennesaw State,Conference USA,338
2026,Kent State,Mid-American,2309
2026,Kentucky,SEC,96
2026,LSU,SEC,99
2026,Liberty,Conference USA,2335
2026,Louisiana,Sun Belt,309
2026,Louisiana Tech,Sun Belt,2348
2026,Louisville,ACC,97
2026,Marshall,Sun Belt,276
2026,Maryland,Big Ten,120
2026,Massachusetts,Mid-American,113
2026,Memphis,American Athletic,235
2026,Miami,ACC,2390
2026,Miami (OH),Mid-American,193
2026,Michigan,Big Ten,130
2026,Michigan State,Big Ten,127
2026,Middle Tennessee,Conference USA,2393
2026,Minnesota,Big Ten,135
2026,Mississippi State,SEC,344
2026,Missouri,SEC,142
2026,Missouri State,Conference USA,2623
2026,NC State,ACC,152
2026,Navy,American Athletic,2426
2026,Nebraska,Big Ten,158
2026,Nevada,Mountain West,2440
2026,New Mexico,Mountain West,167
2026,New Mexico State,Conference USA,166
2026,North Carolina,ACC,153
2026,North Dakota State,Mountain West,2449
2026,North Texas,American Athletic,249
2026,Northern Illinois,Mountain West,2459
2026,Northwestern,Big Ten,77
2026,Notre Dame,FBS Independents,87
2026,Ohio,Mid-American,195
2026,Ohio State,Big Ten,194
2026,Oklahoma,SEC,201
2026,Oklahoma State,Big 12,197
2026,Old Dominion,Sun Belt,295
2026,Ole Miss,SEC,145
2026,Oregon,Big Ten,2483
2026,Oregon State,Pac-12,204
2026,Penn State,Big Ten,213
2026,Pittsburgh,ACC,221
2026,Purdue,Big Ten,2509
2026,Rice,American Athletic,242
2026,Rutgers,Big Ten,164
2026,SMU,ACC,2567
2026,Sacramento State,Mid-American,16
2026,Sam Houston,Conference USA,2534
2026,San Diego State,Pac-12,21
2026,San José State,Mountain West,23
2026,South Alabama,Sun Belt,6
2026,South Carolina,SEC,2579
2026,South Florida,American Athletic,58
2026,Southern Miss,Sun Belt,2572
2026,Stanford,ACC,24
2026,Syracuse,ACC,183
2026,TCU,Big 12,2628
2026,Temple,American Athletic,218
2026,Tennessee,SEC,2633
2026,Texas,SEC,251
2026,Texas A&M,SEC,245
2026,Texas State,Pac-12,326
2026,Texas Tech,Big 12,2641
2026,Toledo,Mid-American,2649
2026,Troy,Sun Belt,2653
2026,Tulane,American Athletic,2655
2026,Tulsa,American Athletic,202
2026,UAB,American Athletic,5
2026,UCF,Big 12,2116
2026,UCLA,Big Ten,26
2026,UConn,FBS Independents,41
2026,UL Monroe,Sun Belt,2433
2026,UNLV,Mountain West,2439
2026,USC,Big Ten,30
2026,UTEP,Mountain West,2638
2026,UTSA,American Athletic,2636
2026,Utah,Big 12,254
2026,Utah State,Pac-12,328
2026,Vanderbilt,SEC,238
2026,Virginia,ACC,258
2026,Virginia Tech,ACC,259
2026,Wake Forest,ACC,154
2026,Washington,Big Ten,264
2026,Washington State,Pac-12,265
2026,West Virginia,Big 12,277
2026,Western Kentucky,Conference USA,98
2026,Western Michigan,Mid-American,2711
2026,Wisconsin,Big Ten,275
2026,Wyoming,Mountain West,2751
