game_id,season,week,home_team,away_team,p_home_win,predicted_margin,model_name,model_version,split,actual_home_win
401856634,2026,1,Alabama,East Carolina,0.731158473284865,8.174739007314495,in_game_wp,v1_forecast(histgbm),forecast,1.0
401856636,2026,1,Auburn,Baylor,0.48479227461842334,0.0,in_game_wp,v1_forecast(histgbm),forecast,
401856637,2026,1,Florida,Florida Atlantic,0.48479227461842334,0.0,in_game_wp,v1_forecast(histgbm),forecast,
401856660,2026,1,LSU,Clemson,0.48479227461842334,0.0,in_game_wp,v1_forecast(histgbm),forecast,
401856661,2026,1,Ole Miss,Louisville,0.48479227461842334,0.0,in_game_wp,v1_forecast(histgbm),forecast,
401856662,2026,1,Mississippi State,UL Monroe,0.48479227461842334,0.0,in_game_wp,v1_forecast(histgbm),forecast,
401856664,2026,1,Oklahoma,UTEP,0.8606357189466609,16.02617345817237,in_game_wp,v1_forecast(histgbm),forecast,1.0
401856665,2026,1,South Carolina,Kent State,0.768566233352521,13.097809915947762,in_game_wp,v1_forecast(histgbm),forecast,1.0
401856667,2026,1,Texas,Texas State,0.48479227461842334,0.0,in_game_wp,v1_forecast(histgbm),forecast,
401856668,2026,1,Texas A&M,Missouri State,0.48479227461842334,0.0,in_game_wp,v1_forecast(histgbm),forecast,
401856766,2026,1,TCU,North Carolina,0.6213465129059761,6.4382164938525595,in_game_wp,v1_forecast(histgbm),forecast,0.0
401856772,2026,1,Tulsa,Oklahoma State,0.48479227461842334,0.0,in_game_wp,v1_forecast(histgbm),forecast,
401856776,2026,1,Georgia Tech,Colorado,0.6482597733905624,6.699285446884344,in_game_wp,v1_forecast(histgbm),forecast,0.0
401856777,2026,1,Cincinnati,Boston College,0.48479227461842334,0.0,in_game_wp,v1_forecast(histgbm),forecast,
401856778,2026,1,Houston,Oregon State,0.7384627383551526,9.812960413309204,in_game_wp,v1_forecast(histgbm),forecast,1.0
401856780,2026,1,West Virginia,Coastal Carolina,0.6127904549151737,6.223836793660915,in_game_wp,v1_forecast(histgbm),forecast,1.0
401858201,2026,1,Stanford,Hawai'i,0.48479227461842334,1.1929626715583086,in_game_wp,v1_forecast(histgbm),forecast,1.0
401858202,2026,1,Virginia,NC State,0.6078424565677913,4.956904242240043,in_game_wp,v1_forecast(histgbm),forecast,1.0
401858204,2026,1,Wake Forest,Akron,0.7707317440932007,11.020336125466594,in_game_wp,v1_forecast(histgbm),forecast,1.0
401858206,2026,1,Stanford,Miami,0.23272438926970374,-8.548382223896205,in_game_wp,v1_forecast(histgbm),forecast,0.0
401858207,2026,1,Pittsburgh,Miami (OH),0.7016507692992805,7.7827366189914295,in_game_wp,v1_forecast(histgbm),forecast,1.0
401858209,2026,1,Duke,Tulane,0.48479227461842334,0.0,in_game_wp,v1_forecast(histgbm),forecast,
401858210,2026,1,California,UCLA,0.48479227461842334,0.0,in_game_wp,v1_forecast(histgbm),forecast,
401858212,2026,1,Florida State,SMU,0.48479227461842334,0.0,in_game_wp,v1_forecast(histgbm),forecast,
401858423,2026,1,Rutgers,Massachusetts,0.8606357189466609,16.00013883677734,in_game_wp,v1_forecast(histgbm),forecast,0.0
401858424,2026,1,Illinois,UAB,0.7707658776218578,12.277731268606967,in_game_wp,v1_forecast(histgbm),forecast,1.0
401858425,2026,1,Indiana,North Texas,0.7707317440932007,11.04589211402759,in_game_wp,v1_forecast(histgbm),forecast,1.0
401858426,2026,1,Iowa,Northern Illinois,0.48479227461842334,0.0,in_game_wp,v1_forecast(histgbm),forecast,
401858428,2026,1,Michigan,Western Michigan,0.48479227461842334,0.0,in_game_wp,v1_forecast(histgbm),forecast,
401858429,2026,1,Michigan State,Toledo,0.48749402553964466,-0.8810031482273599,in_game_wp,v1_forecast(histgbm),forecast,1.0
401858430,2026,1,Nebraska,Ohio,0.5918155642155389,5.1071861040370425,in_game_wp,v1_forecast(histgbm),forecast,1.0
401858432,2026,1,Ohio State,Ball State,0.9665081638112476,22.483507975430932,in_game_wp,v1_forecast(histgbm),forecast,1.0
401858433,2026,1,Oregon,Boise State,0.48479227461842334,0.0,in_game_wp,v1_forecast(histgbm),forecast,
401858434,2026,1,Penn State,Marshall,0.48479227461842334,0.0,in_game_wp,v1_forecast(histgbm),forecast,
401858436,2026,1,USC,Fresno State,0.7473198368646881,10.808574524580976,in_game_wp,v1_forecast(histgbm),forecast,1.0
401858437,2026,1,Washington,Washington State,0.48479227461842334,0.0,in_game_wp,v1_forecast(histgbm),forecast,
401858438,2026,1,Notre Dame,Wisconsin,0.48479227461842334,0.0,in_game_wp,v1_forecast(histgbm),forecast,
401860878,2026,1,Colorado State,Wyoming,0.48479227461842334,0.0,in_game_wp,v1_forecast(histgbm),forecast,
401862693,2026,1,UNLV,Memphis,0.5391014590139817,1.9453607520849892,in_game_wp,v1_forecast(histgbm),forecast,0.0
401862695,2026,1,Memphis,Arkansas State,0.48479227461842334,0.0,in_game_wp,v1_forecast(histgbm),forecast,
401862699,2026,1,South Florida,Florida International,0.48479227461842334,0.0,in_game_wp,v1_forecast(histgbm),forecast,
401864432,2026,1,Nevada,Western Kentucky,0.48479227461842334,0.0,in_game_wp,v1_forecast(histgbm),forecast,
401864494,2026,1,USC,San José State,0.8772793244959105,15.356267061710094,in_game_wp,v1_forecast(histgbm),forecast,1.0
401864495,2026,1,Eastern Michigan,San José State,0.5503498111451179,3.3388123200146262,in_game_wp,v1_forecast(histgbm),forecast,0.0
401864497,2026,1,Hawai'i,UNLV,0.48479227461842334,0.42763912700629536,in_game_wp,v1_forecast(histgbm),forecast,
401864498,2026,1,New Mexico,Central Michigan,0.48479227461842334,0.0,in_game_wp,v1_forecast(histgbm),forecast,
401864570,2026,1,Florida State,New Mexico State,0.7707317440932007,11.547467332365922,in_game_wp,v1_forecast(histgbm),forecast,1.0
401864577,2026,1,North Dakota State,Jacksonville State,0.49129286226589597,-0.5290563140871982,in_game_wp,v1_forecast(histgbm),forecast,1.0
401866408,2026,1,Eastern Michigan,Sacramento State,0.6645727755055006,3.9958023526508937,in_game_wp,v1_forecast(histgbm),forecast,1.0
401869960,2026,1,James Madison,Liberty,0.772684741816331,11.854765398965618,in_game_wp,v1_forecast(histgbm),forecast,1.0
401870763,2026,1,Troy,Sam Houston,0.48479227461842334,0.0,in_game_wp,v1_forecast(histgbm),forecast,
401856670,2026,2,Utah,Arkansas,0.48479227461842334,0.0,in_game_wp,v1_forecast(histgbm),forecast,
401856671,2026,2,Auburn,Southern Miss,0.48479227461842334,0.0,in_game_wp,v1_forecast(histgbm),forecast,
401856673,2026,2,Georgia,Western Kentucky,0.48479227461842334,0.0,in_game_wp,v1_forecast(histgbm),forecast,
401856674,2026,2,Kentucky,Alabama,0.48479227461842334,0.0,in_game_wp,v1_forecast(histgbm),forecast,
401856676,2026,2,Ole Miss,Charlotte,0.48479227461842334,0.0,in_game_wp,v1_forecast(histgbm),forecast,
401856677,2026,2,Minnesota,Mississippi State,0.48479227461842334,0.0,in_game_wp,v1_forecast(histgbm),forecast,
401856678,2026,2,Kansas,Missouri,0.48479227461842334,0.0,in_game_wp,v1_forecast(histgbm),forecast,
401856679,2026,2,Michigan,Oklahoma,0.48479227461842334,0.0,in_game_wp,v1_forecast(histgbm),forecast,
401856681,2026,2,Georgia Tech,Tennessee,0.48479227461842334,0.0,in_game_wp,v1_forecast(histgbm),forecast,
401856682,2026,2,Texas,Ohio State,0.48479227461842334,0.0,in_game_wp,v1_forecast(histgbm),forecast,
401856683,2026,2,Texas A&M,Arizona State,0.48479227461842334,0.0,in_game_wp,v1_forecast(histgbm),forecast,
401856684,2026,2,Vanderbilt,Delaware,0.48479227461842334,0.0,in_game_wp,v1_forecast(histgbm),forecast,
401856781,2026,2,Kansas State,Washington State,0.48479227461842334,0.0,in_game_wp,v1_forecast(histgbm),forecast,
401856782,2026,2,Oklahoma State,Oregon,0.48479227461842334,0.0,in_game_wp,v1_forecast(histgbm),forecast,
401856783,2026,2,Oregon State,Texas Tech,0.48479227461842334,0.0,in_game_wp,v1_forecast(histgbm),forecast,
401856788,2026,2,Iowa,Iowa State,0.48479227461842334,0.0,in_game_wp,v1_forecast(histgbm),forecast,
401856790,2026,2,Pittsburgh,UCF,0.48479227461842334,0.0,in_game_wp,v1_forecast(histgbm),forecast,
401856810,2026,2,BYU,Arizona,0.48479227461842334,0.0,in_game_wp,v1_forecast(histgbm),forecast,
401858214,2026,2,Boston College,Rutgers,0.48479227461842334,0.0,in_game_wp,v1_forecast(histgbm),forecast,
401858216,2026,2,Syracuse,California,0.48479227461842334,0.0,in_game_wp,v1_forecast(histgbm),forecast,
401858217,2026,2,Illinois,Duke,0.48479227461842334,0.0,in_game_wp,v1_forecast(histgbm),forecast,
401858219,2026,2,Clemson,Georgia Southern,0.48479227461842334,0.0,in_game_wp,v1_forecast(histgbm),forecast,
401858221,2026,2,Virginia Tech,Old Dominion,0.48479227461842334,0.0,in_game_wp,v1_forecast(histgbm),forecast,
401858224,2026,2,Purdue,Wake Forest,0.48479227461842334,0.0,in_game_wp,v1_forecast(histgbm),forecast,
401858440,2026,2,Michigan State,Eastern Michigan,0.606083386206591,6.920988110221046,in_game_wp,v1_forecast(histgbm),forecast,
401858441,2026,2,Nebraska,Bowling Green,0.48479227461842334,0.0,in_game_wp,v1_forecast(histgbm),forecast,
401858442,2026,2,Temple,Penn State,0.48479227461842334,0.0,in_game_wp,v1_forecast(histgbm),forecast,
401858443,2026,2,UCLA,San Diego State,0.48479227461842334,0.0,in_game_wp,v1_forecast(histgbm),forecast,
401858444,2026,2,UConn,Maryland,0.48479227461842334,0.0,in_game_wp,v1_forecast(histgbm),forecast,
401858445,2026,2,USC,Louisiana,0.48479227461842334,0.0,in_game_wp,v1_forecast(histgbm),forecast,
401858446,2026,2,Washington,Utah State,0.48479227461842334,0.0,in_game_wp,v1_forecast(histgbm),forecast,
401859184,2026,2,Notre Dame,Rice,0.48479227461842334,0.0,in_game_wp,v1_forecast(histgbm),forecast,
401860881,2026,2,Boise State,Memphis,0.48479227461842334,0.0,in_game_wp,v1_forecast(histgbm),forecast,
401860883,2026,2,Fresno State,Sacramento State,0.6928835808890683,8.003749547439494,in_game_wp,v1_forecast(histgbm),forecast,
401860884,2026,2,Texas State,UTSA,0.48479227461842334,0.0,in_game_wp,v1_forecast(histgbm),forecast,
401862702,2026,2,Army,South Florida,0.48479227461842334,0.0,in_game_wp,v1_forecast(histgbm),forecast,
401862703,2026,2,Florida Atlantic,Navy,0.48479227461842334,0.0,in_game_wp,v1_forecast(histgbm),forecast,
401862705,2026,2,North Texas,UNLV,0.5981702132259336,6.142923536142629,in_game_wp,v1_forecast(histgbm),forecast,
401862707,2026,2,Sam Houston,Tulsa,0.48479227461842334,0.0,in_game_wp,v1_forecast(histgbm),forecast,
401862708,2026,2,UAB,UL Monroe,0.48479227461842334,0.0,in_game_wp,v1_forecast(histgbm),forecast,
401864502,2026,2,Air Force,North Dakota State,0.48479227461842334,0.0,in_game_wp,v1_forecast(histgbm),forecast,
401864571,2026,2,East Carolina,App State,0.48479227461842334,0.0,in_game_wp,v1_forecast(histgbm),forecast,
401864575,2026,2,Tulane,South Alabama,0.48479227461842334,0.0,in_game_wp,v1_forecast(histgbm),forecast,
401864578,2026,2,Hawai'i,New Mexico State,0.6928835808890683,7.905371083015113,in_game_wp,v1_forecast(histgbm),forecast,
401866414,2026,2,Florida International,Buffalo,0.48479227461842334,0.0,in_game_wp,v1_forecast(histgbm),forecast,
401866418,2026,2,Ohio,Jacksonville State,0.6078424565677913,5.009986606669237,in_game_wp,v1_forecast(histgbm),forecast,
401867796,2026,2,LSU,Louisiana Tech,0.48479227461842334,0.0,in_game_wp,v1_forecast(histgbm),forecast,
401869955,2026,2,Kennesaw State,Georgia State,0.48479227461842334,0.0,in_game_wp,v1_forecast(histgbm),forecast,
401871045,2026,2,Marshall,Middle Tennessee,0.48479227461842334,0.0,in_game_wp,v1_forecast(histgbm),forecast,
401856685,2026,3,Alabama,Florida State,0.7016507692992805,7.5080338764637595,in_game_wp,v1_forecast(histgbm),forecast,
401856686,2026,3,Arkansas,Georgia,0.48479227461842334,0.0,in_game_wp,v1_forecast(histgbm),forecast,
401856687,2026,3,Auburn,Florida,0.48479227461842334,0.0,in_game_wp,v1_forecast(histgbm),forecast,
401856688,2026,3,Ole Miss,LSU,0.48479227461842334,0.0,in_game_wp,v1_forecast(histgbm),forecast,
401856689,2026,3,Missouri,Troy,0.48479227461842334,0.0,in_game_wp,v1_forecast(histgbm),forecast,
401856690,2026,3,Oklahoma,New Mexico,0.48479227461842334,0.0,in_game_wp,v1_forecast(histgbm),forecast,
401856691,2026,3,South Carolina,Mississippi State,0.48479227461842334,0.0,in_game_wp,v1_forecast(histgbm),forecast,
401856692,2026,3,Tennessee,Kennesaw State,0.48479227461842334,0.0,in_game_wp,v1_forecast(histgbm),forecast,
401856693,2026,3,Texas,UTSA,0.48479227461842334,0.0,in_game_wp,v1_forecast(histgbm),forecast,
401856694,2026,3,Texas A&M,Kentucky,0.48479227461842334,0.0,in_game_wp,v1_forecast(histgbm),forecast,
401856695,2026,3,Vanderbilt,NC State,0.48479227461842334,0.0,in_game_wp,v1_forecast(histgbm),forecast,
401856792,2026,3,Kansas State,Tulane,0.48479227461842334,0.0,in_game_wp,v1_forecast(histgbm),forecast,
401856793,2026,3,Arizona,Northern Illinois,0.48479227461842334,0.0,in_game_wp,v1_forecast(histgbm),forecast,
401856795,2026,3,Colorado State,BYU,0.48479227461842334,0.0,in_game_wp,v1_forecast(histgbm),forecast,
401856796,2026,3,Northwestern,Colorado,0.48479227461842334,0.0,in_game_wp,v1_forecast(histgbm),forecast,
401856797,2026,3,Cincinnati,Miami (OH),0.48479227461842334,0.0,in_game_wp,v1_forecast(histgbm),forecast,
401856798,2026,3,Iowa State,Bowling Green,0.48479227461842334,0.0,in_game_wp,v1_forecast(histgbm),forecast,
401856799,2026,3,TCU,Arkansas State,0.48479227461842334,0.0,in_game_wp,v1_forecast(histgbm),forecast,
401856800,2026,3,UCF,Georgia State,0.48479227461842334,0.0,in_game_wp,v1_forecast(histgbm),forecast,
401856801,2026,3,Utah,Utah State,0.48479227461842334,0.0,in_game_wp,v1_forecast(histgbm),forecast,
401856802,2026,3,Virginia,West Virginia,0.5904629267448559,5.716487191583663,in_game_wp,v1_forecast(histgbm),forecast,
401856811,2026,3,Texas Tech,Houston,0.48479227461842334,0.0,in_game_wp,v1_forecast(histgbm),forecast,
401856812,2026,3,Kansas,Arizona State,0.48479227461842334,0.0,in_game_wp,v1_forecast(histgbm),forecast,
401858225,2026,3,Pittsburgh,Syracuse,0.48479227461842334,0.0,in_game_wp,v1_forecast(histgbm),forecast,
401858226,2026,3,Wake Forest,Miami,0.46249315738356134,-5.437646071599863,in_game_wp,v1_forecast(histgbm),forecast,
401858229,2026,3,Clemson,North Carolina,0.48479227461842334,0.0,in_game_wp,v1_forecast(histgbm),forecast,
401858230,2026,3,Louisville,SMU,0.48479227461842334,0.0,in_game_wp,v1_forecast(histgbm),forecast,
401858231,2026,3,Duke,Stanford,0.48479227461842334,0.0,in_game_wp,v1_forecast(histgbm),forecast,
401858232,2026,3,Maryland,Virginia Tech,0.48479227461842334,0.0,in_game_wp,v1_forecast(histgbm),forecast,
401858449,2026,3,Indiana,Western Kentucky,0.48479227461842334,0.0,in_game_wp,v1_forecast(histgbm),forecast,
401858450,2026,3,Michigan,UTEP,0.48479227461842334,0.0,in_game_wp,v1_forecast(histgbm),forecast,
401858451,2026,3,Minnesota,Akron,0.48479227461842334,0.0,in_game_wp,v1_forecast(histgbm),forecast,
401858453,2026,3,Notre Dame,Michigan State,0.48479227461842334,0.0,in_game_wp,v1_forecast(histgbm),forecast,
401858454,2026,3,Ohio State,Kent State,0.9665081638112476,22.224931811980625,in_game_wp,v1_forecast(histgbm),forecast,
401858456,2026,3,Penn State,Buffalo,0.48479227461842334,0.0,in_game_wp,v1_forecast(histgbm),forecast,
401858457,2026,3,Rutgers,USC,0.43431792142483416,-4.765606152574221,in_game_wp,v1_forecast(histgbm),forecast,
401858458,2026,3,UCLA,Purdue,0.48479227461842334,0.0,in_game_wp,v1_forecast(histgbm),forecast,
401858460,2026,3,Wisconsin,Eastern Michigan,0.48479227461842334,0.0,in_game_wp,v1_forecast(histgbm),forecast,
401860887,2026,3,San Diego State,James Madison,0.48479227461842334,0.0,in_game_wp,v1_forecast(histgbm),forecast,
401860888,2026,3,San José State,Fresno State,0.41547173791904496,-1.7486255594550082,in_game_wp,v1_forecast(histgbm),forecast,
401860889,2026,3,Texas State,North Texas,0.48479227461842334,0.0,in_game_wp,v1_forecast(histgbm),forecast,
401861963,2026,3,Southern Miss,UConn,0.48479227461842334,0.0,in_game_wp,v1_forecast(histgbm),forecast,
401862710,2026,3,Old Dominion,East Carolina,0.48479227461842334,0.0,in_game_wp,v1_forecast(histgbm),forecast,
401862771,2026,3,Florida Atlantic,Florida International,0.48479227461842334,0.0,in_game_wp,v1_forecast(histgbm),forecast,
401862773,2026,3,Rice,Western Michigan,0.48479227461842334,0.0,in_game_wp,v1_forecast(histgbm),forecast,
401862774,2026,3,Toledo,Temple,0.48479227461842334,0.0,in_game_wp,v1_forecast(histgbm),forecast,
401862776,2026,3,Louisiana,UAB,0.48479227461842334,0.0,in_game_wp,v1_forecast(histgbm),forecast,
401864443,2026,3,Middle Tennessee,Nevada,0.48479227461842334,0.0,in_game_wp,v1_forecast(histgbm),forecast,
401864507,2026,3,Sacramento State,North Dakota State,0.4803932244830722,2.7990669776741086,in_game_wp,v1_forecast(histgbm),forecast,
401864508,2026,3,Central Michigan,Wyoming,0.48479227461842334,0.0,in_game_wp,v1_forecast(histgbm),forecast,
401864574,2026,3,App State,Charlotte,0.48479227461842334,0.0,in_game_wp,v1_forecast(histgbm),forecast,
401866422,2026,3,Liberty,Ball State,0.6928835808890683,7.988287964098234,in_game_wp,v1_forecast(histgbm),forecast,
401866423,2026,3,South Alabama,Ohio,0.48479227461842334,0.0,in_game_wp,v1_forecast(histgbm),forecast,
401867804,2026,3,Baylor,Louisiana Tech,0.48479227461842334,0.0,in_game_wp,v1_forecast(histgbm),forecast,
401869940,2026,3,Delaware,Coastal Carolina,0.48479227461842334,0.0,in_game_wp,v1_forecast(histgbm),forecast,
401869948,2026,3,Jacksonville State,Georgia Southern,0.48479227461842334,0.0,in_game_wp,v1_forecast(histgbm),forecast,
401871047,2026,3,Missouri State,Marshall,0.48479227461842334,0.0,in_game_wp,v1_forecast(histgbm),forecast,
401856696,2026,4,Alabama,South Carolina,0.7016507692992805,7.736651252329552,in_game_wp,v1_forecast(histgbm),forecast,
401856697,2026,4,Arkansas,Tulsa,0.48479227461842334,0.0,in_game_wp,v1_forecast(histgbm),forecast,
401856698,2026,4,Auburn,Vanderbilt,0.48479227461842334,0.0,in_game_wp,v1_forecast(histgbm),forecast,
401856699,2026,4,Florida,Ole Miss,0.48479227461842334,0.0,in_game_wp,v1_forecast(histgbm),forecast,
401856700,2026,4,Georgia,Oklahoma,0.48479227461842334,0.0,in_game_wp,v1_forecast(histgbm),forecast,
401856702,2026,4,LSU,Texas A&M,0.48479227461842334,0.0,in_game_wp,v1_forecast(histgbm),forecast,
401856703,2026,4,Mississippi State,Missouri,0.48479227461842334,0.0,in_game_wp,v1_forecast(histgbm),forecast,
401856704,2026,4,Tennessee,Texas,0.48479227461842334,0.0,in_game_wp,v1_forecast(histgbm),forecast,
401856804,2026,4,Washington State,Arizona,0.48479227461842334,0.0,in_game_wp,v1_forecast(histgbm),forecast,
401856805,2026,4,Texas Tech,Sam Houston,0.48479227461842334,0.0,in_game_wp,v1_forecast(histgbm),forecast,
401856806,2026,4,Georgia Southern,Houston,0.48479227461842334,0.0,in_game_wp,v1_forecast(histgbm),forecast,
401856813,2026,4,Baylor,Colorado,0.48479227461842334,0.0,in_game_wp,v1_forecast(histgbm),forecast,
401856814,2026,4,Cincinnati,Kansas State,0.48479227461842334,0.0,in_game_wp,v1_forecast(histgbm),forecast,
401856815,2026,4,UCF,TCU,0.48479227461842334,0.0,in_game_wp,v1_forecast(histgbm),forecast,
401856816,2026,4,Iowa State,Utah,0.48479227461842334,0.0,in_game_wp,v1_forecast(histgbm),forecast,
401856881,2026,4,West Virginia,Oklahoma State,0.48479227461842334,0.0,in_game_wp,v1_forecast(histgbm),forecast,
401858234,2026,4,California,Clemson,0.48479227461842334,0.0,in_game_wp,v1_forecast(histgbm),forecast,
401858238,2026,4,Miami,Central Michigan,0.48479227461842334,0.0,in_game_wp,v1_forecast(histgbm),forecast,
401858239,2026,4,Virginia,Delaware,0.48479227461842334,0.0,in_game_wp,v1_forecast(histgbm),forecast,
401858240,2026,4,Stanford,Georgia Tech,0.41547173791904496,-1.7782439049223822,in_game_wp,v1_forecast(histgbm),forecast,
401858241,2026,4,SMU,Missouri State,0.48479227461842334,0.0,in_game_wp,v1_forecast(histgbm),forecast,
401858242,2026,4,Boston College,Virginia Tech,0.48479227461842334,0.0,in_game_wp,v1_forecast(histgbm),forecast,
401858243,2026,4,Louisville,Wake Forest,0.48479227461842334,0.0,in_game_wp,v1_forecast(histgbm),forecast,
401858461,2026,4,Indiana,Northwestern,0.48479227461842334,0.0,in_game_wp,v1_forecast(histgbm),forecast,
401858462,2026,4,Maryland,UCLA,0.48479227461842334,0.0,in_game_wp,v1_forecast(histgbm),forecast,
401858463,2026,4,Michigan,Iowa,0.48479227461842334,0.0,in_game_wp,v1_forecast(histgbm),forecast,
401858464,2026,4,Michigan State,Nebraska,0.48479227461842334,0.2705614380784622,in_game_wp,v1_forecast(histgbm),forecast,
401858465,2026,4,Ohio State,Illinois,0.7707317440932007,11.150573062315065,in_game_wp,v1_forecast(histgbm),forecast,
401858466,2026,4,Penn State,Wisconsin,0.48479227461842334,0.0,in_game_wp,v1_forecast(histgbm),forecast,
401858467,2026,4,Purdue,Notre Dame,0.48479227461842334,0.0,in_game_wp,v1_forecast(histgbm),forecast,
401858469,2026,4,USC,Oregon,0.48479227461842334,0.0,in_game_wp,v1_forecast(histgbm),forecast,
401858470,2026,4,Washington,Minnesota,0.48479227461842334,0.0,in_game_wp,v1_forecast(histgbm),forecast,
401860891,2026,4,Fresno State,Rice,0.48479227461842334,0.0,in_game_wp,v1_forecast(histgbm),forecast,
401860893,2026,4,Toledo,San Diego State,0.48479227461842334,0.0,in_game_wp,v1_forecast(histgbm),forecast,
401860894,2026,4,Utah State,Troy,0.48479227461842334,0.0,in_game_wp,v1_forecast(histgbm),forecast,
401860895,2026,4,UTEP,Oregon State,0.49436759675867425,1.6110362366474753,in_game_wp,v1_forecast(histgbm),forecast,
401860896,2026,4,UTSA,Colorado State,0.48479227461842334,0.0,in_game_wp,v1_forecast(histgbm),forecast,
401860897,2026,4,Western Michigan,Boise State,0.48479227461842334,0.0,in_game_wp,v1_forecast(histgbm),forecast,
401861970,2026,4,Miami (OH),UConn,0.48479227461842334,0.0,in_game_wp,v1_forecast(histgbm),forecast,
401862778,2026,4,UAB,Navy,0.48479227461842334,0.0,in_game_wp,v1_forecast(histgbm),forecast,
401862779,2026,4,Temple,Army,0.48479227461842334,0.0,in_game_wp,v1_forecast(histgbm),forecast,
401862780,2026,4,Charlotte,Louisiana,0.48479227461842334,0.0,in_game_wp,v1_forecast(histgbm),forecast,
401862782,2026,4,UL Monroe,Florida Atlantic,0.48479227461842334,0.0,in_game_wp,v1_forecast(histgbm),forecast,
401862784,2026,4,Tulane,Southern Miss,0.48479227461842334,0.0,in_game_wp,v1_forecast(histgbm),forecast,
401862785,2026,4,Bowling Green,South Florida,0.48479227461842334,0.0,in_game_wp,v1_forecast(histgbm),forecast,
401864509,2026,4,Nevada,Air Force,0.48479227461842334,0.0,in_game_wp,v1_forecast(histgbm),forecast,
401864510,2026,4,Wyoming,Hawai'i,0.48479227461842334,0.0,in_game_wp,v1_forecast(histgbm),forecast,
401864511,2026,4,Georgia State,Northern Illinois,0.48479227461842334,0.0,in_game_wp,v1_forecast(histgbm),forecast,
401864512,2026,4,Akron,UNLV,0.291578847288894,-6.2889981746056485,in_game_wp,v1_forecast(histgbm),forecast,
401864572,2026,4,NC State,App State,0.48479227461842334,0.0,in_game_wp,v1_forecast(histgbm),forecast,
401864576,2026,4,Kentucky,South Alabama,0.48479227461842334,0.0,in_game_wp,v1_forecast(histgbm),forecast,
401864579,2026,4,New Mexico State,New Mexico,0.48479227461842334,0.0,in_game_wp,v1_forecast(histgbm),forecast,
401866425,2026,4,Kent State,Ball State,0.4632929149719366,3.0576431411244167,in_game_wp,v1_forecast(histgbm),forecast,
401866429,2026,4,Sacramento State,Massachusetts,0.7473198368646881,10.350621850353418,in_game_wp,v1_forecast(histgbm),forecast,
401869931,2026,4,Arkansas State,Kennesaw State,0.48479227461842334,0.0,in_game_wp,v1_forecast(histgbm),forecast,
401869941,2026,4,Coastal Carolina,Liberty,0.4969740544514757,-0.3225757700211864,in_game_wp,v1_forecast(histgbm),forecast,
401869961,2026,4,Old Dominion,James Madison,0.48479227461842334,0.0,in_game_wp,v1_forecast(histgbm),forecast,
401871048,2026,4,Jacksonville State,Middle Tennessee,0.48479227461842334,0.0,in_game_wp,v1_forecast(histgbm),forecast,
401856705,2026,5,Georgia,Vanderbilt,0.48479227461842334,0.0,in_game_wp,v1_forecast(histgbm),forecast,
401856707,2026,5,Mississippi State,Alabama,0.48479227461842334,0.0,in_game_wp,v1_forecast(histgbm),forecast,
401856708,2026,5,Missouri,Florida,0.48479227461842334,0.0,in_game_wp,v1_forecast(histgbm),forecast,
401856709,2026,5,South Carolina,Kentucky,0.48479227461842334,0.0,in_game_wp,v1_forecast(histgbm),forecast,
401856710,2026,5,Tennessee,Auburn,0.48479227461842334,0.0,in_game_wp,v1_forecast(histgbm),forecast,
401856711,2026,5,Texas A&M,Arkansas,0.48479227461842334,0.0,in_game_wp,v1_forecast(histgbm),forecast,
401856807,2026,5,Kansas,Middle Tennessee,0.48479227461842334,0.0,in_game_wp,v1_forecast(histgbm),forecast,
401856817,2026,5,Arizona State,Baylor,0.48479227461842334,0.0,in_game_wp,v1_forecast(histgbm),forecast,
401856818,2026,5,TCU,BYU,0.48479227461842334,0.0,in_game_wp,v1_forecast(histgbm),forecast,
401856819,2026,5,Houston,UCF,0.48479227461842334,0.0,in_game_wp,v1_forecast(histgbm),forecast,
401856820,2026,5,Arizona,Cincinnati,0.48479227461842334,0.0,in_game_wp,v1_forecast(histgbm),forecast,
401856821,2026,5,Colorado,Texas Tech,0.48479227461842334,0.0,in_game_wp,v1_forecast(histgbm),forecast,
401856822,2026,5,Iowa State,West Virginia,0.48479227461842334,0.0,in_game_wp,v1_forecast(histgbm),forecast,
401858245,2026,5,Virginia Tech,Pittsburgh,0.48479227461842334,0.0,in_game_wp,v1_forecast(histgbm),forecast,
401858246,2026,5,SMU,Boston College,0.48479227461842334,0.0,in_game_wp,v1_forecast(histgbm),forecast,
401858247,2026,5,UNLV,California,0.48479227461842334,0.0,in_game_wp,v1_forecast(histgbm),forecast,
401858248,2026,5,NC State,Louisville,0.48479227461842334,0.0,in_game_wp,v1_forecast(histgbm),forecast,
401858249,2026,5,Clemson,Miami,0.48479227461842334,0.0,in_game_wp,v1_forecast(histgbm),forecast,
401858250,2026,5,North Carolina,Notre Dame,0.48479227461842334,0.0,in_game_wp,v1_forecast(histgbm),forecast,
401858251,2026,5,Wake Forest,Stanford,0.5822710955890453,5.9098031299704505,in_game_wp,v1_forecast(histgbm),forecast,
401858252,2026,5,UConn,Syracuse,0.48479227461842334,0.0,in_game_wp,v1_forecast(histgbm),forecast,
401858253,2026,5,Florida State,Virginia,0.4515768027182449,2.376168208964563,in_game_wp,v1_forecast(histgbm),forecast,
401858472,2026,5,Illinois,Purdue,0.48479227461842334,0.0,in_game_wp,v1_forecast(histgbm),forecast,
401858473,2026,5,Iowa,Ohio State,0.48479227461842334,0.0,in_game_wp,v1_forecast(histgbm),forecast,
401858474,2026,5,Minnesota,Michigan,0.48479227461842334,0.0,in_game_wp,v1_forecast(histgbm),forecast,
401858475,2026,5,Nebraska,Maryland,0.48479227461842334,0.0,in_game_wp,v1_forecast(histgbm),forecast,
401858476,2026,5,Northwestern,Penn State,0.48479227461842334,0.0,in_game_wp,v1_forecast(histgbm),forecast,
401858477,2026,5,Rutgers,Indiana,0.15481432083692218,-10.695226099890665,in_game_wp,v1_forecast(histgbm),forecast,
401858478,2026,5,USC,Washington,0.48479227461842334,0.0,in_game_wp,v1_forecast(histgbm),forecast,
401858479,2026,5,Wisconsin,Michigan State,0.48479227461842334,0.0,in_game_wp,v1_forecast(histgbm),forecast,
401860898,2026,5,Boise State,Utah State,0.48479227461842334,0.0,in_game_wp,v1_forecast(histgbm),forecast,
401860899,2026,5,Colorado State,Oregon State,0.48479227461842334,0.0,in_game_wp,v1_forecast(histgbm),forecast,
401860900,2026,5,San Diego State,Texas State,0.48479227461842334,0.0,in_game_wp,v1_forecast(histgbm),forecast,
401860921,2026,5,Washington State,Fresno State,0.48479227461842334,0.0,in_game_wp,v1_forecast(histgbm),forecast,
401862786,2026,5,Tulsa,North Texas,0.48479227461842334,0.0,in_game_wp,v1_forecast(histgbm),forecast,
401862787,2026,5,Charlotte,Memphis,0.48479227461842334,0.0,in_game_wp,v1_forecast(histgbm),forecast,
401862788,2026,5,Rice,UTSA,0.48479227461842334,0.0,in_game_wp,v1_forecast(histgbm),forecast,
401862791,2026,5,Air Force,Navy,0.48479227461842334,0.0,in_game_wp,v1_forecast(histgbm),forecast,
401862792,2026,5,South Florida,Temple,0.48479227461842334,0.0,in_game_wp,v1_forecast(histgbm),forecast,
401864513,2026,5,Hawai'i,San José State,0.7016507692992805,7.3237774635367225,in_game_wp,v1_forecast(histgbm),forecast,
401864514,2026,5,New Mexico,UTEP,0.48479227461842334,0.0,in_game_wp,v1_forecast(histgbm),forecast,
401864515,2026,5,North Dakota State,Wyoming,0.48479227461842334,0.0,in_game_wp,v1_forecast(histgbm),forecast,
401866430,2026,5,Central Michigan,Akron,0.48479227461842334,0.0,in_game_wp,v1_forecast(histgbm),forecast,
401866431,2026,5,Ball State,Toledo,0.22538437190885297,-8.161799365491145,in_game_wp,v1_forecast(histgbm),forecast,
401866432,2026,5,Buffalo,Western Michigan,0.48479227461842334,0.0,in_game_wp,v1_forecast(histgbm),forecast,
401866433,2026,5,Massachusetts,Eastern Michigan,0.291578847288894,-5.949223269981985,in_game_wp,v1_forecast(histgbm),forecast,
401866434,2026,5,Kent State,Ohio,0.43431792142483416,-4.44353948937208,in_game_wp,v1_forecast(histgbm),forecast,
401866477,2026,5,Miami (OH),Bowling Green,0.48479227461842334,0.0,in_game_wp,v1_forecast(histgbm),forecast,
401869842,2026,5,Louisiana Tech,Army,0.48479227461842334,0.0,in_game_wp,v1_forecast(histgbm),forecast,
401869932,2026,5,Louisiana,Arkansas State,0.48479227461842334,0.0,in_game_wp,v1_forecast(histgbm),forecast,
401869942,2026,5,Coastal Carolina,Georgia Southern,0.48479227461842334,0.0,in_game_wp,v1_forecast(histgbm),forecast,
401869956,2026,5,Georgia State,Old Dominion,0.48479227461842334,0.0,in_game_wp,v1_forecast(histgbm),forecast,
401869962,2026,5,James Madison,Marshall,0.48479227461842334,0.0,in_game_wp,v1_forecast(histgbm),forecast,
401871049,2026,5,New Mexico State,Western Kentucky,0.48479227461842334,0.0,in_game_wp,v1_forecast(histgbm),forecast,
401871050,2026,5,Delaware,Liberty,0.48479227461842334,0.0,in_game_wp,v1_forecast(histgbm),forecast,
401871089,2026,5,South Alabama,UL Monroe,0.48479227461842334,0.0,in_game_wp,v1_forecast(histgbm),forecast,
401856712,2026,6,Alabama,Georgia,0.48479227461842334,0.0,in_game_wp,v1_forecast(histgbm),forecast,
401856713,2026,6,Arkansas,Tennessee,0.48479227461842334,0.0,in_game_wp,v1_forecast(histgbm),forecast,
401856714,2026,6,Florida,South Carolina,0.48479227461842334,0.0,in_game_wp,v1_forecast(histgbm),forecast,
401856715,2026,6,Kentucky,LSU,0.48479227461842334,0.0,in_game_wp,v1_forecast(histgbm),forecast,
401856716,2026,6,Missouri,Texas A&M,0.48479227461842334,0.0,in_game_wp,v1_forecast(histgbm),forecast,
401856717,2026,6,Oklahoma,Texas,0.48479227461842334,0.0,in_game_wp,v1_forecast(histgbm),forecast,
401856718,2026,6,Vanderbilt,Ole Miss,0.48479227461842334,0.0,in_game_wp,v1_forecast(histgbm),forecast,
401856808,2026,6,Arizona State,Hawai'i,0.48479227461842334,0.0,in_game_wp,v1_forecast(histgbm),forecast,
401856823,2026,6,West Virginia,Arizona,0.48479227461842334,0.0,in_game_wp,v1_forecast(histgbm),forecast,
401856824,2026,6,Oklahoma State,UCF,0.48479227461842334,0.0,in_game_wp,v1_forecast(histgbm),forecast,
401856825,2026,6,Kansas State,Houston,0.48479227461842334,0.0,in_game_wp,v1_forecast(histgbm),forecast,
401856826,2026,6,BYU,Iowa State,0.48479227461842334,0.0,in_game_wp,v1_forecast(histgbm),forecast,
401856827,2026,6,Utah,Kansas,0.48479227461842334,0.0,in_game_wp,v1_forecast(histgbm),forecast,
401858254,2026,6,Louisville,Florida State,0.48479227461842334,0.0,in_game_wp,v1_forecast(histgbm),forecast,
401858255,2026,6,Georgia Tech,Duke,0.48479227461842334,0.0,in_game_wp,v1_forecast(histgbm),forecast,
401858256,2026,6,Pittsburgh,North Carolina,0.7384627383551526,9.473589087569525,in_game_wp,v1_forecast(histgbm),forecast,
401858257,2026,6,Notre Dame,Stanford,0.48479227461842334,0.0,in_game_wp,v1_forecast(histgbm),forecast,
401858258,2026,6,Virginia,Syracuse,0.48479227461842334,0.0,in_game_wp,v1_forecast(histgbm),forecast,
401858259,2026,6,California,Virginia Tech,0.48479227461842334,0.0,in_game_wp,v1_forecast(histgbm),forecast,
401858260,2026,6,NC State,Wake Forest,0.5503498111451179,3.201592884987989,in_game_wp,v1_forecast(histgbm),forecast,
401858480,2026,6,Michigan State,Illinois,0.44094248386665397,-1.2530717181779742,in_game_wp,v1_forecast(histgbm),forecast,
401858481,2026,6,Nebraska,Indiana,0.23272438926970374,-8.497581039195218,in_game_wp,v1_forecast(histgbm),forecast,
401858482,2026,6,Northwestern,Ball State,0.48479227461842334,0.0,in_game_wp,v1_forecast(histgbm),forecast,
401858483,2026,6,Ohio State,Maryland,0.48479227461842334,0.0,in_game_wp,v1_forecast(histgbm),forecast,
401858484,2026,6,Oregon,UCLA,0.48479227461842334,0.0,in_game_wp,v1_forecast(histgbm),forecast,
401858485,2026,6,Penn State,USC,0.48479227461842334,0.0,in_game_wp,v1_forecast(histgbm),forecast,
401858486,2026,6,Purdue,Minnesota,0.48479227461842334,0.0,in_game_wp,v1_forecast(histgbm),forecast,
401858487,2026,6,Washington,Iowa,0.48479227461842334,0.0,in_game_wp,v1_forecast(histgbm),forecast,
401860901,2026,6,Fresno State,Boise State,0.48479227461842334,0.0,in_game_wp,v1_forecast(histgbm),forecast,
401860902,2026,6,Oregon State,San Diego State,0.48479227461842334,0.0,in_game_wp,v1_forecast(histgbm),forecast,
401860922,2026,6,Utah State,Washington State,0.48479227461842334,0.0,in_game_wp,v1_forecast(histgbm),forecast,
401861964,2026,6,Temple,UConn,0.48479227461842334,0.0,in_game_wp,v1_forecast(histgbm),forecast,
401862794,2026,6,UTSA,South Florida,0.48479227461842334,0.0,in_game_wp,v1_forecast(histgbm),forecast,
401862795,2026,6,Army,Tulane,0.48479227461842334,0.0,in_game_wp,v1_forecast(histgbm),forecast,
401862796,2026,6,North Texas,Charlotte,0.48479227461842334,0.0,in_game_wp,v1_forecast(histgbm),forecast,
401862797,2026,6,East Carolina,Rice,0.48479227461842334,0.0,in_game_wp,v1_forecast(histgbm),forecast,
401862798,2026,6,Memphis,UAB,0.7707317440932007,11.313770659986977,in_game_wp,v1_forecast(histgbm),forecast,
401862799,2026,6,Navy,Tulsa,0.48479227461842334,0.0,in_game_wp,v1_forecast(histgbm),forecast,
401864516,2026,6,Northern Illinois,Air Force,0.48479227461842334,0.0,in_game_wp,v1_forecast(histgbm),forecast,
401864517,2026,6,UTEP,Nevada,0.48479227461842334,0.0,in_game_wp,v1_forecast(histgbm),forecast,
401864518,2026,6,UNLV,North Dakota State,0.7473198368646881,10.352195346840803,in_game_wp,v1_forecast(histgbm),forecast,
401864519,2026,6,San José State,Wyoming,0.48479227461842334,0.0,in_game_wp,v1_forecast(histgbm),forecast,
401866435,2026,6,Akron,Eastern Michigan,0.48479227461842334,0.06739481958426108,in_game_wp,v1_forecast(histgbm),forecast,
401866436,2026,6,Bowling Green,Sacramento State,0.48479227461842334,0.0,in_game_wp,v1_forecast(histgbm),forecast,
401866437,2026,6,Toledo,Buffalo,0.48479227461842334,0.0,in_game_wp,v1_forecast(histgbm),forecast,
401866438,2026,6,Ohio,Central Michigan,0.48479227461842334,0.0,in_game_wp,v1_forecast(histgbm),forecast,
401866439,2026,6,Western Michigan,Kent State,0.48479227461842334,0.0,in_game_wp,v1_forecast(histgbm),forecast,
401866440,2026,6,Massachusetts,Miami (OH),0.22334662566156394,-8.998966373217332,in_game_wp,v1_forecast(histgbm),forecast,
401869843,2026,6,App State,Old Dominion,0.48479227461842334,0.0,in_game_wp,v1_forecast(histgbm),forecast,
401869933,2026,6,Arkansas State,South Alabama,0.48479227461842334,0.0,in_game_wp,v1_forecast(histgbm),forecast,
401869943,2026,6,Marshall,Coastal Carolina,0.48479227461842334,0.0,in_game_wp,v1_forecast(histgbm),forecast,
401869949,2026,6,Georgia Southern,James Madison,0.48479227461842334,0.0,in_game_wp,v1_forecast(histgbm),forecast,
401869965,2026,6,Louisiana Tech,Louisiana,0.48479227461842334,0.0,in_game_wp,v1_forecast(histgbm),forecast,
401870766,2026,6,Liberty,Sam Houston,0.48479227461842334,0.0,in_game_wp,v1_forecast(histgbm),forecast,
401871051,2026,6,Kennesaw State,Jacksonville State,0.48479227461842334,0.0,in_game_wp,v1_forecast(histgbm),forecast,
401871052,2026,6,Western Kentucky,Missouri State,0.48479227461842334,0.0,in_game_wp,v1_forecast(histgbm),forecast,
401871066,2026,6,Florida International,New Mexico State,0.48479227461842334,0.0,in_game_wp,v1_forecast(histgbm),forecast,
401871090,2026,6,Troy,Southern Miss,0.48479227461842334,0.0,in_game_wp,v1_forecast(histgbm),forecast,
401856719,2026,7,Georgia,Auburn,0.48479227461842334,0.0,in_game_wp,v1_forecast(histgbm),forecast,
401856720,2026,7,LSU,Mississippi State,0.48479227461842334,0.0,in_game_wp,v1_forecast(histgbm),forecast,
401856721,2026,7,Ole Miss,Missouri,0.48479227461842334,0.0,in_game_wp,v1_forecast(histgbm),forecast,
401856722,2026,7,Oklahoma,Kentucky,0.48479227461842334,0.0,in_game_wp,v1_forecast(histgbm),forecast,
401856723,2026,7,Tennessee,Alabama,0.48479227461842334,0.0,in_game_wp,v1_forecast(histgbm),forecast,
401856724,2026,7,Texas,Florida,0.48479227461842334,0.0,in_game_wp,v1_forecast(histgbm),forecast,
401856726,2026,7,Vanderbilt,Arkansas,0.48479227461842334,0.0,in_game_wp,v1_forecast(histgbm),forecast,
401856809,2026,7,BYU,Notre Dame,0.48479227461842334,0.0,in_game_wp,v1_forecast(histgbm),forecast,
401856828,2026,7,Texas Tech,Arizona State,0.48479227461842334,0.0,in_game_wp,v1_forecast(histgbm),forecast,
401856829,2026,7,West Virginia,Cincinnati,0.48479227461842334,0.0,in_game_wp,v1_forecast(histgbm),forecast,
401856830,2026,7,Kansas State,Kansas,0.48479227461842334,0.0,in_game_wp,v1_forecast(histgbm),forecast,
401856831,2026,7,Houston,Oklahoma State,0.48479227461842334,0.0,in_game_wp,v1_forecast(histgbm),forecast,
401856832,2026,7,Baylor,TCU,0.48479227461842334,0.0,in_game_wp,v1_forecast(histgbm),forecast,
401856833,2026,7,Colorado,Utah,0.48479227461842334,0.0,in_game_wp,v1_forecast(histgbm),forecast,
401858263,2026,7,Miami,Florida State,0.731158473284865,8.898315623777812,in_game_wp,v1_forecast(histgbm),forecast,
401858264,2026,7,Virginia Tech,Georgia Tech,0.48479227461842334,0.0,in_game_wp,v1_forecast(histgbm),forecast,
401858265,2026,7,Syracuse,Louisville,0.48479227461842334,0.0,in_game_wp,v1_forecast(histgbm),forecast,
401858266,2026,7,Duke,North Carolina,0.48479227461842334,0.0,in_game_wp,v1_forecast(histgbm),forecast,
401858267,2026,7,Boston College,Pittsburgh,0.48479227461842334,0.0,in_game_wp,v1_forecast(histgbm),forecast,
401858268,2026,7,SMU,Virginia,0.48479227461842334,0.0,in_game_wp,v1_forecast(histgbm),forecast,
401858269,2026,7,California,Wake Forest,0.48479227461842334,0.0,in_game_wp,v1_forecast(histgbm),forecast,
401858488,2026,7,Indiana,Ohio State,0.6110517028778599,4.220575753646042,in_game_wp,v1_forecast(histgbm),forecast,
401858489,2026,7,Maryland,Rutgers,0.48479227461842334,0.0,in_game_wp,v1_forecast(histgbm),forecast,
401858490,2026,7,Michigan,Penn State,0.48479227461842334,0.0,in_game_wp,v1_forecast(histgbm),forecast,
401858491,2026,7,Michigan State,Northwestern,0.48479227461842334,0.0,in_game_wp,v1_forecast(histgbm),forecast,
401858492,2026,7,Oregon,Nebraska,0.48479227461842334,0.0,in_game_wp,v1_forecast(histgbm),forecast,
401858493,2026,7,Purdue,Washington,0.48479227461842334,0.0,in_game_wp,v1_forecast(histgbm),forecast,
401858494,2026,7,UCLA,Wisconsin,0.48479227461842334,0.0,in_game_wp,v1_forecast(histgbm),forecast,
401860903,2026,7,Oregon State,Washington State,0.48479227461842334,0.0,in_game_wp,v1_forecast(histgbm),forecast,
401860904,2026,7,San Diego State,Fresno State,0.48479227461842334,0.0,in_game_wp,v1_forecast(histgbm),forecast,
401860923,2026,7,Texas State,Colorado State,0.48479227461842334,0.0,in_game_wp,v1_forecast(histgbm),forecast,
401862800,2026,7,UAB,East Carolina,0.46249315738356134,-5.465893746881903,in_game_wp,v1_forecast(histgbm),forecast,
401862801,2026,7,Tulane,Memphis,0.48479227461842334,0.0,in_game_wp,v1_forecast(histgbm),forecast,
401862802,2026,7,Army,Florida Atlantic,0.48479227461842334,0.0,in_game_wp,v1_forecast(histgbm),forecast,
401862803,2026,7,Temple,Charlotte,0.48479227461842334,0.0,in_game_wp,v1_forecast(histgbm),forecast,
401862804,2026,7,UTSA,Navy,0.48479227461842334,0.0,in_game_wp,v1_forecast(histgbm),forecast,
401862805,2026,7,Rice,Tulsa,0.48479227461842334,0.0,in_game_wp,v1_forecast(histgbm),forecast,
401862806,2026,7,South Florida,Kent State,0.48479227461842334,0.0,in_game_wp,v1_forecast(histgbm),forecast,
401864520,2026,7,North Dakota State,Nevada,0.48479227461842334,0.0,in_game_wp,v1_forecast(histgbm),forecast,
401864521,2026,7,Hawai'i,New Mexico,0.48479227461842334,0.0,in_game_wp,v1_forecast(histgbm),forecast,
401864522,2026,7,Wyoming,Northern Illinois,0.48479227461842334,0.0,in_game_wp,v1_forecast(histgbm),forecast,
401864523,2026,7,UTEP,San José State,0.49436759675867425,1.4036766353748513,in_game_wp,v1_forecast(histgbm),forecast,
401864524,2026,7,Air Force,UNLV,0.48479227461842334,0.0,in_game_wp,v1_forecast(histgbm),forecast,
401866441,2026,7,Bowling Green,Ball State,0.48479227461842334,0.0,in_game_wp,v1_forecast(histgbm),forecast,
401866442,2026,7,Buffalo,Massachusetts,0.48479227461842334,0.0,in_game_wp,v1_forecast(histgbm),forecast,
401866443,2026,7,Central Michigan,Western Michigan,0.48479227461842334,0.0,in_game_wp,v1_forecast(histgbm),forecast,
401866444,2026,7,Eastern Michigan,Toledo,0.48662711834439454,-5.002924280774297,in_game_wp,v1_forecast(histgbm),forecast,
401866445,2026,7,Sacramento State,Ohio,0.43690773617610495,-2.7399759430823263,in_game_wp,v1_forecast(histgbm),forecast,
401866478,2026,7,Miami (OH),Akron,0.731158473284865,8.580482238999302,in_game_wp,v1_forecast(histgbm),forecast,
401869844,2026,7,Coastal Carolina,App State,0.48479227461842334,0.0,in_game_wp,v1_forecast(histgbm),forecast,
401869934,2026,7,Southern Miss,Arkansas State,0.48479227461842334,0.0,in_game_wp,v1_forecast(histgbm),forecast,
401869950,2026,7,Old Dominion,Georgia Southern,0.48479227461842334,0.0,in_game_wp,v1_forecast(histgbm),forecast,
401869957,2026,7,James Madison,Georgia State,0.48479227461842334,0.0,in_game_wp,v1_forecast(histgbm),forecast,
401869966,2026,7,Louisiana,Troy,0.48479227461842334,0.0,in_game_wp,v1_forecast(histgbm),forecast,
401871053,2026,7,Jacksonville State,Florida International,0.48479227461842334,0.0,in_game_wp,v1_forecast(histgbm),forecast,
401871054,2026,7,Missouri State,Kennesaw State,0.48479227461842334,0.0,in_game_wp,v1_forecast(histgbm),forecast,
401871067,2026,7,Middle Tennessee,Delaware,0.48479227461842334,0.0,in_game_wp,v1_forecast(histgbm),forecast,
401871068,2026,7,Sam Houston,Western Kentucky,0.48479227461842334,0.0,in_game_wp,v1_forecast(histgbm),forecast,
401871091,2026,7,UL Monroe,Louisiana Tech,0.48479227461842334,0.0,in_game_wp,v1_forecast(histgbm),forecast,
401856727,2026,8,Alabama,Texas A&M,0.48479227461842334,0.0,in_game_wp,v1_forecast(histgbm),forecast,
401856728,2026,8,Auburn,LSU,0.48479227461842334,0.0,in_game_wp,v1_forecast(histgbm),forecast,
401856729,2026,8,Kentucky,Vanderbilt,0.48479227461842334,0.0,in_game_wp,v1_forecast(histgbm),forecast,
401856730,2026,8,Mississippi State,Oklahoma,0.48479227461842334,0.0,in_game_wp,v1_forecast(histgbm),forecast,
401856731,2026,8,South Carolina,Tennessee,0.48479227461842334,0.0,in_game_wp,v1_forecast(histgbm),forecast,
401856732,2026,8,Texas,Ole Miss,0.48479227461842334,0.0,in_game_wp,v1_forecast(histgbm),forecast,
401856834,2026,8,Kansas,Baylor,0.48479227461842334,0.0,in_game_wp,v1_forecast(histgbm),forecast,
401856835,2026,8,UCF,BYU,0.48479227461842334,0.0,in_game_wp,v1_forecast(histgbm),forecast,
401856836,2026,8,Oklahoma State,Colorado,0.48479227461842334,0.0,in_game_wp,v1_forecast(histgbm),forecast,
401856837,2026,8,Utah,Houston,0.48479227461842334,0.0,in_game_wp,v1_forecast(histgbm),forecast,
401856838,2026,8,Arizona,Iowa State,0.48479227461842334,0.0,in_game_wp,v1_forecast(histgbm),forecast,
401856839,2026,8,Arizona State,Kansas State,0.48479227461842334,0.0,in_game_wp,v1_forecast(histgbm),forecast,
401856840,2026,8,Cincinnati,Texas Tech,0.48479227461842334,0.0,in_game_wp,v1_forecast(histgbm),forecast,
401856841,2026,8,TCU,West Virginia,0.731158473284865,8.262701136185129,in_game_wp,v1_forecast(histgbm),forecast,
401858270,2026,8,SMU,California,0.48479227461842334,0.0,in_game_wp,v1_forecast(histgbm),forecast,
401858271,2026,8,Virginia,Duke,0.48479227461842334,0.0,in_game_wp,v1_forecast(histgbm),forecast,
401858272,2026,8,Stanford,NC State,0.4591322606652087,-0.7141950819361131,in_game_wp,v1_forecast(histgbm),forecast,
401858273,2026,8,Georgia Tech,Boston College,0.48479227461842334,0.0,in_game_wp,v1_forecast(histgbm),forecast,
401858274,2026,8,Miami,Pittsburgh,0.731158473284865,8.491964272098052,in_game_wp,v1_forecast(histgbm),forecast,
401858275,2026,8,North Carolina,Syracuse,0.48479227461842334,0.0,in_game_wp,v1_forecast(histgbm),forecast,
401858276,2026,8,Clemson,Virginia Tech,0.48479227461842334,0.0,in_game_wp,v1_forecast(histgbm),forecast,
401858495,2026,8,Illinois,Oregon,0.48479227461842334,0.0,in_game_wp,v1_forecast(histgbm),forecast,
401858496,2026,8,Michigan,Indiana,0.48479227461842334,0.0,in_game_wp,v1_forecast(histgbm),forecast,
401858497,2026,8,Minnesota,Iowa,0.48479227461842334,0.0,in_game_wp,v1_forecast(histgbm),forecast,
401858498,2026,8,Northwestern,Rutgers,0.48479227461842334,0.0,in_game_wp,v1_forecast(histgbm),forecast,
401858499,2026,8,UCLA,Michigan State,0.48479227461842334,0.0,in_game_wp,v1_forecast(histgbm),forecast,
401858500,2026,8,Wisconsin,USC,0.48479227461842334,0.0,in_game_wp,v1_forecast(histgbm),forecast,
401860905,2026,8,Colorado State,San Diego State,0.48479227461842334,0.0,in_game_wp,v1_forecast(histgbm),forecast,
401860906,2026,8,Texas State,Utah State,0.48479227461842334,0.0,in_game_wp,v1_forecast(histgbm),forecast,
401860907,2026,8,Washington State,Boise State,0.48479227461842334,0.0,in_game_wp,v1_forecast(histgbm),forecast,
401861965,2026,8,UConn,Massachusetts,0.48479227461842334,0.0,in_game_wp,v1_forecast(histgbm),forecast,
401862807,2026,8,Memphis,East Carolina,0.4632929149719366,3.0488099354309655,in_game_wp,v1_forecast(histgbm),forecast,
401862808,2026,8,Tulsa,Army,0.48479227461842334,0.0,in_game_wp,v1_forecast(histgbm),forecast,
401862809,2026,8,Florida Atlantic,Rice,0.48479227461842334,0.0,in_game_wp,v1_forecast(histgbm),forecast,
401862810,2026,8,Navy,North Texas,0.48479227461842334,0.0,in_game_wp,v1_forecast(histgbm),forecast,
401862811,2026,8,Tulane,UTSA,0.48479227461842334,0.0,in_game_wp,v1_forecast(histgbm),forecast,
401864525,2026,8,Wyoming,Air Force,0.48479227461842334,0.0,in_game_wp,v1_forecast(histgbm),forecast,
401864526,2026,8,Northern Illinois,Hawai'i,0.48479227461842334,0.0,in_game_wp,v1_forecast(histgbm),forecast,
401864527,2026,8,New Mexico,North Dakota State,0.48479227461842334,0.0,in_game_wp,v1_forecast(histgbm),forecast,
401864528,2026,8,Nevada,San José State,0.48479227461842334,0.0,in_game_wp,v1_forecast(histgbm),forecast,
401866446,2026,8,Kent State,Akron,0.5021467156974552,2.6304402144974173,in_game_wp,v1_forecast(histgbm),forecast,
401866447,2026,8,Ball State,Sacramento State,0.48479227461842334,0.8369272679340467,in_game_wp,v1_forecast(histgbm),forecast,
401866448,2026,8,Buffalo,Bowling Green,0.48479227461842334,0.0,in_game_wp,v1_forecast(histgbm),forecast,
401866449,2026,8,Ohio,Eastern Michigan,0.6955755069493654,7.141374523453759,in_game_wp,v1_forecast(histgbm),forecast,
401866450,2026,8,Toledo,Western Michigan,0.48479227461842334,0.0,in_game_wp,v1_forecast(histgbm),forecast,
401866476,2026,8,Central Michigan,Miami (OH),0.48479227461842334,0.0,in_game_wp,v1_forecast(histgbm),forecast,
401869845,2026,8,App State,James Madison,0.48479227461842334,0.0,in_game_wp,v1_forecast(histgbm),forecast,
401869935,2026,8,Arkansas State,Georgia State,0.48479227461842334,0.0,in_game_wp,v1_forecast(histgbm),forecast,
401869967,2026,8,Southern Miss,Louisiana,0.48479227461842334,0.0,in_game_wp,v1_forecast(histgbm),forecast,
401871055,2026,8,Florida International,Middle Tennessee,0.48479227461842334,0.0,in_game_wp,v1_forecast(histgbm),forecast,
401871056,2026,8,Kennesaw State,Liberty,0.48479227461842334,0.0,in_game_wp,v1_forecast(histgbm),forecast,
401871069,2026,8,Delaware,Missouri State,0.48479227461842334,0.0,in_game_wp,v1_forecast(histgbm),forecast,
401871070,2026,8,Sam Houston,New Mexico State,0.48479227461842334,0.0,in_game_wp,v1_forecast(histgbm),forecast,
401871092,2026,8,Marshall,South Alabama,0.48479227461842334,0.0,in_game_wp,v1_forecast(histgbm),forecast,
401871093,2026,8,Louisiana Tech,Old Dominion,0.48479227461842334,0.0,in_game_wp,v1_forecast(histgbm),forecast,
401871094,2026,8,Troy,UL Monroe,0.48479227461842334,0.0,in_game_wp,v1_forecast(histgbm),forecast,
401856733,2026,9,Arkansas,Missouri,0.48479227461842334,0.0,in_game_wp,v1_forecast(histgbm),forecast,
401856734,2026,9,Georgia,Florida,0.48479227461842334,0.0,in_game_wp,v1_forecast(histgbm),forecast,
401856735,2026,9,Ole Miss,Auburn,0.48479227461842334,0.0,in_game_wp,v1_forecast(histgbm),forecast,
401856736,2026,9,Oklahoma,South Carolina,0.6482597733905624,6.692593756525479,in_game_wp,v1_forecast(histgbm),forecast,
401856737,2026,9,Texas,Mississippi State,0.48479227461842334,0.0,in_game_wp,v1_forecast(histgbm),forecast,
401856842,2026,9,Texas Tech,Arizona,0.48479227461842334,0.0,in_game_wp,v1_forecast(histgbm),forecast,
401856843,2026,9,BYU,Arizona State,0.48479227461842334,0.0,in_game_wp,v1_forecast(histgbm),forecast,
401856844,2026,9,UCF,Baylor,0.48479227461842334,0.0,in_game_wp,v1_forecast(histgbm),forecast,
401856845,2026,9,TCU,Kansas,0.48479227461842334,0.0,in_game_wp,v1_forecast(histgbm),forecast,
401856846,2026,9,Colorado,Kansas State,0.48479227461842334,0.0,in_game_wp,v1_forecast(histgbm),forecast,
401856847,2026,9,Iowa State,Oklahoma State,0.48479227461842334,0.0,in_game_wp,v1_forecast(histgbm),forecast,
401856848,2026,9,Cincinnati,Utah,0.48479227461842334,0.0,in_game_wp,v1_forecast(histgbm),forecast,
401858277,2026,9,NC State,California,0.48479227461842334,0.0,in_game_wp,v1_forecast(histgbm),forecast,
401858278,2026,9,Syracuse,SMU,0.48479227461842334,0.0,in_game_wp,v1_forecast(histgbm),forecast,
401858279,2026,9,Duke,Boston College,0.48479227461842334,0.0,in_game_wp,v1_forecast(histgbm),forecast,
401858280,2026,9,Florida State,Clemson,0.48479227461842334,0.0,in_game_wp,v1_forecast(histgbm),forecast,
401858281,2026,9,Pittsburgh,Georgia Tech,0.5337806785645658,3.876308002223988,in_game_wp,v1_forecast(histgbm),forecast,
401858282,2026,9,North Carolina,Miami,0.17463496683763485,-9.56835242664525,in_game_wp,v1_forecast(histgbm),forecast,
401858283,2026,9,Louisville,Stanford,0.48479227461842334,0.0,in_game_wp,v1_forecast(histgbm),forecast,
401858284,2026,9,Wake Forest,Virginia,0.48479227461842334,0.2387038057942945,in_game_wp,v1_forecast(histgbm),forecast,
401858501,2026,9,Indiana,Minnesota,0.48479227461842334,0.0,in_game_wp,v1_forecast(histgbm),forecast,
401858502,2026,9,Iowa,Wisconsin,0.48479227461842334,0.0,in_game_wp,v1_forecast(histgbm),forecast,
401858503,2026,9,Maryland,Illinois,0.48479227461842334,0.0,in_game_wp,v1_forecast(histgbm),forecast,
401858504,2026,9,Nebraska,Washington,0.48479227461842334,0.0,in_game_wp,v1_forecast(histgbm),forecast,
401858505,2026,9,Oregon,Northwestern,0.48479227461842334,0.0,in_game_wp,v1_forecast(histgbm),forecast,
401858506,2026,9,Penn State,Purdue,0.48479227461842334,0.0,in_game_wp,v1_forecast(histgbm),forecast,
401858507,2026,9,Rutgers,Michigan,0.48479227461842334,0.0,in_game_wp,v1_forecast(histgbm),forecast,
401858508,2026,9,UCLA,Nevada,0.48479227461842334,0.0,in_game_wp,v1_forecast(histgbm),forecast,
401858509,2026,9,USC,Ohio State,0.41547173791904496,-1.709044193670401,in_game_wp,v1_forecast(histgbm),forecast,
401859185,2026,9,Navy,Notre Dame,0.48479227461842334,0.0,in_game_wp,v1_forecast(histgbm),forecast,
401860908,2026,9,Boise State,Texas State,0.48479227461842334,0.0,in_game_wp,v1_forecast(histgbm),forecast,
401860909,2026,9,San Diego State,Washington State,0.48479227461842334,0.0,in_game_wp,v1_forecast(histgbm),forecast,
401860910,2026,9,Utah State,Colorado State,0.48479227461842334,0.0,in_game_wp,v1_forecast(histgbm),forecast,
401860924,2026,9,Fresno State,Oregon State,0.7016507692992805,7.554119116075849,in_game_wp,v1_forecast(histgbm),forecast,
401861966,2026,9,Air Force,UConn,0.48479227461842334,0.0,in_game_wp,v1_forecast(histgbm),forecast,
401862812,2026,9,North Texas,Florida Atlantic,0.48479227461842334,0.0,in_game_wp,v1_forecast(histgbm),forecast,
401862813,2026,9,Charlotte,Tulane,0.48479227461842334,0.0,in_game_wp,v1_forecast(histgbm),forecast,
401862814,2026,9,Memphis,Army,0.48479227461842334,0.0,in_game_wp,v1_forecast(histgbm),forecast,
401862815,2026,9,East Carolina,Temple,0.48479227461842334,0.0,in_game_wp,v1_forecast(histgbm),forecast,
401862816,2026,9,South Florida,UAB,0.48479227461842334,0.0,in_game_wp,v1_forecast(histgbm),forecast,
401864529,2026,9,San José State,New Mexico,0.48479227461842334,0.0,in_game_wp,v1_forecast(histgbm),forecast,
401864530,2026,9,UNLV,Northern Illinois,0.48479227461842334,0.0,in_game_wp,v1_forecast(histgbm),forecast,
401864531,2026,9,North Dakota State,UTEP,0.5503498111451179,3.5374672873370985,in_game_wp,v1_forecast(histgbm),forecast,
401866451,2026,9,Sacramento State,Kent State,0.6110517028778599,4.502630523963862,in_game_wp,v1_forecast(histgbm),forecast,
401866452,2026,9,Western Michigan,Bowling Green,0.48479227461842334,0.0,in_game_wp,v1_forecast(histgbm),forecast,
401869846,2026,9,Georgia Southern,App State,0.48479227461842334,0.0,in_game_wp,v1_forecast(histgbm),forecast,
401869944,2026,9,Georgia State,Coastal Carolina,0.48479227461842334,0.0,in_game_wp,v1_forecast(histgbm),forecast,
401869963,2026,9,James Madison,Troy,0.48479227461842334,0.0,in_game_wp,v1_forecast(histgbm),forecast,
401871057,2026,9,New Mexico State,Jacksonville State,0.49129286226589597,-0.45365990092932096,in_game_wp,v1_forecast(histgbm),forecast,
401871058,2026,9,Middle Tennessee,Kennesaw State,0.48479227461842334,0.0,in_game_wp,v1_forecast(histgbm),forecast,
401871059,2026,9,Liberty,Florida International,0.48479227461842334,0.0,in_game_wp,v1_forecast(histgbm),forecast,
401871071,2026,9,Western Kentucky,Delaware,0.48479227461842334,0.0,in_game_wp,v1_forecast(histgbm),forecast,
401871072,2026,9,Missouri State,Sam Houston,0.48479227461842334,0.0,in_game_wp,v1_forecast(histgbm),forecast,
401871095,2026,9,UL Monroe,Southern Miss,0.48479227461842334,0.0,in_game_wp,v1_forecast(histgbm),forecast,
401871096,2026,9,Old Dominion,Marshall,0.48479227461842334,0.0,in_game_wp,v1_forecast(histgbm),forecast,
401871097,2026,9,South Alabama,Louisiana Tech,0.48479227461842334,0.0,in_game_wp,v1_forecast(histgbm),forecast,
401856738,2026,10,Auburn,Arkansas,0.48479227461842334,0.0,in_game_wp,v1_forecast(histgbm),forecast,
401856739,2026,10,Florida,Oklahoma,0.48479227461842334,0.0,in_game_wp,v1_forecast(histgbm),forecast,
401856740,2026,10,LSU,Alabama,0.48479227461842334,0.0,in_game_wp,v1_forecast(histgbm),forecast,
401856741,2026,10,Ole Miss,Georgia,0.48479227461842334,0.0,in_game_wp,v1_forecast(histgbm),forecast,
401856742,2026,10,Mississippi State,Vanderbilt,0.48479227461842334,0.0,in_game_wp,v1_forecast(histgbm),forecast,
401856743,2026,10,Missouri,Texas,0.48479227461842334,0.0,in_game_wp,v1_forecast(histgbm),forecast,
401856744,2026,10,South Carolina,Texas A&M,0.48479227461842334,0.0,in_game_wp,v1_forecast(histgbm),forecast,
401856745,2026,10,Tennessee,Kentucky,0.48479227461842334,0.0,in_game_wp,v1_forecast(histgbm),forecast,
401856849,2026,10,Utah,BYU,0.48479227461842334,0.0,in_game_wp,v1_forecast(histgbm),forecast,
401856850,2026,10,Kansas,UCF,0.48479227461842334,0.0,in_game_wp,v1_forecast(histgbm),forecast,
401856851,2026,10,Houston,Cincinnati,0.48479227461842334,0.0,in_game_wp,v1_forecast(histgbm),forecast,
401856852,2026,10,Arizona State,Colorado,0.48479227461842334,0.0,in_game_wp,v1_forecast(histgbm),forecast,
401856853,2026,10,Baylor,Iowa State,0.48479227461842334,0.0,in_game_wp,v1_forecast(histgbm),forecast,
401856854,2026,10,Kansas State,Oklahoma State,0.48479227461842334,0.0,in_game_wp,v1_forecast(histgbm),forecast,
401856855,2026,10,Arizona,TCU,0.48479227461842334,0.0,in_game_wp,v1_forecast(histgbm),forecast,
401856856,2026,10,Texas Tech,West Virginia,0.48479227461842334,0.0,in_game_wp,v1_forecast(histgbm),forecast,
401858285,2026,10,Syracuse,Clemson,0.48479227461842334,0.0,in_game_wp,v1_forecast(histgbm),forecast,
401858286,2026,10,NC State,Duke,0.48479227461842334,0.0,in_game_wp,v1_forecast(histgbm),forecast,
401858287,2026,10,Georgia Tech,Louisville,0.48479227461842334,0.0,in_game_wp,v1_forecast(histgbm),forecast,
401858288,2026,10,SMU,Virginia Tech,0.48479227461842334,0.0,in_game_wp,v1_forecast(histgbm),forecast,
401858289,2026,10,Boston College,Florida State,0.48479227461842334,0.0,in_game_wp,v1_forecast(histgbm),forecast,
401858291,2026,10,Notre Dame,Miami,0.48479227461842334,0.0,in_game_wp,v1_forecast(histgbm),forecast,
401858292,2026,10,UConn,North Carolina,0.48479227461842334,0.0,in_game_wp,v1_forecast(histgbm),forecast,
401858510,2026,10,Illinois,Nebraska,0.6110517028778599,4.322700133930545,in_game_wp,v1_forecast(histgbm),forecast,
401858511,2026,10,Michigan,Michigan State,0.48479227461842334,0.0,in_game_wp,v1_forecast(histgbm),forecast,
401858512,2026,10,Minnesota,UCLA,0.48479227461842334,0.0,in_game_wp,v1_forecast(histgbm),forecast,
401858513,2026,10,Northwestern,Iowa,0.48479227461842334,0.0,in_game_wp,v1_forecast(histgbm),forecast,
401858514,2026,10,Ohio State,Oregon,0.48479227461842334,0.0,in_game_wp,v1_forecast(histgbm),forecast,
401858515,2026,10,Purdue,Maryland,0.48479227461842334,0.0,in_game_wp,v1_forecast(histgbm),forecast,
401858516,2026,10,Washington,Penn State,0.48479227461842334,0.0,in_game_wp,v1_forecast(histgbm),forecast,
401858517,2026,10,Wisconsin,Rutgers,0.48479227461842334,0.0,in_game_wp,v1_forecast(histgbm),forecast,
401860911,2026,10,Colorado State,Boise State,0.48479227461842334,0.0,in_game_wp,v1_forecast(histgbm),forecast,
401860912,2026,10,Oregon State,Texas State,0.48479227461842334,0.0,in_game_wp,v1_forecast(histgbm),forecast,
401860913,2026,10,Utah State,Fresno State,0.48479227461842334,0.0,in_game_wp,v1_forecast(histgbm),forecast,
401862817,2026,10,Florida Atlantic,UTSA,0.48479227461842334,0.0,in_game_wp,v1_forecast(histgbm),forecast,
401862818,2026,10,East Carolina,South Florida,0.48479227461842334,0.0,in_game_wp,v1_forecast(histgbm),forecast,
401862819,2026,10,UAB,Charlotte,0.48479227461842334,0.0,in_game_wp,v1_forecast(histgbm),forecast,
401862820,2026,10,Navy,Temple,0.48479227461842334,0.0,in_game_wp,v1_forecast(histgbm),forecast,
401862821,2026,10,North Texas,Rice,0.48479227461842334,0.0,in_game_wp,v1_forecast(histgbm),forecast,
401862822,2026,10,Tulane,Tulsa,0.48479227461842334,0.0,in_game_wp,v1_forecast(histgbm),forecast,
401862823,2026,10,Army,Air Force,0.48479227461842334,0.0,in_game_wp,v1_forecast(histgbm),forecast,
401864532,2026,10,UTEP,Hawai'i,0.4083012449609781,-3.1210338504877626,in_game_wp,v1_forecast(histgbm),forecast,
401864533,2026,10,Nevada,New Mexico,0.48479227461842334,0.0,in_game_wp,v1_forecast(histgbm),forecast,
401864534,2026,10,San José State,Northern Illinois,0.48479227461842334,0.0,in_game_wp,v1_forecast(histgbm),forecast,
401864535,2026,10,UNLV,Wyoming,0.48479227461842334,0.0,in_game_wp,v1_forecast(histgbm),forecast,
401866453,2026,10,Akron,Ohio,0.43431792142483416,-4.274912726195389,in_game_wp,v1_forecast(histgbm),forecast,
401866454,2026,10,Miami (OH),Buffalo,0.48479227461842334,0.0,in_game_wp,v1_forecast(histgbm),forecast,
401866455,2026,10,Massachusetts,Ball State,0.43690773617610495,-2.790348185265139,in_game_wp,v1_forecast(histgbm),forecast,
401866456,2026,10,Eastern Michigan,Central Michigan,0.48479227461842334,0.0,in_game_wp,v1_forecast(histgbm),forecast,
401866457,2026,10,Sacramento State,Toledo,0.291578847288894,-6.199659655751082,in_game_wp,v1_forecast(histgbm),forecast,
401869927,2026,10,App State,Georgia State,0.48479227461842334,0.0,in_game_wp,v1_forecast(histgbm),forecast,
401869936,2026,10,Arkansas State,UL Monroe,0.48479227461842334,0.0,in_game_wp,v1_forecast(histgbm),forecast,
401869945,2026,10,Coastal Carolina,Old Dominion,0.48479227461842334,0.0,in_game_wp,v1_forecast(histgbm),forecast,
401869951,2026,10,Georgia Southern,Marshall,0.48479227461842334,0.0,in_game_wp,v1_forecast(histgbm),forecast,
401869964,2026,10,Southern Miss,James Madison,0.48479227461842334,0.0,in_game_wp,v1_forecast(histgbm),forecast,
401869968,2026,10,Louisiana,South Alabama,0.48479227461842334,0.0,in_game_wp,v1_forecast(histgbm),forecast,
401870795,2026,10,New Mexico State,Liberty,0.4969740544514757,-0.352617885852077,in_game_wp,v1_forecast(histgbm),forecast,
401871073,2026,10,Kennesaw State,Delaware,0.48479227461842334,0.0,in_game_wp,v1_forecast(histgbm),forecast,
401871074,2026,10,Florida International,Missouri State,0.48479227461842334,0.0,in_game_wp,v1_forecast(histgbm),forecast,
401871075,2026,10,Jacksonville State,Sam Houston,0.48479227461842334,0.0,in_game_wp,v1_forecast(histgbm),forecast,
401871076,2026,10,Middle Tennessee,Western Kentucky,0.48479227461842334,0.0,in_game_wp,v1_forecast(histgbm),forecast,
401871098,2026,10,Troy,Louisiana Tech,0.48479227461842334,0.0,in_game_wp,v1_forecast(histgbm),forecast,
401856857,2026,11,UCF,Arizona State,0.48479227461842334,0.0,in_game_wp,v1_forecast(histgbm),forecast,
401856858,2026,11,BYU,Baylor,0.48479227461842334,0.0,in_game_wp,v1_forecast(histgbm),forecast,
401856859,2026,11,Iowa State,Cincinnati,0.48479227461842334,0.0,in_game_wp,v1_forecast(histgbm),forecast,
401856860,2026,11,Colorado,Houston,0.4969740544514757,-0.4117682635552935,in_game_wp,v1_forecast(histgbm),forecast,
401856861,2026,11,West Virginia,Kansas,0.48479227461842334,0.0,in_game_wp,v1_forecast(histgbm),forecast,
401856862,2026,11,TCU,Kansas State,0.48479227461842334,0.0,in_game_wp,v1_forecast(histgbm),forecast,
401856863,2026,11,Oklahoma State,Texas Tech,0.48479227461842334,0.0,in_game_wp,v1_forecast(histgbm),forecast,
401856864,2026,11,Arizona,Utah,0.48479227461842334,0.0,in_game_wp,v1_forecast(histgbm),forecast,
401856882,2026,11,Arkansas,South Carolina,0.48479227461842334,0.0,in_game_wp,v1_forecast(histgbm),forecast,
401856883,2026,11,Georgia,Missouri,0.48479227461842334,0.0,in_game_wp,v1_forecast(histgbm),forecast,
401856884,2026,11,Kentucky,Florida,0.48479227461842334,0.0,in_game_wp,v1_forecast(histgbm),forecast,
401856885,2026,11,LSU,Texas,0.48479227461842334,0.0,in_game_wp,v1_forecast(histgbm),forecast,
401856886,2026,11,Mississippi State,Auburn,0.48479227461842334,0.0,in_game_wp,v1_forecast(histgbm),forecast,
401856887,2026,11,Oklahoma,Ole Miss,0.48479227461842334,0.0,in_game_wp,v1_forecast(histgbm),forecast,
401856888,2026,11,Texas A&M,Tennessee,0.48479227461842334,0.0,in_game_wp,v1_forecast(histgbm),forecast,
401856889,2026,11,Vanderbilt,Alabama,0.48479227461842334,0.0,in_game_wp,v1_forecast(histgbm),forecast,
401858293,2026,11,Pittsburgh,Florida State,0.5503498111451179,3.205418329353869,in_game_wp,v1_forecast(histgbm),forecast,
401858294,2026,11,Notre Dame,Boston College,0.48479227461842334,0.0,in_game_wp,v1_forecast(histgbm),forecast,
401858295,2026,11,Virginia,California,0.48479227461842334,0.0,in_game_wp,v1_forecast(histgbm),forecast,
401858296,2026,11,Miami,Duke,0.48479227461842334,0.0,in_game_wp,v1_forecast(histgbm),forecast,
401858297,2026,11,Clemson,Georgia Tech,0.48479227461842334,0.0,in_game_wp,v1_forecast(histgbm),forecast,
401858298,2026,11,North Carolina,Louisville,0.48479227461842334,0.0,in_game_wp,v1_forecast(histgbm),forecast,
401858299,2026,11,Virginia Tech,Stanford,0.48479227461842334,0.0,in_game_wp,v1_forecast(histgbm),forecast,
401858300,2026,11,NC State,Syracuse,0.48479227461842334,0.0,in_game_wp,v1_forecast(histgbm),forecast,
401858301,2026,11,SMU,Wake Forest,0.48479227461842334,0.0,in_game_wp,v1_forecast(histgbm),forecast,
401858518,2026,11,Indiana,USC,0.731158473284865,8.728686924990551,in_game_wp,v1_forecast(histgbm),forecast,
401858519,2026,11,Iowa,Purdue,0.48479227461842334,0.0,in_game_wp,v1_forecast(histgbm),forecast,
401858520,2026,11,Maryland,Wisconsin,0.48479227461842334,0.0,in_game_wp,v1_forecast(histgbm),forecast,
401858521,2026,11,Michigan State,Washington,0.48479227461842334,0.0,in_game_wp,v1_forecast(histgbm),forecast,
401858522,2026,11,Ohio State,Northwestern,0.48479227461842334,0.0,in_game_wp,v1_forecast(histgbm),forecast,
401858523,2026,11,Oregon,Michigan,0.48479227461842334,0.0,in_game_wp,v1_forecast(histgbm),forecast,
401858524,2026,11,Penn State,Minnesota,0.48479227461842334,0.0,in_game_wp,v1_forecast(histgbm),forecast,
401858525,2026,11,Rutgers,Nebraska,0.48479227461842334,0.6014219169786625,in_game_wp,v1_forecast(histgbm),forecast,
401858526,2026,11,UCLA,Illinois,0.48479227461842334,0.0,in_game_wp,v1_forecast(histgbm),forecast,
401860914,2026,11,Boise State,Oregon State,0.48479227461842334,0.0,in_game_wp,v1_forecast(histgbm),forecast,
401860915,2026,11,San Diego State,Utah State,0.48479227461842334,0.0,in_game_wp,v1_forecast(histgbm),forecast,
401860916,2026,11,Texas State,Fresno State,0.48479227461842334,0.0,in_game_wp,v1_forecast(histgbm),forecast,
401860917,2026,11,Washington State,Colorado State,0.48479227461842334,0.0,in_game_wp,v1_forecast(histgbm),forecast,
401861967,2026,11,UConn,James Madison,0.48479227461842334,0.0,in_game_wp,v1_forecast(histgbm),forecast,
401862824,2026,11,South Florida,Memphis,0.48479227461842334,0.0,in_game_wp,v1_forecast(histgbm),forecast,
401862825,2026,11,Charlotte,East Carolina,0.48479227461842334,0.0,in_game_wp,v1_forecast(histgbm),forecast,
401862826,2026,11,Tulsa,Florida Atlantic,0.48479227461842334,0.0,in_game_wp,v1_forecast(histgbm),forecast,
401862827,2026,11,UTSA,North Texas,0.48479227461842334,0.0,in_game_wp,v1_forecast(histgbm),forecast,
401862828,2026,11,Rice,Tulane,0.48479227461842334,0.0,in_game_wp,v1_forecast(histgbm),forecast,
401862829,2026,11,Temple,UAB,0.48479227461842334,0.0,in_game_wp,v1_forecast(histgbm),forecast,
401864536,2026,11,Northern Illinois,Nevada,0.48479227461842334,0.0,in_game_wp,v1_forecast(histgbm),forecast,
401864537,2026,11,Hawai'i,North Dakota State,0.6928835808890683,7.98076749617299,in_game_wp,v1_forecast(histgbm),forecast,
401864538,2026,11,Air Force,San José State,0.48479227461842334,0.0,in_game_wp,v1_forecast(histgbm),forecast,
401864539,2026,11,New Mexico,UNLV,0.48479227461842334,0.0,in_game_wp,v1_forecast(histgbm),forecast,
401864540,2026,11,UTEP,Wyoming,0.48479227461842334,0.0,in_game_wp,v1_forecast(histgbm),forecast,
401866458,2026,11,Akron,Western Michigan,0.48479227461842334,0.0,in_game_wp,v1_forecast(histgbm),forecast,
401866459,2026,11,Bowling Green,Kent State,0.48479227461842334,0.0,in_game_wp,v1_forecast(histgbm),forecast,
401866460,2026,11,Miami (OH),Ohio,0.49436759675867425,1.506502535129804,in_game_wp,v1_forecast(histgbm),forecast,
401866461,2026,11,Ball State,Buffalo,0.48479227461842334,0.0,in_game_wp,v1_forecast(histgbm),forecast,
401866462,2026,11,Central Michigan,Sacramento State,0.48479227461842334,0.0,in_game_wp,v1_forecast(histgbm),forecast,
401866463,2026,11,Toledo,Massachusetts,0.8882452434512076,19.34934848377861,in_game_wp,v1_forecast(histgbm),forecast,
401869928,2026,11,Marshall,App State,0.48479227461842334,0.0,in_game_wp,v1_forecast(histgbm),forecast,
401869937,2026,11,Coastal Carolina,Arkansas State,0.48479227461842334,0.0,in_game_wp,v1_forecast(histgbm),forecast,
401869952,2026,11,Georgia State,Georgia Southern,0.48479227461842334,0.0,in_game_wp,v1_forecast(histgbm),forecast,
401869969,2026,11,UL Monroe,Louisiana,0.48479227461842334,0.0,in_game_wp,v1_forecast(histgbm),forecast,
401870752,2026,11,Western Kentucky,Jacksonville State,0.48479227461842334,0.0,in_game_wp,v1_forecast(histgbm),forecast,
401870769,2026,11,Sam Houston,Kennesaw State,0.48479227461842334,0.0,in_game_wp,v1_forecast(histgbm),forecast,
401870796,2026,11,Missouri State,New Mexico State,0.48479227461842334,0.0,in_game_wp,v1_forecast(histgbm),forecast,
401871060,2026,11,Delaware,Florida International,0.48479227461842334,0.0,in_game_wp,v1_forecast(histgbm),forecast,
401871061,2026,11,Liberty,Middle Tennessee,0.48479227461842334,0.0,in_game_wp,v1_forecast(histgbm),forecast,
401871099,2026,11,Louisiana Tech,Southern Miss,0.48479227461842334,0.0,in_game_wp,v1_forecast(histgbm),forecast,
401871100,2026,11,South Alabama,Troy,0.48479227461842334,0.0,in_game_wp,v1_forecast(histgbm),forecast,
401856748,2026,12,Florida,Vanderbilt,0.48479227461842334,0.0,in_game_wp,v1_forecast(histgbm),forecast,
401856751,2026,12,Missouri,Kentucky,0.48479227461842334,0.0,in_game_wp,v1_forecast(histgbm),forecast,
401856752,2026,12,Oklahoma,Texas A&M,0.48479227461842334,0.0,in_game_wp,v1_forecast(histgbm),forecast,
401856753,2026,12,South Carolina,Georgia,0.48479227461842334,0.0,in_game_wp,v1_forecast(histgbm),forecast,
401856754,2026,12,Tennessee,LSU,0.48479227461842334,0.0,in_game_wp,v1_forecast(histgbm),forecast,
401856755,2026,12,Texas,Arkansas,0.48479227461842334,0.0,in_game_wp,v1_forecast(histgbm),forecast,
401856865,2026,12,Kansas State,Arizona,0.48479227461842334,0.0,in_game_wp,v1_forecast(histgbm),forecast,
401856866,2026,12,Kansas,BYU,0.48479227461842334,0.0,in_game_wp,v1_forecast(histgbm),forecast,
401856867,2026,12,Cincinnati,Colorado,0.48479227461842334,0.0,in_game_wp,v1_forecast(histgbm),forecast,
401856868,2026,12,West Virginia,Houston,0.511890919956374,-1.134248544349056,in_game_wp,v1_forecast(histgbm),forecast,
401856869,2026,12,UCF,Iowa State,0.48479227461842334,0.0,in_game_wp,v1_forecast(histgbm),forecast,
401856870,2026,12,Arizona State,Oklahoma State,0.48479227461842334,0.0,in_game_wp,v1_forecast(histgbm),forecast,
401856871,2026,12,Baylor,Texas Tech,0.48479227461842334,0.0,in_game_wp,v1_forecast(histgbm),forecast,
401856872,2026,12,TCU,Utah,0.48479227461842334,0.0,in_game_wp,v1_forecast(histgbm),forecast,
401858302,2026,12,Miami,Virginia Tech,0.48479227461842334,0.0,in_game_wp,v1_forecast(histgbm),forecast,
401858303,2026,12,Duke,Clemson,0.48479227461842334,0.0,in_game_wp,v1_forecast(histgbm),forecast,
401858304,2026,12,Florida State,NC State,0.6110517028778599,4.534005473530497,in_game_wp,v1_forecast(histgbm),forecast,
401858305,2026,12,Virginia,North Carolina,0.7384627383551526,9.49013650459931,in_game_wp,v1_forecast(histgbm),forecast,
401858306,2026,12,Louisville,Pittsburgh,0.48479227461842334,0.0,in_game_wp,v1_forecast(histgbm),forecast,
401858307,2026,12,Notre Dame,SMU,0.48479227461842334,0.0,in_game_wp,v1_forecast(histgbm),forecast,
401858308,2026,12,California,Stanford,0.48479227461842334,0.0,in_game_wp,v1_forecast(histgbm),forecast,
401858309,2026,12,Boston College,Syracuse,0.48479227461842334,0.0,in_game_wp,v1_forecast(histgbm),forecast,
401858310,2026,12,Georgia Tech,Wake Forest,0.6110517028778599,4.2656417079742575,in_game_wp,v1_forecast(histgbm),forecast,
401858527,2026,12,Illinois,Iowa,0.48479227461842334,0.0,in_game_wp,v1_forecast(histgbm),forecast,
401858528,2026,12,Michigan,UCLA,0.48479227461842334,0.0,in_game_wp,v1_forecast(histgbm),forecast,
401858529,2026,12,Michigan State,Oregon,0.48479227461842334,0.0,in_game_wp,v1_forecast(histgbm),forecast,
401858530,2026,12,Minnesota,Northwestern,0.48479227461842334,0.0,in_game_wp,v1_forecast(histgbm),forecast,
401858531,2026,12,Nebraska,Ohio State,0.3000232973723357,-7.076072263223285,in_game_wp,v1_forecast(histgbm),forecast,
401858532,2026,12,Penn State,Rutgers,0.48479227461842334,0.0,in_game_wp,v1_forecast(histgbm),forecast,
401858533,2026,12,Purdue,Wisconsin,0.48479227461842334,0.0,in_game_wp,v1_forecast(histgbm),forecast,
401858534,2026,12,USC,Maryland,0.48479227461842334,0.0,in_game_wp,v1_forecast(histgbm),forecast,
401858535,2026,12,Washington,Indiana,0.48479227461842334,0.0,in_game_wp,v1_forecast(histgbm),forecast,
401860918,2026,12,Fresno State,Colorado State,0.48479227461842334,0.0,in_game_wp,v1_forecast(histgbm),forecast,
401860919,2026,12,Oregon State,Utah State,0.48479227461842334,0.0,in_game_wp,v1_forecast(histgbm),forecast,
401860920,2026,12,Texas State,Washington State,0.48479227461842334,0.0,in_game_wp,v1_forecast(histgbm),forecast,
401860925,2026,12,Boise State,San Diego State,0.48479227461842334,0.0,in_game_wp,v1_forecast(histgbm),forecast,
401861968,2026,12,UConn,Old Dominion,0.48479227461842334,0.0,in_game_wp,v1_forecast(histgbm),forecast,
401862830,2026,12,Temple,Rice,0.48479227461842334,0.0,in_game_wp,v1_forecast(histgbm),forecast,
401862831,2026,12,Army,East Carolina,0.48479227461842334,0.0,in_game_wp,v1_forecast(histgbm),forecast,
401862832,2026,12,Tulsa,Charlotte,0.48479227461842334,0.0,in_game_wp,v1_forecast(histgbm),forecast,
401862833,2026,12,Florida Atlantic,South Florida,0.48479227461842334,0.0,in_game_wp,v1_forecast(histgbm),forecast,
401862834,2026,12,Navy,Memphis,0.48479227461842334,0.0,in_game_wp,v1_forecast(histgbm),forecast,
401862835,2026,12,Tulane,North Texas,0.48479227461842334,0.0,in_game_wp,v1_forecast(histgbm),forecast,
401862836,2026,12,UAB,UTSA,0.48479227461842334,0.0,in_game_wp,v1_forecast(histgbm),forecast,
401864541,2026,12,Nevada,Hawai'i,0.48479227461842334,0.0,in_game_wp,v1_forecast(histgbm),forecast,
401864542,2026,12,Wyoming,New Mexico,0.48479227461842334,0.0,in_game_wp,v1_forecast(histgbm),forecast,
401864543,2026,12,North Dakota State,Northern Illinois,0.48479227461842334,0.0,in_game_wp,v1_forecast(histgbm),forecast,
401864544,2026,12,San José State,UNLV,0.43431792142483416,-4.097071358856319,in_game_wp,v1_forecast(histgbm),forecast,
401864545,2026,12,Air Force,UTEP,0.48479227461842334,0.0,in_game_wp,v1_forecast(histgbm),forecast,
401866464,2026,12,Ohio,Ball State,0.7473198368646881,10.300249608170606,in_game_wp,v1_forecast(histgbm),forecast,
401866465,2026,12,Western Michigan,Eastern Michigan,0.48479227461842334,0.0,in_game_wp,v1_forecast(histgbm),forecast,
401866466,2026,12,Kent State,Miami (OH),0.4083012449609781,-3.150975046827776,in_game_wp,v1_forecast(histgbm),forecast,
401866467,2026,12,Massachusetts,Akron,0.4083012449609781,-3.2175511118921385,in_game_wp,v1_forecast(histgbm),forecast,
401866468,2026,12,Toledo,Bowling Green,0.48479227461842334,0.0,in_game_wp,v1_forecast(histgbm),forecast,
401866469,2026,12,Buffalo,Central Michigan,0.48479227461842334,0.0,in_game_wp,v1_forecast(histgbm),forecast,
401869929,2026,12,App State,UL Monroe,0.48479227461842334,0.0,in_game_wp,v1_forecast(histgbm),forecast,
401869938,2026,12,Louisiana Tech,Arkansas State,0.48479227461842334,0.0,in_game_wp,v1_forecast(histgbm),forecast,
401869946,2026,12,Louisiana,Coastal Carolina,0.48479227461842334,0.0,in_game_wp,v1_forecast(histgbm),forecast,
401869953,2026,12,Troy,Georgia Southern,0.48479227461842334,0.0,in_game_wp,v1_forecast(histgbm),forecast,
401869958,2026,12,Marshall,Georgia State,0.48479227461842334,0.0,in_game_wp,v1_forecast(histgbm),forecast,
401871077,2026,12,New Mexico State,Delaware,0.48479227461842334,0.0,in_game_wp,v1_forecast(histgbm),forecast,
401871078,2026,12,Kennesaw State,Florida International,0.48479227461842334,0.0,in_game_wp,v1_forecast(histgbm),forecast,
401871079,2026,12,Jacksonville State,Missouri State,0.48479227461842334,0.0,in_game_wp,v1_forecast(histgbm),forecast,
401871080,2026,12,Liberty,Western Kentucky,0.48479227461842334,0.0,in_game_wp,v1_forecast(histgbm),forecast,
401871081,2026,12,Sam Houston,Middle Tennessee,0.48479227461842334,0.0,in_game_wp,v1_forecast(histgbm),forecast,
401871101,2026,12,Southern Miss,South Alabama,0.48479227461842334,0.0,in_game_wp,v1_forecast(histgbm),forecast,
401856756,2026,13,Texas A&M,Texas,0.48479227461842334,0.0,in_game_wp,v1_forecast(histgbm),forecast,
401856757,2026,13,Alabama,Auburn,0.48479227461842334,0.0,in_game_wp,v1_forecast(histgbm),forecast,
401856758,2026,13,Arkansas,LSU,0.48479227461842334,0.0,in_game_wp,v1_forecast(histgbm),forecast,
401856759,2026,13,Florida State,Florida,0.48479227461842334,0.0,in_game_wp,v1_forecast(histgbm),forecast,
401856760,2026,13,Georgia,Georgia Tech,0.48479227461842334,0.0,in_game_wp,v1_forecast(histgbm),forecast,
401856761,2026,13,Kentucky,Louisville,0.48479227461842334,0.0,in_game_wp,v1_forecast(histgbm),forecast,
401856762,2026,13,Ole Miss,Mississippi State,0.48479227461842334,0.0,in_game_wp,v1_forecast(histgbm),forecast,
401856763,2026,13,Missouri,Oklahoma,0.48479227461842334,0.0,in_game_wp,v1_forecast(histgbm),forecast,
401856764,2026,13,Clemson,South Carolina,0.48479227461842334,0.0,in_game_wp,v1_forecast(histgbm),forecast,
401856765,2026,13,Vanderbilt,Tennessee,0.48479227461842334,0.0,in_game_wp,v1_forecast(histgbm),forecast,
401856873,2026,13,Arizona,Arizona State,0.48479227461842334,0.0,in_game_wp,v1_forecast(histgbm),forecast,
401856874,2026,13,Houston,Baylor,0.48479227461842334,0.0,in_game_wp,v1_forecast(histgbm),forecast,
401856875,2026,13,Colorado,UCF,0.48479227461842334,0.0,in_game_wp,v1_forecast(histgbm),forecast,
401856876,2026,13,BYU,Cincinnati,0.48479227461842334,0.0,in_game_wp,v1_forecast(histgbm),forecast,
401856877,2026,13,Oklahoma State,Kansas,0.48479227461842334,0.0,in_game_wp,v1_forecast(histgbm),forecast,
401856878,2026,13,Iowa State,Kansas State,0.48479227461842334,0.0,in_game_wp,v1_forecast(histgbm),forecast,
401856879,2026,13,Texas Tech,TCU,0.48479227461842334,0.0,in_game_wp,v1_forecast(histgbm),forecast,
401856880,2026,13,Utah,West Virginia,0.48479227461842334,0.0,in_game_wp,v1_forecast(histgbm),forecast,
401858311,2026,13,Miami,Boston College,0.48479227461842334,0.0,in_game_wp,v1_forecast(histgbm),forecast,
401858312,2026,13,Wake Forest,Duke,0.48479227461842334,0.0,in_game_wp,v1_forecast(histgbm),forecast,
401858313,2026,13,North Carolina,NC State,0.41547173791904496,-1.734165284685159,in_game_wp,v1_forecast(histgbm),forecast,
401858314,2026,13,Syracuse,Notre Dame,0.48479227461842334,0.0,in_game_wp,v1_forecast(histgbm),forecast,
401858315,2026,13,California,Pittsburgh,0.48479227461842334,0.0,in_game_wp,v1_forecast(histgbm),forecast,
401858316,2026,13,Stanford,SMU,0.48479227461842334,0.0,in_game_wp,v1_forecast(histgbm),forecast,
401858317,2026,13,Virginia Tech,Virginia,0.48479227461842334,0.0,in_game_wp,v1_forecast(histgbm),forecast,
401858536,2026,13,Iowa,Nebraska,0.48479227461842334,0.0,in_game_wp,v1_forecast(histgbm),forecast,
401858537,2026,13,Northwestern,Illinois,0.48479227461842334,0.0,in_game_wp,v1_forecast(histgbm),forecast,
401858538,2026,13,Indiana,Purdue,0.48479227461842334,0.0,in_game_wp,v1_forecast(histgbm),forecast,
401858539,2026,13,Maryland,Penn State,0.48479227461842334,0.0,in_game_wp,v1_forecast(histgbm),forecast,
401858540,2026,13,Ohio State,Michigan,0.48479227461842334,0.0,in_game_wp,v1_forecast(histgbm),forecast,
401858541,2026,13,Oregon,Washington,0.48479227461842334,0.0,in_game_wp,v1_forecast(histgbm),forecast,
401858542,2026,13,Rutgers,Michigan State,0.4632929149719366,3.129927456574309,in_game_wp,v1_forecast(histgbm),forecast,
401858543,2026,13,UCLA,USC,0.48479227461842334,0.0,in_game_wp,v1_forecast(histgbm),forecast,
401858544,2026,13,Wisconsin,Minnesota,0.48479227461842334,0.0,in_game_wp,v1_forecast(histgbm),forecast,
401861969,2026,13,Wyoming,UConn,0.48479227461842334,0.0,in_game_wp,v1_forecast(histgbm),forecast,
401862837,2026,13,East Carolina,Florida Atlantic,0.48479227461842334,0.0,in_game_wp,v1_forecast(histgbm),forecast,
401862838,2026,13,Memphis,Temple,0.48479227461842334,0.0,in_game_wp,v1_forecast(histgbm),forecast,
401862839,2026,13,South Florida,Tulane,0.48479227461842334,0.0,in_game_wp,v1_forecast(histgbm),forecast,
401862840,2026,13,UTSA,Tulsa,0.48479227461842334,0.0,in_game_wp,v1_forecast(histgbm),forecast,
401862841,2026,13,Rice,Army,0.48479227461842334,0.0,in_game_wp,v1_forecast(histgbm),forecast,
401862842,2026,13,Charlotte,Navy,0.48479227461842334,0.0,in_game_wp,v1_forecast(histgbm),forecast,
401862843,2026,13,North Texas,UAB,0.8100372435365029,13.803920992866377,in_game_wp,v1_forecast(histgbm),forecast,
401864546,2026,13,New Mexico,Air Force,0.48479227461842334,0.0,in_game_wp,v1_forecast(histgbm),forecast,
401864547,2026,13,Hawai'i,Sacramento State,0.6928835808890683,7.98076749617299,in_game_wp,v1_forecast(histgbm),forecast,
401864548,2026,13,UNLV,Nevada,0.48479227461842334,0.0,in_game_wp,v1_forecast(histgbm),forecast,
401864549,2026,13,San José State,North Dakota State,0.5503498111451179,3.456057010310376,in_game_wp,v1_forecast(histgbm),forecast,
401864550,2026,13,Northern Illinois,UTEP,0.48479227461842334,0.0,in_game_wp,v1_forecast(histgbm),forecast,
401866470,2026,13,Eastern Michigan,Kent State,0.5904629267448559,5.6993658989406475,in_game_wp,v1_forecast(histgbm),forecast,
401866471,2026,13,Western Michigan,Miami (OH),0.48479227461842334,0.0,in_game_wp,v1_forecast(histgbm),forecast,
401866472,2026,13,Akron,Buffalo,0.48479227461842334,0.0,in_game_wp,v1_forecast(histgbm),forecast,
401866473,2026,13,Ohio,Toledo,0.4591322606652087,-0.660616734994647,in_game_wp,v1_forecast(histgbm),forecast,
401866474,2026,13,Ball State,Central Michigan,0.48479227461842334,0.0,in_game_wp,v1_forecast(histgbm),forecast,
401866475,2026,13,Bowling Green,Massachusetts,0.48479227461842334,0.0,in_game_wp,v1_forecast(histgbm),forecast,
401869930,2026,13,South Alabama,App State,0.48479227461842334,0.0,in_game_wp,v1_forecast(histgbm),forecast,
401869939,2026,13,Arkansas State,Troy,0.48479227461842334,0.0,in_game_wp,v1_forecast(histgbm),forecast,
401869947,2026,13,James Madison,Coastal Carolina,0.8772793244959105,14.976408146660912,in_game_wp,v1_forecast(histgbm),forecast,
401869954,2026,13,Georgia Southern,Louisiana Tech,0.48479227461842334,0.0,in_game_wp,v1_forecast(histgbm),forecast,
401869959,2026,13,Georgia State,Louisiana,0.48479227461842334,0.0,in_game_wp,v1_forecast(histgbm),forecast,
401870804,2026,13,Western Kentucky,Kennesaw State,0.48479227461842334,0.0,in_game_wp,v1_forecast(histgbm),forecast,
401871062,2026,13,Delaware,Jacksonville State,0.48479227461842334,0.0,in_game_wp,v1_forecast(histgbm),forecast,
401871063,2026,13,Missouri State,Liberty,0.48479227461842334,0.0,in_game_wp,v1_forecast(histgbm),forecast,
401871082,2026,13,Florida International,Sam Houston,0.48479227461842334,0.0,in_game_wp,v1_forecast(histgbm),forecast,
401871083,2026,13,Middle Tennessee,New Mexico State,0.48479227461842334,0.0,in_game_wp,v1_forecast(histgbm),forecast,
401871102,2026,13,UL Monroe,Marshall,0.48479227461842334,0.0,in_game_wp,v1_forecast(histgbm),forecast,
401871103,2026,13,Old Dominion,Southern Miss,0.48479227461842334,0.0,in_game_wp,v1_forecast(histgbm),forecast,
401862844,2026,15,Army,Navy,0.48479227461842334,0.0,in_game_wp,v1_forecast(histgbm),forecast,
