game_id,season,week,home_team,away_team,p_home_win,predicted_margin,model_name,model_version,split,actual_margin,actual_home_win
401856634,2026,1,Alabama,East Carolina,0.7446879634948345,9.051120474078338,margin_predictor,v2_forecast,forecast,38.0,1.0
401856636,2026,1,Auburn,Baylor,0.752845879302402,9.43129878710408,margin_predictor,v2_forecast,forecast,1.0,1.0
401856637,2026,1,Florida,Florida Atlantic,0.8196841214810502,12.940862155577236,margin_predictor,v2_forecast,forecast,45.0,1.0
401856660,2026,1,LSU,Clemson,0.695067072948643,6.88975291141896,margin_predictor,v2_forecast,forecast,41.0,1.0
401856661,2026,1,Ole Miss,Louisville,0.5056323928685016,-0.13520419632314962,margin_predictor,v2_forecast,forecast,,
401856662,2026,1,Mississippi State,UL Monroe,0.7762988033145909,10.574192385538508,margin_predictor,v2_forecast,forecast,49.0,1.0
401856664,2026,1,Oklahoma,UTEP,0.9337380467557216,22.8584728422462,margin_predictor,v2_forecast,forecast,51.0,1.0
401856665,2026,1,South Carolina,Kent State,0.8284694185929822,13.472165620454351,margin_predictor,v2_forecast,forecast,57.0,1.0
401856667,2026,1,Texas,Texas State,0.747186582158991,9.166694798879409,margin_predictor,v2_forecast,forecast,52.0,1.0
401856668,2026,1,Texas A&M,Missouri State,0.8543255706143499,15.173821613864517,margin_predictor,v2_forecast,forecast,50.0,1.0
401856766,2026,1,TCU,North Carolina,0.6417958505876028,4.779342113851175,margin_predictor,v2_forecast,forecast,-5.0,0.0
401856772,2026,1,Tulsa,Oklahoma State,0.6020096270817663,3.2950676377258574,margin_predictor,v2_forecast,forecast,14.0,1.0
401856776,2026,1,Georgia Tech,Colorado,0.8486498715552928,14.780338773411483,margin_predictor,v2_forecast,forecast,-1.0,0.0
401856777,2026,1,Cincinnati,Boston College,0.8007896404288104,11.862889202437401,margin_predictor,v2_forecast,forecast,19.0,1.0
401856778,2026,1,Houston,Oregon State,0.758731705412715,9.710848949714201,margin_predictor,v2_forecast,forecast,13.0,1.0
401856780,2026,1,West Virginia,Coastal Carolina,0.8062551550816922,12.166379488663328,margin_predictor,v2_forecast,forecast,7.0,1.0
401858201,2026,1,Stanford,Hawai'i,0.6388747681117313,4.668158112534636,margin_predictor,v2_forecast,forecast,10.0,1.0
401858202,2026,1,Virginia,NC State,0.5397808033717707,1.065123046759635,margin_predictor,v2_forecast,forecast,26.0,1.0
401858204,2026,1,Wake Forest,Akron,0.841634010575184,14.310355257679976,margin_predictor,v2_forecast,forecast,22.0,1.0
401858206,2026,1,Stanford,Miami,0.2729530723213103,-8.920688796054884,margin_predictor,v2_forecast,forecast,-39.0,0.0
401858207,2026,1,Pittsburgh,Miami (OH),0.8185850977994318,12.875834312953051,margin_predictor,v2_forecast,forecast,45.0,1.0
401858209,2026,1,Duke,Tulane,0.60445876315874,3.384768316931452,margin_predictor,v2_forecast,forecast,14.0,1.0
401858210,2026,1,California,UCLA,0.5384739864453255,1.0190184055566078,margin_predictor,v2_forecast,forecast,-21.0,0.0
401858212,2026,1,Florida State,SMU,0.6806532066233593,6.301192417000197,margin_predictor,v2_forecast,forecast,,
401858423,2026,1,Rutgers,Massachusetts,0.8693684362083696,16.282265861047946,margin_predictor,v2_forecast,forecast,-16.0,0.0
401858424,2026,1,Illinois,UAB,0.8514462828060447,14.972656008008842,margin_predictor,v2_forecast,forecast,19.0,1.0
401858425,2026,1,Indiana,North Texas,0.8833810763416599,17.41710449724448,margin_predictor,v2_forecast,forecast,36.0,1.0
401858426,2026,1,Iowa,Northern Illinois,0.8751466157966835,16.736916420084114,margin_predictor,v2_forecast,forecast,40.0,1.0
401858428,2026,1,Michigan,Western Michigan,0.8706403375926707,16.380850275230486,margin_predictor,v2_forecast,forecast,1.0,1.0
401858429,2026,1,Michigan State,Toledo,0.49469910954107754,-0.5185845751869049,margin_predictor,v2_forecast,forecast,10.0,1.0
401858430,2026,1,Nebraska,Ohio,0.7248460644127712,8.158300486533333,margin_predictor,v2_forecast,forecast,28.0,1.0
401858432,2026,1,Ohio State,Ball State,0.9527930511573555,26.007894581367268,margin_predictor,v2_forecast,forecast,53.0,1.0
401858433,2026,1,Oregon,Boise State,0.8606238255343752,15.625646116076057,margin_predictor,v2_forecast,forecast,7.0,1.0
401858434,2026,1,Penn State,Marshall,0.7727169476273801,10.394404655203996,margin_predictor,v2_forecast,forecast,45.0,1.0
401858436,2026,1,USC,Fresno State,0.8437351611721705,14.449295567831092,margin_predictor,v2_forecast,forecast,39.0,1.0
401858437,2026,1,Washington,Washington State,0.671045466575871,5.916733238462599,margin_predictor,v2_forecast,forecast,,
401858438,2026,1,Notre Dame,Wisconsin,0.44153034800674656,-2.3923117880153066,margin_predictor,v2_forecast,forecast,,
401860878,2026,1,Colorado State,Wyoming,0.6181923524265048,3.8914814721353306,margin_predictor,v2_forecast,forecast,22.0,1.0
401862693,2026,1,UNLV,Memphis,0.5725987231682477,2.2310162021965265,margin_predictor,v2_forecast,forecast,-6.0,0.0
401862695,2026,1,Memphis,Arkansas State,0.7638141965114653,9.956008833455243,margin_predictor,v2_forecast,forecast,18.0,1.0
401862699,2026,1,South Florida,Florida International,0.87856442495608,17.014396155102062,margin_predictor,v2_forecast,forecast,10.0,1.0
401864432,2026,1,Nevada,Western Kentucky,0.6195673432661072,3.9425829952647455,margin_predictor,v2_forecast,forecast,35.0,1.0
401864494,2026,1,USC,San José State,0.8830862877867326,17.392048046719367,margin_predictor,v2_forecast,forecast,16.0,1.0
401864495,2026,1,Eastern Michigan,San José State,0.541014694567063,1.108672564435604,margin_predictor,v2_forecast,forecast,-6.0,0.0
401864497,2026,1,Hawai'i,UNLV,0.476395318768638,-1.1609981332718196,margin_predictor,v2_forecast,forecast,-15.0,0.0
401864498,2026,1,New Mexico,Central Michigan,0.8004101821547873,11.842052682610934,margin_predictor,v2_forecast,forecast,31.0,1.0
401864570,2026,1,Florida State,New Mexico State,0.884049162588533,17.474094671919957,margin_predictor,v2_forecast,forecast,17.0,1.0
401864577,2026,1,North Dakota State,Jacksonville State,0.4993848932184884,-0.3542751256416814,margin_predictor,v2_forecast,forecast,26.0,1.0
401866408,2026,1,Eastern Michigan,Sacramento State,0.5953541721219135,3.0522375135237265,margin_predictor,v2_forecast,forecast,11.0,1.0
401869960,2026,1,James Madison,Liberty,0.8632690620466599,15.820518394749183,margin_predictor,v2_forecast,forecast,7.0,1.0
401870763,2026,1,Troy,Sam Houston,0.7765705108389749,10.587913653646225,margin_predictor,v2_forecast,forecast,3.0,1.0
401856670,2026,2,Utah,Arkansas,0.837692085938454,14.053676407636011,margin_predictor,v2_forecast,forecast,,
401856671,2026,2,Auburn,Southern Miss,0.7321038064367464,8.479961729866595,margin_predictor,v2_forecast,forecast,,
401856673,2026,2,Georgia,Western Kentucky,0.9565414017580429,26.76754583096143,margin_predictor,v2_forecast,forecast,,
401856674,2026,2,Kentucky,Alabama,0.23918898818126888,-10.476128278989217,margin_predictor,v2_forecast,forecast,,
401856676,2026,2,Ole Miss,Charlotte,0.5259664869116651,0.5786027599466976,margin_predictor,v2_forecast,forecast,,
401856677,2026,2,Minnesota,Mississippi State,0.5862911243426143,2.7235967296649175,margin_predictor,v2_forecast,forecast,,
401856678,2026,2,Kansas,Missouri,0.5559828031125117,1.6385412434404656,margin_predictor,v2_forecast,forecast,,
401856679,2026,2,Michigan,Oklahoma,0.3657980578659269,-5.156519248526989,margin_predictor,v2_forecast,forecast,,
401856681,2026,2,Georgia Tech,Tennessee,0.5303585805546486,0.7330984432938328,margin_predictor,v2_forecast,forecast,,
401856682,2026,2,Texas,Ohio State,0.4780370844899291,-1.1033113645010282,margin_predictor,v2_forecast,forecast,,
401856683,2026,2,Texas A&M,Arizona State,0.7384583725539924,8.766159025080057,margin_predictor,v2_forecast,forecast,,
401856684,2026,2,Vanderbilt,Delaware,0.7717314951523088,10.345292703111378,margin_predictor,v2_forecast,forecast,,
401856781,2026,2,Kansas State,Washington State,0.5322005941867403,0.797940723480274,margin_predictor,v2_forecast,forecast,,
401856782,2026,2,Oklahoma State,Oregon,0.20269712588484662,-12.337947602086443,margin_predictor,v2_forecast,forecast,,
401856783,2026,2,Oregon State,Texas Tech,0.42087847577221343,-3.1305385004339668,margin_predictor,v2_forecast,forecast,,
401856788,2026,2,Iowa,Iowa State,0.8482850107232555,14.755462333992059,margin_predictor,v2_forecast,forecast,,
401856790,2026,2,Pittsburgh,UCF,0.7076871162081855,7.417999774176348,margin_predictor,v2_forecast,forecast,,
401856810,2026,2,BYU,Arizona,0.7996679252099165,11.80138024150454,margin_predictor,v2_forecast,forecast,,
401858214,2026,2,Boston College,Rutgers,0.7979101485049159,11.70550992844419,margin_predictor,v2_forecast,forecast,,
401858216,2026,2,Syracuse,California,0.8546462067980857,15.196426619017005,margin_predictor,v2_forecast,forecast,,
401858217,2026,2,Illinois,Duke,0.6870815454397637,6.561850223807287,margin_predictor,v2_forecast,forecast,,
401858219,2026,2,Clemson,Georgia Southern,0.6930131256795197,6.804963156664449,margin_predictor,v2_forecast,forecast,,
401858221,2026,2,Virginia Tech,Old Dominion,0.872696417284071,16.541976052744054,margin_predictor,v2_forecast,forecast,,
401858224,2026,2,Purdue,Wake Forest,0.3829747173006043,-4.513576524860017,margin_predictor,v2_forecast,forecast,,
401858440,2026,2,Michigan State,Eastern Michigan,0.8274136232230027,13.407196485547056,margin_predictor,v2_forecast,forecast,,
401858441,2026,2,Nebraska,Bowling Green,0.9621392892686703,28.027484028907434,margin_predictor,v2_forecast,forecast,,
401858442,2026,2,Temple,Penn State,0.14716062031866034,-15.734993959296773,margin_predictor,v2_forecast,forecast,,
401858443,2026,2,UCLA,San Diego State,0.8286130706965517,13.481029832712517,margin_predictor,v2_forecast,forecast,,
401858444,2026,2,UConn,Maryland,0.564403943678908,1.938170451226664,margin_predictor,v2_forecast,forecast,,
401858445,2026,2,USC,Louisiana,0.9305337930272354,22.414368645695838,margin_predictor,v2_forecast,forecast,,
401858446,2026,2,Washington,Utah State,0.7048957106826622,7.300041944329477,margin_predictor,v2_forecast,forecast,,
401859184,2026,2,Notre Dame,Rice,0.5033355251182609,-0.21574827334125057,margin_predictor,v2_forecast,forecast,,
401860881,2026,2,Boise State,Memphis,0.48667459948775105,-0.8000600041640409,margin_predictor,v2_forecast,forecast,,
401860883,2026,2,Fresno State,Sacramento State,0.5578139779086623,1.7035920917467284,margin_predictor,v2_forecast,forecast,,
401860884,2026,2,Texas State,UTSA,0.5144999612297207,0.17586280212333127,margin_predictor,v2_forecast,forecast,,
401862702,2026,2,Army,South Florida,0.44724546856713226,-2.189404130693518,margin_predictor,v2_forecast,forecast,,
401862703,2026,2,Florida Atlantic,Navy,0.28612187193714417,-8.34742045995522,margin_predictor,v2_forecast,forecast,,
401862705,2026,2,North Texas,UNLV,0.5487659614259726,1.3826775804728073,margin_predictor,v2_forecast,forecast,,
401862707,2026,2,Sam Houston,Tulsa,0.5041005766855409,-0.1889209875755653,margin_predictor,v2_forecast,forecast,,
401862708,2026,2,UAB,UL Monroe,0.8157824038577707,12.711378161837121,margin_predictor,v2_forecast,forecast,,
401864502,2026,2,Air Force,North Dakota State,0.5287151395984665,0.6752709136530832,margin_predictor,v2_forecast,forecast,,
401864571,2026,2,East Carolina,App State,0.49513456122444593,-0.5033143016735595,margin_predictor,v2_forecast,forecast,,
401864575,2026,2,Tulane,South Alabama,0.8088890225613656,12.31495664389389,margin_predictor,v2_forecast,forecast,,
401864578,2026,2,Hawai'i,New Mexico State,0.48917947352478514,-0.712177584212891,margin_predictor,v2_forecast,forecast,,
401866414,2026,2,Florida International,Buffalo,0.8472477039738646,14.685005397805323,margin_predictor,v2_forecast,forecast,,
401866418,2026,2,Ohio,Jacksonville State,0.6168606400195591,3.8420554379589644,margin_predictor,v2_forecast,forecast,,
401867796,2026,2,LSU,Louisiana Tech,0.7484664794544442,9.226189394691056,margin_predictor,v2_forecast,forecast,,
401869955,2026,2,Kennesaw State,Georgia State,0.6767529482426102,6.14440437628746,margin_predictor,v2_forecast,forecast,,
401871045,2026,2,Marshall,Middle Tennessee,0.6188254559990083,3.9150019647422525,margin_predictor,v2_forecast,forecast,,
401856685,2026,3,Alabama,Florida State,0.803007337410299,11.985266440920997,margin_predictor,v2_forecast,forecast,,
401856686,2026,3,Arkansas,Georgia,0.1888391403688056,-13.109786741150792,margin_predictor,v2_forecast,forecast,,
401856687,2026,3,Auburn,Florida,0.4207925925517937,-3.1336273442248306,margin_predictor,v2_forecast,forecast,,
401856688,2026,3,Ole Miss,LSU,0.4848797412346625,-0.8630460151905517,margin_predictor,v2_forecast,forecast,,
401856689,2026,3,Missouri,Troy,0.8760733038380423,16.81149961037389,margin_predictor,v2_forecast,forecast,,
401856690,2026,3,Oklahoma,New Mexico,0.8158880194920398,12.717540153585416,margin_predictor,v2_forecast,forecast,,
401856691,2026,3,South Carolina,Mississippi State,0.6485153274269452,5.0366450423719025,margin_predictor,v2_forecast,forecast,,
401856692,2026,3,Tennessee,Kennesaw State,0.750820481900167,9.336140008736939,margin_predictor,v2_forecast,forecast,,
401856693,2026,3,Texas,UTSA,0.9100055153550869,19.94922902662892,margin_predictor,v2_forecast,forecast,,
401856694,2026,3,Texas A&M,Kentucky,0.8817076317820268,17.275587265592687,margin_predictor,v2_forecast,forecast,,
401856695,2026,3,Vanderbilt,NC State,0.6764191210016673,6.131030973094008,margin_predictor,v2_forecast,forecast,,
401856792,2026,3,Kansas State,Tulane,0.7598737290286045,9.76562510126088,margin_predictor,v2_forecast,forecast,,
401856793,2026,3,Arizona,Northern Illinois,0.8869732072199856,17.726936994778548,margin_predictor,v2_forecast,forecast,,
401856795,2026,3,Colorado State,BYU,0.22052794449640728,-11.400604077090552,margin_predictor,v2_forecast,forecast,,
401856796,2026,3,Northwestern,Colorado,0.4885926424218301,-0.7327644260991129,margin_predictor,v2_forecast,forecast,,
401856797,2026,3,Cincinnati,Miami (OH),0.8959069036525535,18.536574118720978,margin_predictor,v2_forecast,forecast,,
401856798,2026,3,Iowa State,Bowling Green,0.9163257163456487,20.648212452334143,margin_predictor,v2_forecast,forecast,,
401856799,2026,3,TCU,Arkansas State,0.6814082923896754,6.331663145087802,margin_predictor,v2_forecast,forecast,,
401856800,2026,3,UCF,Georgia State,0.8459759570544659,14.59915772031517,margin_predictor,v2_forecast,forecast,,
401856801,2026,3,Utah,Utah State,0.9603062471722937,27.59631130306471,margin_predictor,v2_forecast,forecast,,
401856802,2026,3,Virginia,West Virginia,0.785611632327577,11.05147624490455,margin_predictor,v2_forecast,forecast,,
401856811,2026,3,Texas Tech,Houston,0.6082730517604233,3.5248529924174177,margin_predictor,v2_forecast,forecast,,
401856812,2026,3,Kansas,Arizona State,0.40028397871796,-3.8766468520574495,margin_predictor,v2_forecast,forecast,,
401858225,2026,3,Pittsburgh,Syracuse,0.7688910963851273,10.204564960030647,margin_predictor,v2_forecast,forecast,,
401858226,2026,3,Wake Forest,Miami,0.18792039368205157,-13.162462561484656,margin_predictor,v2_forecast,forecast,,
401858229,2026,3,Clemson,North Carolina,0.3857532848920611,-4.410642812539608,margin_predictor,v2_forecast,forecast,,
401858230,2026,3,Louisville,SMU,0.696054156647499,6.930614983226478,margin_predictor,v2_forecast,forecast,,
401858231,2026,3,Duke,Stanford,0.8494286880923203,14.833604294504589,margin_predictor,v2_forecast,forecast,,
401858232,2026,3,Maryland,Virginia Tech,0.4480427065467155,-2.1611398360298137,margin_predictor,v2_forecast,forecast,,
401858449,2026,3,Indiana,Western Kentucky,0.9759554993204153,32.13230267974587,margin_predictor,v2_forecast,forecast,,
401858450,2026,3,Michigan,UTEP,0.9461008910873094,24.783972472295716,margin_predictor,v2_forecast,forecast,,
401858451,2026,3,Minnesota,Akron,0.8983832944915477,18.7718363954394,margin_predictor,v2_forecast,forecast,,
401858453,2026,3,Notre Dame,Michigan State,0.547000534666928,1.320201540877238,margin_predictor,v2_forecast,forecast,,
401858454,2026,3,Ohio State,Kent State,0.9882878451460045,38.54758516649536,margin_predictor,v2_forecast,forecast,,
401858456,2026,3,Penn State,Buffalo,0.9657207261823325,28.931158498005516,margin_predictor,v2_forecast,forecast,,
401858457,2026,3,Rutgers,USC,0.07708543092425532,-22.09539819027046,margin_predictor,v2_forecast,forecast,,
401858458,2026,3,UCLA,Purdue,0.8648071094926483,15.93528764077355,margin_predictor,v2_forecast,forecast,,
401858460,2026,3,Wisconsin,Eastern Michigan,0.7405717039193277,8.862329488006836,margin_predictor,v2_forecast,forecast,,
401860887,2026,3,San Diego State,James Madison,0.4497501870124173,-2.1006365803873157,margin_predictor,v2_forecast,forecast,,
401860888,2026,3,San José State,Fresno State,0.789690775109785,11.265271382226869,margin_predictor,v2_forecast,forecast,,
401860889,2026,3,Texas State,North Texas,0.4691011532718522,-1.4175276875995655,margin_predictor,v2_forecast,forecast,,
401861963,2026,3,Southern Miss,UConn,0.5449498192446973,1.247681928884301,margin_predictor,v2_forecast,forecast,,
401862710,2026,3,Old Dominion,East Carolina,0.6026228840881719,3.317510699084192,margin_predictor,v2_forecast,forecast,,
401862771,2026,3,Florida Atlantic,Florida International,0.3977949410043616,-3.967632460858555,margin_predictor,v2_forecast,forecast,,
401862773,2026,3,Rice,Western Michigan,0.42980769879395897,-2.8102948897723197,margin_predictor,v2_forecast,forecast,,
401862774,2026,3,Toledo,Temple,0.8498709365220575,14.863951909209089,margin_predictor,v2_forecast,forecast,,
401862776,2026,3,Louisiana,UAB,0.5727526637301856,2.23653048022516,margin_predictor,v2_forecast,forecast,,
401864443,2026,3,Middle Tennessee,Nevada,0.3514437154654609,-5.703634146126118,margin_predictor,v2_forecast,forecast,,
401864507,2026,3,Sacramento State,North Dakota State,0.562809952721519,1.8813592436078563,margin_predictor,v2_forecast,forecast,,
401864508,2026,3,Central Michigan,Wyoming,0.6078733448279529,3.5101507757244654,margin_predictor,v2_forecast,forecast,,
401864574,2026,3,App State,Charlotte,0.9353220821060054,23.085433938399937,margin_predictor,v2_forecast,forecast,,
401866422,2026,3,Liberty,Ball State,0.8552189519081669,15.23690862764459,margin_predictor,v2_forecast,forecast,,
401866423,2026,3,South Alabama,Ohio,0.5675799638929637,2.0515092866730207,margin_predictor,v2_forecast,forecast,,
401867804,2026,3,Baylor,Louisiana Tech,0.3888563569164351,-4.29601283485984,margin_predictor,v2_forecast,forecast,,
401869940,2026,3,Delaware,Coastal Carolina,0.666593322039688,5.740534683952159,margin_predictor,v2_forecast,forecast,,
401869948,2026,3,Jacksonville State,Georgia Southern,0.6705506688228781,5.897091698436272,margin_predictor,v2_forecast,forecast,,
401871047,2026,3,Missouri State,Marshall,0.5425694180379611,1.1635710298789808,margin_predictor,v2_forecast,forecast,,
401856696,2026,4,Alabama,South Carolina,0.6629272918637195,5.596329556603562,margin_predictor,v2_forecast,forecast,,
401856697,2026,4,Arkansas,Tulsa,0.6937351212149204,6.834731876960825,margin_predictor,v2_forecast,forecast,,
401856698,2026,4,Auburn,Vanderbilt,0.6392160246886652,4.681126879714591,margin_predictor,v2_forecast,forecast,,
401856699,2026,4,Florida,Ole Miss,0.6805777276218953,6.298148643105802,margin_predictor,v2_forecast,forecast,,
401856700,2026,4,Georgia,Oklahoma,0.549726869474344,1.4167009628286498,margin_predictor,v2_forecast,forecast,,
401856702,2026,4,LSU,Texas A&M,0.5150420831958923,0.19488839337537378,margin_predictor,v2_forecast,forecast,,
401856703,2026,4,Mississippi State,Missouri,0.6098347820655422,3.5823487513131687,margin_predictor,v2_forecast,forecast,,
401856704,2026,4,Tennessee,Texas,0.347847126596285,-5.842283407678437,margin_predictor,v2_forecast,forecast,,
401856804,2026,4,Washington State,Arizona,0.641007571169661,4.749299070346401,margin_predictor,v2_forecast,forecast,,
401856805,2026,4,Texas Tech,Sam Houston,0.8477405574317948,14.718432352116153,margin_predictor,v2_forecast,forecast,,
401856806,2026,4,Georgia Southern,Houston,0.4083340962277186,-3.5836378833753724,margin_predictor,v2_forecast,forecast,,
401856813,2026,4,Baylor,Colorado,0.547327543435398,1.3317707293002772,margin_predictor,v2_forecast,forecast,,
401856814,2026,4,Cincinnati,Kansas State,0.5080660427495804,-0.04985442055360512,margin_predictor,v2_forecast,forecast,,
401856815,2026,4,UCF,TCU,0.8002518108044628,11.833365113243792,margin_predictor,v2_forecast,forecast,,
401856816,2026,4,Iowa State,Utah,0.30578107531325655,-7.520115566085588,margin_predictor,v2_forecast,forecast,,
401856881,2026,4,West Virginia,Oklahoma State,0.6708481523723362,5.90889883208035,margin_predictor,v2_forecast,forecast,,
401858234,2026,4,California,Clemson,0.4366706625858517,-2.565279398563237,margin_predictor,v2_forecast,forecast,,
401858238,2026,4,Miami,Central Michigan,0.9712653674899435,30.527999690126464,margin_predictor,v2_forecast,forecast,,
401858239,2026,4,Virginia,Delaware,0.846286207232408,14.620047100354371,margin_predictor,v2_forecast,forecast,,
401858240,2026,4,Stanford,Georgia Tech,0.2759867785272349,-8.787143482323582,margin_predictor,v2_forecast,forecast,,
401858241,2026,4,SMU,Missouri State,0.5243311312330343,0.5211150996126266,margin_predictor,v2_forecast,forecast,,
401858242,2026,4,Boston College,Virginia Tech,0.21290817076718385,-11.794123875652902,margin_predictor,v2_forecast,forecast,,
401858243,2026,4,Louisville,Wake Forest,0.6000710869929367,3.2242005175165724,margin_predictor,v2_forecast,forecast,,
401858461,2026,4,Indiana,Northwestern,0.9535122774301584,26.14909248450454,margin_predictor,v2_forecast,forecast,,
401858462,2026,4,Maryland,UCLA,0.443852557815455,-2.3098016368983494,margin_predictor,v2_forecast,forecast,,
401858463,2026,4,Michigan,Iowa,0.48125876471100004,-0.9901583782396841,margin_predictor,v2_forecast,forecast,,
401858464,2026,4,Michigan State,Nebraska,0.4217195303143019,-3.100298516981911,margin_predictor,v2_forecast,forecast,,
401858465,2026,4,Ohio State,Illinois,0.8445717840611614,14.505041607823577,margin_predictor,v2_forecast,forecast,,
401858466,2026,4,Penn State,Wisconsin,0.45182615083942435,-2.027132748908244,margin_predictor,v2_forecast,forecast,,
401858467,2026,4,Purdue,Notre Dame,0.7205303369596916,7.969525988025882,margin_predictor,v2_forecast,forecast,,
401858469,2026,4,USC,Oregon,0.6240515625647263,4.109740032378886,margin_predictor,v2_forecast,forecast,,
401858470,2026,4,Washington,Minnesota,0.605197501643234,3.41186241847241,margin_predictor,v2_forecast,forecast,,
401860891,2026,4,Fresno State,Rice,0.5898968759518041,2.8540800699039295,margin_predictor,v2_forecast,forecast,,
401860893,2026,4,Toledo,San Diego State,0.721657015616724,8.01863400583152,margin_predictor,v2_forecast,forecast,,
401860894,2026,4,Utah State,Troy,0.3676513947756016,-5.08656335880738,margin_predictor,v2_forecast,forecast,,
401860895,2026,4,UTEP,Oregon State,0.3540475525033569,-5.6036616392514595,margin_predictor,v2_forecast,forecast,,
401860896,2026,4,UTSA,Colorado State,0.6633258082002527,5.6119676895724755,margin_predictor,v2_forecast,forecast,,
401860897,2026,4,Western Michigan,Boise State,0.5499197127207665,1.4235306406908421,margin_predictor,v2_forecast,forecast,,
401861970,2026,4,Miami (OH),UConn,0.2935611878701991,-8.030582551887813,margin_predictor,v2_forecast,forecast,,
401862778,2026,4,UAB,Navy,0.45320231844309133,-1.9784395311907028,margin_predictor,v2_forecast,forecast,,
401862779,2026,4,Temple,Army,0.35069192787645675,-5.732561378017975,margin_predictor,v2_forecast,forecast,,
401862780,2026,4,Charlotte,Louisiana,0.288399253176231,-8.249914176233506,margin_predictor,v2_forecast,forecast,,
401862782,2026,4,UL Monroe,Florida Atlantic,0.5378903533335498,0.998433830447822,margin_predictor,v2_forecast,forecast,,
401862784,2026,4,Tulane,Southern Miss,0.679031921617612,6.23589589442455,margin_predictor,v2_forecast,forecast,,
401862785,2026,4,Bowling Green,South Florida,0.10568201784926094,-19.05363033634093,margin_predictor,v2_forecast,forecast,,
401864509,2026,4,Nevada,Air Force,0.7333218588639878,8.534481822822233,margin_predictor,v2_forecast,forecast,,
401864510,2026,4,Wyoming,Hawai'i,0.6080371151940205,3.5161740133364057,margin_predictor,v2_forecast,forecast,,
401864511,2026,4,Georgia State,Northern Illinois,0.8382679442946751,14.090856952115804,margin_predictor,v2_forecast,forecast,,
401864512,2026,4,Akron,UNLV,0.3284824359450725,-6.600901685746939,margin_predictor,v2_forecast,forecast,,
401864572,2026,4,NC State,App State,0.5792156793525471,2.4685108829379385,margin_predictor,v2_forecast,forecast,,
401864576,2026,4,Kentucky,South Alabama,0.7771512681279203,10.617281888453086,margin_predictor,v2_forecast,forecast,,
401864579,2026,4,New Mexico State,New Mexico,0.3093974418480938,-7.371267504770463,margin_predictor,v2_forecast,forecast,,
401866425,2026,4,Kent State,Ball State,0.5229202653279816,0.4715337108551938,margin_predictor,v2_forecast,forecast,,
401866429,2026,4,Sacramento State,Massachusetts,0.6179441931835458,3.882266156503761,margin_predictor,v2_forecast,forecast,,
401869931,2026,4,Arkansas State,Kennesaw State,0.5202770494688447,0.37867840335745173,margin_predictor,v2_forecast,forecast,,
401869941,2026,4,Coastal Carolina,Liberty,0.5063703596048744,-0.10932436965386749,margin_predictor,v2_forecast,forecast,,
401869961,2026,4,Old Dominion,James Madison,0.3498135773138025,-5.766394648786054,margin_predictor,v2_forecast,forecast,,
401871048,2026,4,Jacksonville State,Middle Tennessee,0.6507681201862512,5.123408731595327,margin_predictor,v2_forecast,forecast,,
401856705,2026,5,Georgia,Vanderbilt,0.8365455595263944,13.979965882698467,margin_predictor,v2_forecast,forecast,,
401856707,2026,5,Mississippi State,Alabama,0.41688463276054344,-3.274365246612506,margin_predictor,v2_forecast,forecast,,
401856708,2026,5,Missouri,Florida,0.4881476046543727,-0.7483776952774903,margin_predictor,v2_forecast,forecast,,
401856709,2026,5,South Carolina,Kentucky,0.8108927451162451,12.429037656311236,margin_predictor,v2_forecast,forecast,,
401856710,2026,5,Tennessee,Auburn,0.6137807878504782,3.7279954698828317,margin_predictor,v2_forecast,forecast,,
401856711,2026,5,Texas A&M,Arkansas,0.9039047798435248,19.315290268574095,margin_predictor,v2_forecast,forecast,,
401856807,2026,5,Kansas,Middle Tennessee,0.8640186835767425,15.876318572294249,margin_predictor,v2_forecast,forecast,,
401856817,2026,5,Arizona State,Baylor,0.8234970955885746,13.168899688732196,margin_predictor,v2_forecast,forecast,,
401856818,2026,5,TCU,BYU,0.26137843644617476,-9.438981304376714,margin_predictor,v2_forecast,forecast,,
401856819,2026,5,Houston,UCF,0.3589204193394662,-5.41745627604034,margin_predictor,v2_forecast,forecast,,
401856820,2026,5,Arizona,Cincinnati,0.4812209001756089,-0.9914879334571296,margin_predictor,v2_forecast,forecast,,
401856821,2026,5,Colorado,Texas Tech,0.5224883284584683,0.45635696562546535,margin_predictor,v2_forecast,forecast,,
401856822,2026,5,Iowa State,West Virginia,0.5927632378387494,2.958055734256422,margin_predictor,v2_forecast,forecast,,
401858245,2026,5,Virginia Tech,Pittsburgh,0.5170830139291479,0.2665256969617067,margin_predictor,v2_forecast,forecast,,
401858246,2026,5,SMU,Boston College,0.5287163575985345,0.6753137629868,margin_predictor,v2_forecast,forecast,,
401858247,2026,5,UNLV,California,0.8451235087939402,14.54193834905689,margin_predictor,v2_forecast,forecast,,
401858248,2026,5,NC State,Louisville,0.5997984898313099,3.2142444360124367,margin_predictor,v2_forecast,forecast,,
401858249,2026,5,Clemson,Miami,0.09520964439773974,-20.070446930626172,margin_predictor,v2_forecast,forecast,,
401858250,2026,5,North Carolina,Notre Dame,0.7785402252478746,10.687742074484156,margin_predictor,v2_forecast,forecast,,
401858251,2026,5,Wake Forest,Stanford,0.8330816886736571,13.759767937564677,margin_predictor,v2_forecast,forecast,,
401858252,2026,5,UConn,Syracuse,0.5606562742174704,1.8046734620649327,margin_predictor,v2_forecast,forecast,,
401858253,2026,5,Florida State,Virginia,0.5478479089692653,1.3501836386754227,margin_predictor,v2_forecast,forecast,,
401858472,2026,5,Illinois,Purdue,0.8412007309981955,14.281890775027135,margin_predictor,v2_forecast,forecast,,
401858473,2026,5,Iowa,Ohio State,0.3201532881001664,-6.934103312469368,margin_predictor,v2_forecast,forecast,,
401858474,2026,5,Minnesota,Michigan,0.5825436306514278,2.588338193426194,margin_predictor,v2_forecast,forecast,,
401858475,2026,5,Nebraska,Maryland,0.6325157637596367,4.427452845012609,margin_predictor,v2_forecast,forecast,,
401858476,2026,5,Northwestern,Penn State,0.1736881077118598,-14.005149149518331,margin_predictor,v2_forecast,forecast,,
401858477,2026,5,Rutgers,Indiana,0.03954330950879658,-28.296385648117468,margin_predictor,v2_forecast,forecast,,
401858478,2026,5,USC,Washington,0.5676685873094164,2.054674683487877,margin_predictor,v2_forecast,forecast,,
401858479,2026,5,Wisconsin,Michigan State,0.6724994362652318,5.974537599039386,margin_predictor,v2_forecast,forecast,,
401860898,2026,5,Boise State,Utah State,0.918438204463927,20.892551486295027,margin_predictor,v2_forecast,forecast,,
401860899,2026,5,Colorado State,Oregon State,0.6127737125441706,3.6907728022447492,margin_predictor,v2_forecast,forecast,,
401860900,2026,5,San Diego State,Texas State,0.6993911454541402,7.06931342614273,margin_predictor,v2_forecast,forecast,,
401860921,2026,5,Washington State,Fresno State,0.6344108083121542,4.49899848284348,margin_predictor,v2_forecast,forecast,,
401862786,2026,5,Tulsa,North Texas,0.4632634512405962,-1.6231641650645185,margin_predictor,v2_forecast,forecast,,
401862787,2026,5,Charlotte,Memphis,0.06639807350302607,-23.50461949465139,margin_predictor,v2_forecast,forecast,,
401862788,2026,5,Rice,UTSA,0.48070032479522784,-1.0097679157990598,margin_predictor,v2_forecast,forecast,,
401862791,2026,5,Air Force,Navy,0.49717366686968006,-0.4318106946637359,margin_predictor,v2_forecast,forecast,,
401862792,2026,5,South Florida,Temple,0.855797742263062,15.277953292037715,margin_predictor,v2_forecast,forecast,,
401864513,2026,5,Hawai'i,San José State,0.2911951762904396,-8.130830252440948,margin_predictor,v2_forecast,forecast,,
401864514,2026,5,New Mexico,UTEP,0.9338032320948324,22.867712611389997,margin_predictor,v2_forecast,forecast,,
401864515,2026,5,North Dakota State,Wyoming,0.7353174010021616,8.624146172421929,margin_predictor,v2_forecast,forecast,,
401866430,2026,5,Central Michigan,Akron,0.5714381246977284,2.189458736598212,margin_predictor,v2_forecast,forecast,,
401866431,2026,5,Ball State,Toledo,0.17270317569158883,-14.065442504659803,margin_predictor,v2_forecast,forecast,,
401866432,2026,5,Buffalo,Western Michigan,0.21922418791517473,-11.467232249838254,margin_predictor,v2_forecast,forecast,,
401866433,2026,5,Massachusetts,Eastern Michigan,0.6449029983455041,4.898049041148421,margin_predictor,v2_forecast,forecast,,
401866434,2026,5,Kent State,Ohio,0.28859341012689627,-8.241622593259907,margin_predictor,v2_forecast,forecast,,
401866477,2026,5,Miami (OH),Bowling Green,0.773074028406011,10.412237553975318,margin_predictor,v2_forecast,forecast,,
401869842,2026,5,Louisiana Tech,Army,0.7892625198752035,11.242684038032351,margin_predictor,v2_forecast,forecast,,
401869932,2026,5,Louisiana,Arkansas State,0.5037889015672437,-0.19985025634910158,margin_predictor,v2_forecast,forecast,,
401869942,2026,5,Coastal Carolina,Georgia Southern,0.5921135865787638,2.9344701935312636,margin_predictor,v2_forecast,forecast,,
401869956,2026,5,Georgia State,Old Dominion,0.5971924323423422,3.1191761214475626,margin_predictor,v2_forecast,forecast,,
401869962,2026,5,James Madison,Marshall,0.8518727896662653,15.002249932814436,margin_predictor,v2_forecast,forecast,,
401871049,2026,5,New Mexico State,Western Kentucky,0.6803296864838052,6.288148797411058,margin_predictor,v2_forecast,forecast,,
401871050,2026,5,Delaware,Liberty,0.5071418591025522,-0.08226753666896247,margin_predictor,v2_forecast,forecast,,
401871089,2026,5,South Alabama,UL Monroe,0.7414952164820321,8.904515029284424,margin_predictor,v2_forecast,forecast,,
401856712,2026,6,Alabama,Georgia,0.5598362266669896,1.7754956605628087,margin_predictor,v2_forecast,forecast,,
401856713,2026,6,Arkansas,Tennessee,0.3724986426748165,-4.904289969688977,margin_predictor,v2_forecast,forecast,,
401856714,2026,6,Florida,South Carolina,0.5578243440456132,1.7039604967583912,margin_predictor,v2_forecast,forecast,,
401856715,2026,6,Kentucky,LSU,0.2481334647182091,-10.050635496282084,margin_predictor,v2_forecast,forecast,,
401856716,2026,6,Missouri,Texas A&M,0.3362885684481899,-6.292522545107399,margin_predictor,v2_forecast,forecast,,
401856717,2026,6,Oklahoma,Texas,0.5835996393490771,2.6264172568221382,margin_predictor,v2_forecast,forecast,,
401856718,2026,6,Vanderbilt,Ole Miss,0.6922306289746915,6.772743903453919,margin_predictor,v2_forecast,forecast,,
401856808,2026,6,Arizona State,Hawai'i,0.9406733226280865,23.892483119379644,margin_predictor,v2_forecast,forecast,,
401856823,2026,6,West Virginia,Arizona,0.48954840427322127,-0.699235525580975,margin_predictor,v2_forecast,forecast,,
401856824,2026,6,Oklahoma State,UCF,0.20584292380568064,-12.168291555848342,margin_predictor,v2_forecast,forecast,,
401856825,2026,6,Kansas State,Houston,0.753233400231303,9.449565149894529,margin_predictor,v2_forecast,forecast,,
401856826,2026,6,BYU,Iowa State,0.8514777770116028,14.974838887817146,margin_predictor,v2_forecast,forecast,,
401856827,2026,6,Utah,Kansas,0.6860463810394963,6.519682357305227,margin_predictor,v2_forecast,forecast,,
401858254,2026,6,Louisville,Florida State,0.6060305648118348,3.442437147044304,margin_predictor,v2_forecast,forecast,,
401858255,2026,6,Georgia Tech,Duke,0.532699309969283,0.8155016807369493,margin_predictor,v2_forecast,forecast,,
401858256,2026,6,Pittsburgh,North Carolina,0.8004325226976974,11.843278604832474,margin_predictor,v2_forecast,forecast,,
401858257,2026,6,Notre Dame,Stanford,0.5119379149212991,0.08596408045629333,margin_predictor,v2_forecast,forecast,,
401858258,2026,6,Virginia,Syracuse,0.6384752877507178,4.65298343438744,margin_predictor,v2_forecast,forecast,,
401858259,2026,6,California,Virginia Tech,0.13796211189479035,-16.394842555034177,margin_predictor,v2_forecast,forecast,,
401858260,2026,6,NC State,Wake Forest,0.48742452331450276,-0.7737469895559794,margin_predictor,v2_forecast,forecast,,
401858480,2026,6,Michigan State,Illinois,0.4110767205202003,-3.4842281223882807,margin_predictor,v2_forecast,forecast,,
401858481,2026,6,Nebraska,Indiana,0.2476562749720631,-10.073071580013984,margin_predictor,v2_forecast,forecast,,
401858482,2026,6,Northwestern,Ball State,0.8170284600192863,12.784252599252582,margin_predictor,v2_forecast,forecast,,
401858483,2026,6,Ohio State,Maryland,0.8846500943101387,17.525600562490162,margin_predictor,v2_forecast,forecast,,
401858484,2026,6,Oregon,UCLA,0.651858348044582,5.165490512296159,margin_predictor,v2_forecast,forecast,,
401858485,2026,6,Penn State,USC,0.5443154255683118,1.2252588484381013,margin_predictor,v2_forecast,forecast,,
401858486,2026,6,Purdue,Minnesota,0.2681417550689494,-9.134403424477476,margin_predictor,v2_forecast,forecast,,
401858487,2026,6,Washington,Iowa,0.6933462450919863,6.818693202003612,margin_predictor,v2_forecast,forecast,,
401860901,2026,6,Fresno State,Boise State,0.3022517904454529,-7.666332031729581,margin_predictor,v2_forecast,forecast,,
401860902,2026,6,Oregon State,San Diego State,0.46690572758564075,-1.4948248442291723,margin_predictor,v2_forecast,forecast,,
401860922,2026,6,Utah State,Washington State,0.5591306780467261,1.7504011062969689,margin_predictor,v2_forecast,forecast,,
401861964,2026,6,Temple,UConn,0.3356252582522693,-6.318586413356639,margin_predictor,v2_forecast,forecast,,
401862794,2026,6,UTSA,South Florida,0.37188907111745284,-4.927158167562574,margin_predictor,v2_forecast,forecast,,
401862795,2026,6,Army,Tulane,0.5275922043277211,0.6357710169281585,margin_predictor,v2_forecast,forecast,,
401862796,2026,6,North Texas,Charlotte,0.9091952416325381,19.862847854548043,margin_predictor,v2_forecast,forecast,,
401862797,2026,6,East Carolina,Rice,0.660698212217907,5.509025114398361,margin_predictor,v2_forecast,forecast,,
401862798,2026,6,Memphis,UAB,0.8473683779254472,14.693181719936334,margin_predictor,v2_forecast,forecast,,
401862799,2026,6,Navy,Tulsa,0.7020598029214834,7.180865920313779,margin_predictor,v2_forecast,forecast,,
401864516,2026,6,Northern Illinois,Air Force,0.3675179879406057,-5.091593963933306,margin_predictor,v2_forecast,forecast,,
401864517,2026,6,UTEP,Nevada,0.17316413191137986,-14.037190975354516,margin_predictor,v2_forecast,forecast,,
401864518,2026,6,UNLV,North Dakota State,0.6988697418429375,7.047584433536344,margin_predictor,v2_forecast,forecast,,
401864519,2026,6,San José State,Wyoming,0.8016142308410077,11.908271510639286,margin_predictor,v2_forecast,forecast,,
401866435,2026,6,Akron,Eastern Michigan,0.5796248252281325,2.483228520810566,margin_predictor,v2_forecast,forecast,,
401866436,2026,6,Bowling Green,Sacramento State,0.23670167759758806,-10.596374584017173,margin_predictor,v2_forecast,forecast,,
401866437,2026,6,Toledo,Buffalo,0.8898465291684619,17.981015790305797,margin_predictor,v2_forecast,forecast,,
401866438,2026,6,Ohio,Central Michigan,0.6789087450130574,6.2309421431103384,margin_predictor,v2_forecast,forecast,,
401866439,2026,6,Western Michigan,Kent State,0.9011204892119418,19.037867848524733,margin_predictor,v2_forecast,forecast,,
401866440,2026,6,Massachusetts,Miami (OH),0.6743320140304095,6.047581957617265,margin_predictor,v2_forecast,forecast,,
401869843,2026,6,App State,Old Dominion,0.6898001680942849,6.672958344560255,margin_predictor,v2_forecast,forecast,,
401869933,2026,6,Arkansas State,South Alabama,0.6797345991146584,6.264174440438088,margin_predictor,v2_forecast,forecast,,
401869943,2026,6,Marshall,Coastal Carolina,0.5472813069613552,1.3301348493329956,margin_predictor,v2_forecast,forecast,,
401869949,2026,6,Georgia Southern,James Madison,0.2694583919442948,-9.075681119605258,margin_predictor,v2_forecast,forecast,,
401869965,2026,6,Louisiana Tech,Louisiana,0.8613974460468963,15.682314495936437,margin_predictor,v2_forecast,forecast,,
401870766,2026,6,Liberty,Sam Houston,0.7413014103311252,8.89565395126947,margin_predictor,v2_forecast,forecast,,
401871051,2026,6,Kennesaw State,Jacksonville State,0.7081535280485236,7.437773379024254,margin_predictor,v2_forecast,forecast,,
401871052,2026,6,Western Kentucky,Missouri State,0.5901825063425226,2.864431094106683,margin_predictor,v2_forecast,forecast,,
401871066,2026,6,Florida International,New Mexico State,0.6482506355473089,5.026467543237643,margin_predictor,v2_forecast,forecast,,
401871090,2026,6,Troy,Southern Miss,0.4170537807952057,-3.2682660389631675,margin_predictor,v2_forecast,forecast,,
401856719,2026,7,Georgia,Auburn,0.7987444432713807,11.750934815528304,margin_predictor,v2_forecast,forecast,,
401856720,2026,7,LSU,Mississippi State,0.717317369430329,7.830144534291305,margin_predictor,v2_forecast,forecast,,
401856721,2026,7,Ole Miss,Missouri,0.5027708554044664,-0.2355486139664853,margin_predictor,v2_forecast,forecast,,
401856722,2026,7,Oklahoma,Kentucky,0.8791607887100255,17.06349991383836,margin_predictor,v2_forecast,forecast,,
401856723,2026,7,Tennessee,Alabama,0.37012995312819746,-4.9932379188043825,margin_predictor,v2_forecast,forecast,,
401856724,2026,7,Texas,Florida,0.685545939124261,6.499323699434977,margin_predictor,v2_forecast,forecast,,
401856726,2026,7,Vanderbilt,Arkansas,0.6732774872150025,6.005524003189814,margin_predictor,v2_forecast,forecast,,
401856809,2026,7,BYU,Notre Dame,0.6981968256293459,7.019572919137321,margin_predictor,v2_forecast,forecast,,
401856828,2026,7,Texas Tech,Arizona State,0.35217146087799606,-5.6756589987791415,margin_predictor,v2_forecast,forecast,,
401856829,2026,7,West Virginia,Cincinnati,0.39415502239325734,-4.10103782751684,margin_predictor,v2_forecast,forecast,,
401856830,2026,7,Kansas State,Kansas,0.6643020340778575,5.650314248467529,margin_predictor,v2_forecast,forecast,,
401856831,2026,7,Houston,Oklahoma State,0.7283140510407048,8.311328219370438,margin_predictor,v2_forecast,forecast,,
401856832,2026,7,Baylor,TCU,0.5735007122837921,2.263333404333017,margin_predictor,v2_forecast,forecast,,
401856833,2026,7,Colorado,Utah,0.3473691756205012,-5.860758510365088,margin_predictor,v2_forecast,forecast,,
401858263,2026,7,Miami,Florida State,0.8621615341172846,15.7385457366884,margin_predictor,v2_forecast,forecast,,
401858264,2026,7,Virginia Tech,Georgia Tech,0.7613712596523304,9.837723605666751,margin_predictor,v2_forecast,forecast,,
401858265,2026,7,Syracuse,Louisville,0.5676909892407516,2.055474846413012,margin_predictor,v2_forecast,forecast,,
401858266,2026,7,Duke,North Carolina,0.6197080306531468,3.9478156466110694,margin_predictor,v2_forecast,forecast,,
401858267,2026,7,Boston College,Pittsburgh,0.1820986599138505,-13.500945827189032,margin_predictor,v2_forecast,forecast,,
401858268,2026,7,SMU,Virginia,0.5460664379706269,1.2871621597086613,margin_predictor,v2_forecast,forecast,,
401858269,2026,7,California,Wake Forest,0.2600097834285145,-9.50123149402289,margin_predictor,v2_forecast,forecast,,
401858488,2026,7,Indiana,Ohio State,0.5841643859185119,2.6467930256047922,margin_predictor,v2_forecast,forecast,,
401858489,2026,7,Maryland,Rutgers,0.8975355018355996,18.690728315583204,margin_predictor,v2_forecast,forecast,,
401858490,2026,7,Michigan,Penn State,0.43233567476153706,-2.719936424518794,margin_predictor,v2_forecast,forecast,,
401858491,2026,7,Michigan State,Northwestern,0.7212392413327255,8.00041047571985,margin_predictor,v2_forecast,forecast,,
401858492,2026,7,Oregon,Nebraska,0.69907076552811,7.0559593613228335,margin_predictor,v2_forecast,forecast,,
401858493,2026,7,Purdue,Washington,0.5695839678953366,2.1231252406139056,margin_predictor,v2_forecast,forecast,,
401858494,2026,7,UCLA,Wisconsin,0.5858291268552619,2.7069026628697057,margin_predictor,v2_forecast,forecast,,
401860903,2026,7,Oregon State,Washington State,0.5897161404005944,2.8475314889229972,margin_predictor,v2_forecast,forecast,,
401860904,2026,7,San Diego State,Fresno State,0.7232158955246948,8.086782048718998,margin_predictor,v2_forecast,forecast,,
401860923,2026,7,Texas State,Colorado State,0.5243628845102248,0.5222311439865548,margin_predictor,v2_forecast,forecast,,
401862800,2026,7,UAB,East Carolina,0.5396549675806984,1.0606827171315487,margin_predictor,v2_forecast,forecast,,
401862801,2026,7,Tulane,Memphis,0.41024420853374993,-3.5143820631189397,margin_predictor,v2_forecast,forecast,,
401862802,2026,7,Army,Florida Atlantic,0.8221021168418865,13.085028532164102,margin_predictor,v2_forecast,forecast,,
401862803,2026,7,Temple,Charlotte,0.8098370531138652,12.368817658058795,margin_predictor,v2_forecast,forecast,,
401862804,2026,7,UTSA,Navy,0.5132286249364988,0.13125029270912236,margin_predictor,v2_forecast,forecast,,
401862805,2026,7,Rice,Tulsa,0.5474154112053639,1.3348796343578861,margin_predictor,v2_forecast,forecast,,
401862806,2026,7,South Florida,Kent State,0.939862105075063,23.765868197457667,margin_predictor,v2_forecast,forecast,,
401864520,2026,7,North Dakota State,Nevada,0.4436085916847962,-2.318465806358928,margin_predictor,v2_forecast,forecast,,
401864521,2026,7,Hawai'i,New Mexico,0.18544076369318044,-13.305626550164526,margin_predictor,v2_forecast,forecast,,
401864522,2026,7,Wyoming,Northern Illinois,0.6756224851012874,6.099146093015317,margin_predictor,v2_forecast,forecast,,
401864523,2026,7,UTEP,San José State,0.1997287850629806,-12.499843236946962,margin_predictor,v2_forecast,forecast,,
401864524,2026,7,Air Force,UNLV,0.4050601793264883,-3.7025767695230707,margin_predictor,v2_forecast,forecast,,
401866441,2026,7,Bowling Green,Ball State,0.4615963521777234,-1.6819513607702836,margin_predictor,v2_forecast,forecast,,
401866442,2026,7,Buffalo,Massachusetts,0.3898944484666362,-4.2577396166997215,margin_predictor,v2_forecast,forecast,,
401866443,2026,7,Central Michigan,Western Michigan,0.3085766154569254,-7.404967278954114,margin_predictor,v2_forecast,forecast,,
401866444,2026,7,Eastern Michigan,Toledo,0.2697377517629051,-9.063244933518035,margin_predictor,v2_forecast,forecast,,
401866445,2026,7,Sacramento State,Ohio,0.581751157160793,2.5597800014099072,margin_predictor,v2_forecast,forecast,,
401866478,2026,7,Miami (OH),Akron,0.5468029417916538,1.313211631875133,margin_predictor,v2_forecast,forecast,,
401869844,2026,7,Coastal Carolina,App State,0.36848675125213187,-5.055080440520008,margin_predictor,v2_forecast,forecast,,
401869934,2026,7,Southern Miss,Arkansas State,0.6515869876741551,5.155010535063808,margin_predictor,v2_forecast,forecast,,
401869950,2026,7,Old Dominion,Georgia Southern,0.6802132508127722,6.283456080678407,margin_predictor,v2_forecast,forecast,,
401869957,2026,7,James Madison,Georgia State,0.7495704470268441,9.277667730495853,margin_predictor,v2_forecast,forecast,,
401869966,2026,7,Louisiana,Troy,0.5937948178746124,2.9955314108795865,margin_predictor,v2_forecast,forecast,,
401871053,2026,7,Jacksonville State,Florida International,0.5185470770102849,0.3179269512073346,margin_predictor,v2_forecast,forecast,,
401871054,2026,7,Missouri State,Kennesaw State,0.30430292355179006,-7.581238388880303,margin_predictor,v2_forecast,forecast,,
401871067,2026,7,Middle Tennessee,Delaware,0.4927535117765771,-0.5868159170748894,margin_predictor,v2_forecast,forecast,,
401871068,2026,7,Sam Houston,Western Kentucky,0.5902285961515691,2.8661015595009363,margin_predictor,v2_forecast,forecast,,
401871091,2026,7,UL Monroe,Louisiana Tech,0.11766138265602034,-17.994156397881355,margin_predictor,v2_forecast,forecast,,
401856727,2026,8,Alabama,Texas A&M,0.5273389385627572,0.6268636189168126,margin_predictor,v2_forecast,forecast,,
401856728,2026,8,Auburn,LSU,0.3400148788714073,-6.146569145495379,margin_predictor,v2_forecast,forecast,,
401856729,2026,8,Kentucky,Vanderbilt,0.5252452413592691,0.5532464737288674,margin_predictor,v2_forecast,forecast,,
401856730,2026,8,Mississippi State,Oklahoma,0.376511509213849,-4.75412165392793,margin_predictor,v2_forecast,forecast,,
401856731,2026,8,South Carolina,Tennessee,0.6930002787419723,6.804433816047865,margin_predictor,v2_forecast,forecast,,
401856732,2026,8,Texas,Ole Miss,0.6305111071589862,4.351936931250093,margin_predictor,v2_forecast,forecast,,
401856834,2026,8,Kansas,Baylor,0.7155439626928013,7.753624010213019,margin_predictor,v2_forecast,forecast,,
401856835,2026,8,UCF,BYU,0.5065922731277277,-0.10154187767409573,margin_predictor,v2_forecast,forecast,,
401856836,2026,8,Oklahoma State,Colorado,0.4155387733635516,-3.322920056156695,margin_predictor,v2_forecast,forecast,,
401856837,2026,8,Utah,Houston,0.772179289356563,10.367590836081146,margin_predictor,v2_forecast,forecast,,
401856838,2026,8,Arizona,Iowa State,0.6626071378918703,5.5837730147913405,margin_predictor,v2_forecast,forecast,,
401856839,2026,8,Arizona State,Kansas State,0.6419937642786366,4.786889616962087,margin_predictor,v2_forecast,forecast,,
401856840,2026,8,Cincinnati,Texas Tech,0.662835148181748,5.592715051541154,margin_predictor,v2_forecast,forecast,,
401856841,2026,8,TCU,West Virginia,0.6100334276345161,3.589667889153252,margin_predictor,v2_forecast,forecast,,
401858270,2026,8,SMU,California,0.5228384381863893,0.46865850057538827,margin_predictor,v2_forecast,forecast,,
401858271,2026,8,Virginia,Duke,0.6383210799914889,4.647127638632158,margin_predictor,v2_forecast,forecast,,
401858272,2026,8,Stanford,NC State,0.3539123923039727,-5.608842788342571,margin_predictor,v2_forecast,forecast,,
401858273,2026,8,Georgia Tech,Boston College,0.7513394422346557,9.360472702368897,margin_predictor,v2_forecast,forecast,,
401858274,2026,8,Miami,Pittsburgh,0.7438784219561495,9.013834639511288,margin_predictor,v2_forecast,forecast,,
401858275,2026,8,North Carolina,Syracuse,0.5398396216584725,1.0671986112508938,margin_predictor,v2_forecast,forecast,,
401858276,2026,8,Clemson,Virginia Tech,0.22133862662034753,-11.359316716604447,margin_predictor,v2_forecast,forecast,,
401858495,2026,8,Illinois,Oregon,0.46212278333952966,-1.6633845206633815,margin_predictor,v2_forecast,forecast,,
401858496,2026,8,Michigan,Indiana,0.24563030455226278,-10.168651568504973,margin_predictor,v2_forecast,forecast,,
401858497,2026,8,Minnesota,Iowa,0.48711301497380133,-0.7846768163647502,margin_predictor,v2_forecast,forecast,,
401858498,2026,8,Northwestern,Rutgers,0.7509519975989011,9.342303228821674,margin_predictor,v2_forecast,forecast,,
401858499,2026,8,UCLA,Michigan State,0.7655685228312057,10.041474137031376,margin_predictor,v2_forecast,forecast,,
401858500,2026,8,Wisconsin,USC,0.6687866451921366,5.827188451011381,margin_predictor,v2_forecast,forecast,,
401860905,2026,8,Colorado State,San Diego State,0.5039706885039984,-0.1934756884303117,margin_predictor,v2_forecast,forecast,,
401860906,2026,8,Texas State,Utah State,0.7998707512622504,11.812482986630135,margin_predictor,v2_forecast,forecast,,
401860907,2026,8,Washington State,Boise State,0.667157998488517,5.762816493375991,margin_predictor,v2_forecast,forecast,,
401861965,2026,8,UConn,Massachusetts,0.8086079407375072,12.299026621298577,margin_predictor,v2_forecast,forecast,,
401862807,2026,8,Memphis,East Carolina,0.8260321423888253,13.3226593465563,margin_predictor,v2_forecast,forecast,,
401862808,2026,8,Tulsa,Army,0.44727246638037577,-2.1884468269405923,margin_predictor,v2_forecast,forecast,,
401862809,2026,8,Florida Atlantic,Rice,0.44168019908733147,-2.3869847443300056,margin_predictor,v2_forecast,forecast,,
401862810,2026,8,Navy,North Texas,0.6046941044605991,3.393397830845343,margin_predictor,v2_forecast,forecast,,
401862811,2026,8,Tulane,UTSA,0.6868506513947602,6.552438091956742,margin_predictor,v2_forecast,forecast,,
401864525,2026,8,Wyoming,Air Force,0.4469177207563743,-2.2010264796992196,margin_predictor,v2_forecast,forecast,,
401864526,2026,8,Northern Illinois,Hawai'i,0.5266294746158992,0.6019142768132171,margin_predictor,v2_forecast,forecast,,
401864527,2026,8,New Mexico,North Dakota State,0.7805514564638804,10.790332393832244,margin_predictor,v2_forecast,forecast,,
401864528,2026,8,Nevada,San José State,0.6217029596749198,4.02209498136181,margin_predictor,v2_forecast,forecast,,
401866446,2026,8,Kent State,Akron,0.37807541076594176,-4.695770544893236,margin_predictor,v2_forecast,forecast,,
401866447,2026,8,Ball State,Sacramento State,0.3444761322630469,-5.9728443284831005,margin_predictor,v2_forecast,forecast,,
401866448,2026,8,Buffalo,Bowling Green,0.7012499849780617,7.146954416053401,margin_predictor,v2_forecast,forecast,,
401866449,2026,8,Ohio,Eastern Michigan,0.6817602588064349,6.345879528439347,margin_predictor,v2_forecast,forecast,,
401866450,2026,8,Toledo,Western Michigan,0.6366660502010717,4.584348291618511,margin_predictor,v2_forecast,forecast,,
401866476,2026,8,Central Michigan,Miami (OH),0.6076760880228095,3.5028971403321623,margin_predictor,v2_forecast,forecast,,
401869845,2026,8,App State,James Madison,0.4872653166134795,-0.7793329978116228,margin_predictor,v2_forecast,forecast,,
401869935,2026,8,Arkansas State,Georgia State,0.5475126744074535,1.3383210870724263,margin_predictor,v2_forecast,forecast,,
401869967,2026,8,Southern Miss,Louisiana,0.7174565950178569,7.836164241201562,margin_predictor,v2_forecast,forecast,,
401871055,2026,8,Florida International,Middle Tennessee,0.7088544055492643,7.467522167036185,margin_predictor,v2_forecast,forecast,,
401871056,2026,8,Kennesaw State,Liberty,0.6485524833096872,5.038073980409996,margin_predictor,v2_forecast,forecast,,
401871069,2026,8,Delaware,Missouri State,0.7135592287454985,7.6683249296598035,margin_predictor,v2_forecast,forecast,,
401871070,2026,8,Sam Houston,New Mexico State,0.4861400781299915,-0.8188163447855548,margin_predictor,v2_forecast,forecast,,
401871092,2026,8,Marshall,South Alabama,0.5569111500997442,1.671513074747057,margin_predictor,v2_forecast,forecast,,
401871093,2026,8,Louisiana Tech,Old Dominion,0.8184678546946503,12.868915314170897,margin_predictor,v2_forecast,forecast,,
401871094,2026,8,Troy,UL Monroe,0.7485588787391092,9.230492235630614,margin_predictor,v2_forecast,forecast,,
401856733,2026,9,Arkansas,Missouri,0.35393999935961373,-5.60778444353088,margin_predictor,v2_forecast,forecast,,
401856734,2026,9,Georgia,Florida,0.6599950394040655,5.481542615037654,margin_predictor,v2_forecast,forecast,,
401856735,2026,9,Ole Miss,Auburn,0.5026301038249158,-0.2404840766787384,margin_predictor,v2_forecast,forecast,,
401856736,2026,9,Oklahoma,South Carolina,0.7023438511434444,7.192773131348559,margin_predictor,v2_forecast,forecast,,
401856737,2026,9,Texas,Mississippi State,0.7411147633012031,8.887124282183933,margin_predictor,v2_forecast,forecast,,
401856842,2026,9,Texas Tech,Arizona,0.5894702401385352,2.8386232076806435,margin_predictor,v2_forecast,forecast,,
401856843,2026,9,BYU,Arizona State,0.6135561130138103,3.7196881218247877,margin_predictor,v2_forecast,forecast,,
401856844,2026,9,UCF,Baylor,0.8055545983774717,12.127119767906406,margin_predictor,v2_forecast,forecast,,
401856845,2026,9,TCU,Kansas,0.4375113978697553,-2.535325644715681,margin_predictor,v2_forecast,forecast,,
401856846,2026,9,Colorado,Kansas State,0.36008660785181046,-5.373059535172478,margin_predictor,v2_forecast,forecast,,
401856847,2026,9,Iowa State,Oklahoma State,0.6910359445998808,6.723640437358329,margin_predictor,v2_forecast,forecast,,
401856848,2026,9,Cincinnati,Utah,0.4774289196229413,-1.1246784599254998,margin_predictor,v2_forecast,forecast,,
401858277,2026,9,NC State,California,0.7860526197821144,11.074445355961604,margin_predictor,v2_forecast,forecast,,
401858278,2026,9,Syracuse,SMU,0.667810261392663,5.788578008211483,margin_predictor,v2_forecast,forecast,,
401858279,2026,9,Duke,Boston College,0.7762622364571423,10.57234666015502,margin_predictor,v2_forecast,forecast,,
401858280,2026,9,Florida State,Clemson,0.7987430859227541,11.750860797669585,margin_predictor,v2_forecast,forecast,,
401858281,2026,9,Pittsburgh,Georgia Tech,0.799000301941582,11.764893773128872,margin_predictor,v2_forecast,forecast,,
401858282,2026,9,North Carolina,Miami,0.18749676785301292,-13.186817583509288,margin_predictor,v2_forecast,forecast,,
401858283,2026,9,Louisville,Stanford,0.5725637386924728,2.229763099661355,margin_predictor,v2_forecast,forecast,,
401858284,2026,9,Wake Forest,Virginia,0.4879844959700876,-0.7541002043846792,margin_predictor,v2_forecast,forecast,,
401858501,2026,9,Indiana,Minnesota,0.8515570854026624,14.980337487061224,margin_predictor,v2_forecast,forecast,,
401858502,2026,9,Iowa,Wisconsin,0.4394332641050789,-2.4669010373359512,margin_predictor,v2_forecast,forecast,,
401858503,2026,9,Maryland,Illinois,0.5063663630229515,-0.10946452869079515,margin_predictor,v2_forecast,forecast,,
401858504,2026,9,Nebraska,Washington,0.5463289885963224,1.2964475132745985,margin_predictor,v2_forecast,forecast,,
401858505,2026,9,Oregon,Northwestern,0.8933976621427807,18.303183499958536,margin_predictor,v2_forecast,forecast,,
401858506,2026,9,Penn State,Purdue,0.9034457843491389,19.269066968145637,margin_predictor,v2_forecast,forecast,,
401858507,2026,9,Rutgers,Michigan,0.14982470753243565,-15.55029393487099,margin_predictor,v2_forecast,forecast,,
401858508,2026,9,UCLA,Nevada,0.769397461902697,10.229563678203679,margin_predictor,v2_forecast,forecast,,
401858509,2026,9,USC,Ohio State,0.4097986958323877,-3.5305263645849765,margin_predictor,v2_forecast,forecast,,
401859185,2026,9,Navy,Notre Dame,0.7330507606661266,8.522333784938443,margin_predictor,v2_forecast,forecast,,
401860908,2026,9,Boise State,Texas State,0.7970257309107485,11.6575086444064,margin_predictor,v2_forecast,forecast,,
401860909,2026,9,San Diego State,Washington State,0.5532162743767083,1.540364611406158,margin_predictor,v2_forecast,forecast,,
401860910,2026,9,Utah State,Colorado State,0.2767293688364084,-8.754593141967769,margin_predictor,v2_forecast,forecast,,
401860924,2026,9,Fresno State,Oregon State,0.5336190263436043,0.8478931212748395,margin_predictor,v2_forecast,forecast,,
401861966,2026,9,Air Force,UConn,0.4418568859937867,-2.3807042010453383,margin_predictor,v2_forecast,forecast,,
401862812,2026,9,North Texas,Florida Atlantic,0.8121110544874235,12.498855148255181,margin_predictor,v2_forecast,forecast,,
401862813,2026,9,Charlotte,Tulane,0.12562907955938002,-17.340263686951534,margin_predictor,v2_forecast,forecast,,
401862814,2026,9,Memphis,Army,0.7652035531539331,10.023657554740886,margin_predictor,v2_forecast,forecast,,
401862815,2026,9,East Carolina,Temple,0.7092348215344368,7.4836866112142815,margin_predictor,v2_forecast,forecast,,
401862816,2026,9,South Florida,UAB,0.7997322661222104,11.80490136504351,margin_predictor,v2_forecast,forecast,,
401864529,2026,9,San José State,New Mexico,0.4302426339848112,-2.794739641034332,margin_predictor,v2_forecast,forecast,,
401864530,2026,9,UNLV,Northern Illinois,0.8672862040371937,16.122619202376477,margin_predictor,v2_forecast,forecast,,
401864531,2026,9,North Dakota State,UTEP,0.8419970648655507,14.33425498301284,margin_predictor,v2_forecast,forecast,,
401866451,2026,9,Sacramento State,Kent State,0.826844160024656,13.372284679341409,margin_predictor,v2_forecast,forecast,,
401866452,2026,9,Western Michigan,Bowling Green,0.9199435001460127,21.07020306962962,margin_predictor,v2_forecast,forecast,,
401869846,2026,9,Georgia Southern,App State,0.35632313598302334,-5.516564099473998,margin_predictor,v2_forecast,forecast,,
401869944,2026,9,Georgia State,Coastal Carolina,0.6935640475626665,6.827674773793578,margin_predictor,v2_forecast,forecast,,
401869963,2026,9,James Madison,Troy,0.8296648691802125,13.546112489673394,margin_predictor,v2_forecast,forecast,,
401871057,2026,9,New Mexico State,Jacksonville State,0.5617870754011021,1.8449274384148435,margin_predictor,v2_forecast,forecast,,
401871058,2026,9,Middle Tennessee,Kennesaw State,0.3653156746992506,-5.174751759325057,margin_predictor,v2_forecast,forecast,,
401871059,2026,9,Liberty,Florida International,0.5958768615497159,3.071260785279115,margin_predictor,v2_forecast,forecast,,
401871071,2026,9,Western Kentucky,Delaware,0.4424753479100927,-2.358724357020204,margin_predictor,v2_forecast,forecast,,
401871072,2026,9,Missouri State,Sam Houston,0.5372704406626587,0.9765736951657114,margin_predictor,v2_forecast,forecast,,
401871095,2026,9,UL Monroe,Southern Miss,0.24564854324363347,-10.16778875177829,margin_predictor,v2_forecast,forecast,,
401871096,2026,9,Old Dominion,Marshall,0.6963754930945355,6.94393338493585,margin_predictor,v2_forecast,forecast,,
401871097,2026,9,South Alabama,Louisiana Tech,0.21922733056966257,-11.467071303347632,margin_predictor,v2_forecast,forecast,,
401856738,2026,10,Auburn,Arkansas,0.7297689925325104,8.375892639609626,margin_predictor,v2_forecast,forecast,,
401856739,2026,10,Florida,Oklahoma,0.43749423009618577,-2.5359371704062195,margin_predictor,v2_forecast,forecast,,
401856740,2026,10,LSU,Alabama,0.5715574137624133,2.1937288061000606,margin_predictor,v2_forecast,forecast,,
401856741,2026,10,Ole Miss,Georgia,0.5108319882416731,0.04716569392981551,margin_predictor,v2_forecast,forecast,,
401856742,2026,10,Mississippi State,Vanderbilt,0.7215304847538301,8.013112892436066,margin_predictor,v2_forecast,forecast,,
401856743,2026,10,Missouri,Texas,0.367425339839807,-5.095088058187711,margin_predictor,v2_forecast,forecast,,
401856744,2026,10,South Carolina,Texas A&M,0.4326880999942246,-2.7073496592595214,margin_predictor,v2_forecast,forecast,,
401856745,2026,10,Tennessee,Kentucky,0.7222354270736394,8.043892374164168,margin_predictor,v2_forecast,forecast,,
401856849,2026,10,Utah,BYU,0.5078721605720032,-0.05665444003258013,margin_predictor,v2_forecast,forecast,,
401856850,2026,10,Kansas,UCF,0.45782988798017227,-1.8148824549688491,margin_predictor,v2_forecast,forecast,,
401856851,2026,10,Houston,Cincinnati,0.46112414187051026,-1.6986084402267494,margin_predictor,v2_forecast,forecast,,
401856852,2026,10,Arizona State,Colorado,0.8104242572070521,12.402281929573455,margin_predictor,v2_forecast,forecast,,
401856853,2026,10,Baylor,Iowa State,0.5934028995471133,2.9812901134019167,margin_predictor,v2_forecast,forecast,,
401856854,2026,10,Kansas State,Oklahoma State,0.8625784982676328,15.769341731130096,margin_predictor,v2_forecast,forecast,,
401856855,2026,10,Arizona,TCU,0.6368468219519076,4.591199406258079,margin_predictor,v2_forecast,forecast,,
401856856,2026,10,Texas Tech,West Virginia,0.6734110053892242,6.0108452678388895,margin_predictor,v2_forecast,forecast,,
401858285,2026,10,Syracuse,Clemson,0.7725586125504271,10.386503604568375,margin_predictor,v2_forecast,forecast,,
401858286,2026,10,NC State,Duke,0.45808702759387904,-1.8058019024302006,margin_predictor,v2_forecast,forecast,,
401858287,2026,10,Georgia Tech,Louisville,0.6508017844389442,5.1247072271332375,margin_predictor,v2_forecast,forecast,,
401858288,2026,10,SMU,Virginia Tech,0.4631056605034738,-1.6287271050096406,margin_predictor,v2_forecast,forecast,,
401858289,2026,10,Boston College,Florida State,0.32865238048657974,-6.594148911022124,margin_predictor,v2_forecast,forecast,,
401858291,2026,10,Notre Dame,Miami,0.5832465620825997,2.61368243399921,margin_predictor,v2_forecast,forecast,,
401858292,2026,10,UConn,North Carolina,0.6076193487289092,3.500810931362426,margin_predictor,v2_forecast,forecast,,
401858510,2026,10,Illinois,Nebraska,0.5928544947265822,2.961369750147873,margin_predictor,v2_forecast,forecast,,
401858511,2026,10,Michigan,Michigan State,0.7191357932201216,7.908910153579774,margin_predictor,v2_forecast,forecast,,
401858512,2026,10,Minnesota,UCLA,0.5223133668973245,0.4502097681579542,margin_predictor,v2_forecast,forecast,,
401858513,2026,10,Northwestern,Iowa,0.2072954107279126,-12.090605863857682,margin_predictor,v2_forecast,forecast,,
401858514,2026,10,Ohio State,Oregon,0.7759118104915417,10.554669658645466,margin_predictor,v2_forecast,forecast,,
401858515,2026,10,Purdue,Maryland,0.32780185209172197,-6.627962713208321,margin_predictor,v2_forecast,forecast,,
401858516,2026,10,Washington,Penn State,0.6894646737385982,6.659218141031529,margin_predictor,v2_forecast,forecast,,
401858517,2026,10,Wisconsin,Rutgers,0.7638001727613505,9.955327412197878,margin_predictor,v2_forecast,forecast,,
401860911,2026,10,Colorado State,Boise State,0.3791340121169241,-4.656326574496905,margin_predictor,v2_forecast,forecast,,
401860912,2026,10,Oregon State,Texas State,0.6001435201876689,3.2268463795333604,margin_predictor,v2_forecast,forecast,,
401860913,2026,10,Utah State,Fresno State,0.3487540271356768,-5.8072598508336295,margin_predictor,v2_forecast,forecast,,
401862817,2026,10,Florida Atlantic,UTSA,0.3480577061374683,-5.834147257180662,margin_predictor,v2_forecast,forecast,,
401862818,2026,10,East Carolina,South Florida,0.3608989502379078,-5.342170868279009,margin_predictor,v2_forecast,forecast,,
401862819,2026,10,UAB,Charlotte,0.8697081794543401,16.308519001003532,margin_predictor,v2_forecast,forecast,,
401862820,2026,10,Navy,Temple,0.7860793929673571,11.07584096304252,margin_predictor,v2_forecast,forecast,,
401862821,2026,10,North Texas,Rice,0.7141172052191713,7.692269469703017,margin_predictor,v2_forecast,forecast,,
401862822,2026,10,Tulane,Tulsa,0.744323134034765,9.03430757984279,margin_predictor,v2_forecast,forecast,,
401862823,2026,10,Army,Air Force,0.7314415618276314,8.450385600419608,margin_predictor,v2_forecast,forecast,,
401864532,2026,10,UTEP,Hawai'i,0.44353056469690233,-2.321237046485514,margin_predictor,v2_forecast,forecast,,
401864533,2026,10,Nevada,New Mexico,0.4750512377543125,-1.2082384355556401,margin_predictor,v2_forecast,forecast,,
401864534,2026,10,San José State,Northern Illinois,0.8480574844668172,14.739974312021195,margin_predictor,v2_forecast,forecast,,
401864535,2026,10,UNLV,Wyoming,0.8260555679768895,13.324088403578076,margin_predictor,v2_forecast,forecast,,
401866453,2026,10,Akron,Ohio,0.4728620011686137,-1.2852108628872774,margin_predictor,v2_forecast,forecast,,
401866454,2026,10,Miami (OH),Buffalo,0.674426277239306,6.051344902124915,margin_predictor,v2_forecast,forecast,,
401866455,2026,10,Massachusetts,Ball State,0.7794594101730975,10.73454525202893,margin_predictor,v2_forecast,forecast,,
401866456,2026,10,Eastern Michigan,Central Michigan,0.5620453520404659,1.8541246955505657,margin_predictor,v2_forecast,forecast,,
401866457,2026,10,Sacramento State,Toledo,0.36830900012893947,-5.061777028757637,margin_predictor,v2_forecast,forecast,,
401869927,2026,10,App State,Georgia State,0.6657100219651324,5.7057179471683135,margin_predictor,v2_forecast,forecast,,
401869936,2026,10,Arkansas State,UL Monroe,0.8197700959817076,12.945962175610873,margin_predictor,v2_forecast,forecast,,
401869945,2026,10,Coastal Carolina,Old Dominion,0.48748726171480256,-0.7715457424056407,margin_predictor,v2_forecast,forecast,,
401869951,2026,10,Georgia Southern,Marshall,0.5981574085607234,3.15435456086756,margin_predictor,v2_forecast,forecast,,
401869964,2026,10,Southern Miss,James Madison,0.4317025438950251,-2.742554664293923,margin_predictor,v2_forecast,forecast,,
401869968,2026,10,Louisiana,South Alabama,0.6017967356323017,3.2872792992744024,margin_predictor,v2_forecast,forecast,,
401870795,2026,10,New Mexico State,Liberty,0.49251428951330717,-0.5952058366535553,margin_predictor,v2_forecast,forecast,,
401871073,2026,10,Kennesaw State,Delaware,0.7026046136556612,7.203709978171545,margin_predictor,v2_forecast,forecast,,
401871074,2026,10,Florida International,Missouri State,0.7490889527094524,9.255196990360844,margin_predictor,v2_forecast,forecast,,
401871075,2026,10,Jacksonville State,Sam Houston,0.6798212639516675,6.267664449394763,margin_predictor,v2_forecast,forecast,,
401871076,2026,10,Middle Tennessee,Western Kentucky,0.6304423162017634,4.349348584686818,margin_predictor,v2_forecast,forecast,,
401871098,2026,10,Troy,Louisiana Tech,0.22362160440886417,-11.243624551781995,margin_predictor,v2_forecast,forecast,,
401856857,2026,11,UCF,Arizona State,0.5404640987154957,1.0892374227518253,margin_predictor,v2_forecast,forecast,,
401856858,2026,11,BYU,Baylor,0.8464881274679882,14.633661085255268,margin_predictor,v2_forecast,forecast,,
401856859,2026,11,Iowa State,Cincinnati,0.39668979177989383,-4.008092359997928,margin_predictor,v2_forecast,forecast,,
401856860,2026,11,Colorado,Houston,0.5661230115456446,1.9994927419456374,margin_predictor,v2_forecast,forecast,,
401856861,2026,11,West Virginia,Kansas,0.4081770936581056,-3.5893348331931207,margin_predictor,v2_forecast,forecast,,
401856862,2026,11,TCU,Kansas State,0.3485352615316366,-5.815704468645846,margin_predictor,v2_forecast,forecast,,
401856863,2026,11,Oklahoma State,Texas Tech,0.38557547346279236,-4.417221608056039,margin_predictor,v2_forecast,forecast,,
401856864,2026,11,Arizona,Utah,0.38319003170627985,-4.505590039828519,margin_predictor,v2_forecast,forecast,,
401856882,2026,11,Arkansas,South Carolina,0.26062387444376967,-9.473274733232135,margin_predictor,v2_forecast,forecast,,
401856883,2026,11,Georgia,Missouri,0.7633446270625626,9.933207388131493,margin_predictor,v2_forecast,forecast,,
401856884,2026,11,Kentucky,Florida,0.31412936204537434,-7.177944862079167,margin_predictor,v2_forecast,forecast,,
401856885,2026,11,LSU,Texas,0.5459750565884356,1.2839305827106031,margin_predictor,v2_forecast,forecast,,
401856886,2026,11,Mississippi State,Auburn,0.6686300986292847,5.820994065134704,margin_predictor,v2_forecast,forecast,,
401856887,2026,11,Oklahoma,Ole Miss,0.6929297602437158,6.8015284167866685,margin_predictor,v2_forecast,forecast,,
401856888,2026,11,Texas A&M,Tennessee,0.8009554198810579,11.872001713791436,margin_predictor,v2_forecast,forecast,,
401856889,2026,11,Vanderbilt,Alabama,0.2772107038232862,-8.733523344293866,margin_predictor,v2_forecast,forecast,,
401858293,2026,11,Pittsburgh,Florida State,0.7521952614426751,9.400674172777027,margin_predictor,v2_forecast,forecast,,
401858294,2026,11,Notre Dame,Boston College,0.5828670974258127,2.599999301271373,margin_predictor,v2_forecast,forecast,,
401858295,2026,11,Virginia,California,0.8833097490408434,17.411036779686512,margin_predictor,v2_forecast,forecast,,
401858296,2026,11,Miami,Duke,0.874561126532432,16.690038468288254,margin_predictor,v2_forecast,forecast,,
401858297,2026,11,Clemson,Georgia Tech,0.39214148374189806,-4.175019421042022,margin_predictor,v2_forecast,forecast,,
401858298,2026,11,North Carolina,Louisville,0.6673961872859538,5.772220964179958,margin_predictor,v2_forecast,forecast,,
401858299,2026,11,Virginia Tech,Stanford,0.9207225594486851,21.163346521854194,margin_predictor,v2_forecast,forecast,,
401858300,2026,11,NC State,Syracuse,0.4558533020545409,-1.88470988800393,margin_predictor,v2_forecast,forecast,,
401858301,2026,11,SMU,Wake Forest,0.4949429824826077,-0.5100324874475213,margin_predictor,v2_forecast,forecast,,
401858518,2026,11,Indiana,USC,0.7391882974399724,8.799318324621357,margin_predictor,v2_forecast,forecast,,
401858519,2026,11,Iowa,Purdue,0.8835133712851135,17.428367183557572,margin_predictor,v2_forecast,forecast,,
401858520,2026,11,Maryland,Wisconsin,0.4308531736011156,-2.77291047377196,margin_predictor,v2_forecast,forecast,,
401858521,2026,11,Michigan State,Washington,0.565296363372518,1.9699977015584096,margin_predictor,v2_forecast,forecast,,
401858522,2026,11,Ohio State,Northwestern,0.9548157504945296,26.410370167713957,margin_predictor,v2_forecast,forecast,,
401858523,2026,11,Oregon,Michigan,0.7043458669010298,7.276883682010902,margin_predictor,v2_forecast,forecast,,
401858524,2026,11,Penn State,Minnesota,0.7148637318423253,7.724349175189424,margin_predictor,v2_forecast,forecast,,
401858525,2026,11,Rutgers,Nebraska,0.14844114868378824,-15.645873923361982,margin_predictor,v2_forecast,forecast,,
401858526,2026,11,UCLA,Illinois,0.6203311838509338,3.9710018812327728,margin_predictor,v2_forecast,forecast,,
401860914,2026,11,Boise State,Oregon State,0.7847770901262625,11.008102409614539,margin_predictor,v2_forecast,forecast,,
401860915,2026,11,San Diego State,Utah State,0.8723320797079528,16.513263488359822,margin_predictor,v2_forecast,forecast,,
401860916,2026,11,Texas State,Fresno State,0.6084737340922647,3.5322366012192337,margin_predictor,v2_forecast,forecast,,
401860917,2026,11,Washington State,Colorado State,0.6246856902314339,4.13344152977028,margin_predictor,v2_forecast,forecast,,
401861967,2026,11,UConn,James Madison,0.5609765726303643,1.8160730702120047,margin_predictor,v2_forecast,forecast,,
401862824,2026,11,South Florida,Memphis,0.49824048055735165,-0.39440309828270337,margin_predictor,v2_forecast,forecast,,
401862825,2026,11,Charlotte,East Carolina,0.19880685086769592,-12.55049307250814,margin_predictor,v2_forecast,forecast,,
401862826,2026,11,Tulsa,Florida Atlantic,0.7322448624622064,8.486267336744776,margin_predictor,v2_forecast,forecast,,
401862827,2026,11,UTSA,North Texas,0.5362973694952174,0.9422682109529168,margin_predictor,v2_forecast,forecast,,
401862828,2026,11,Rice,Tulane,0.3679123003617857,-5.07672714240222,margin_predictor,v2_forecast,forecast,,
401862829,2026,11,Temple,UAB,0.4718592328388503,-1.3204797541375424,margin_predictor,v2_forecast,forecast,,
401864536,2026,11,Northern Illinois,Nevada,0.21379962651588855,-11.747562880497076,margin_predictor,v2_forecast,forecast,,
401864537,2026,11,Hawai'i,North Dakota State,0.37682944604726615,-4.74225130405936,margin_predictor,v2_forecast,forecast,,
401864538,2026,11,Air Force,San José State,0.45220378565117914,-2.0137682565659825,margin_predictor,v2_forecast,forecast,,
401864539,2026,11,New Mexico,UNLV,0.6845698568772393,6.459665717491973,margin_predictor,v2_forecast,forecast,,
401864540,2026,11,UTEP,Wyoming,0.42722185008658536,-2.9028574396276996,margin_predictor,v2_forecast,forecast,,
401866458,2026,11,Akron,Western Michigan,0.3220438840253434,-6.858078302112123,margin_predictor,v2_forecast,forecast,,
401866459,2026,11,Bowling Green,Kent State,0.5192525341292223,0.3426985243345593,margin_predictor,v2_forecast,forecast,,
401866460,2026,11,Miami (OH),Ohio,0.4406364992346776,-2.424095043556573,margin_predictor,v2_forecast,forecast,,
401866461,2026,11,Ball State,Buffalo,0.5731740087068342,2.251625990149157,margin_predictor,v2_forecast,forecast,,
401866462,2026,11,Central Michigan,Sacramento State,0.4784322976842256,-1.0894272842280852,margin_predictor,v2_forecast,forecast,,
401866463,2026,11,Toledo,Massachusetts,0.7964424553324962,11.62593694016713,margin_predictor,v2_forecast,forecast,,
401869928,2026,11,Marshall,App State,0.3413752822101694,-6.093478515600053,margin_predictor,v2_forecast,forecast,,
401869937,2026,11,Coastal Carolina,Arkansas State,0.4950793189007218,-0.5052515061270499,margin_predictor,v2_forecast,forecast,,
401869952,2026,11,Georgia State,Georgia Southern,0.7083914414196926,7.447866908149756,margin_predictor,v2_forecast,forecast,,
401869969,2026,11,UL Monroe,Louisiana,0.38492606367118026,-4.441258556830956,margin_predictor,v2_forecast,forecast,,
401870752,2026,11,Western Kentucky,Jacksonville State,0.4534342708632198,-1.9702348244189425,margin_predictor,v2_forecast,forecast,,
401870769,2026,11,Sam Houston,Kennesaw State,0.3327836061442781,-6.43053579531875,margin_predictor,v2_forecast,forecast,,
401870796,2026,11,Missouri State,New Mexico State,0.4641599465609491,-1.5915629555414768,margin_predictor,v2_forecast,forecast,,
401871060,2026,11,Delaware,Florida International,0.5265627954561041,0.5995696021642622,margin_predictor,v2_forecast,forecast,,
401871061,2026,11,Liberty,Middle Tennessee,0.7232137282428998,8.086687139770872,margin_predictor,v2_forecast,forecast,,
401871099,2026,11,Louisiana Tech,Southern Miss,0.7738442000570915,10.450768159989693,margin_predictor,v2_forecast,forecast,,
401871100,2026,11,South Alabama,Troy,0.5713589399514694,2.1866244047884944,margin_predictor,v2_forecast,forecast,,
401856748,2026,12,Florida,Vanderbilt,0.7722537903628269,10.371303646648078,margin_predictor,v2_forecast,forecast,,
401856751,2026,12,Missouri,Kentucky,0.7374852297174121,8.722043534702545,margin_predictor,v2_forecast,forecast,,
401856752,2026,12,Oklahoma,Texas A&M,0.5692459552415511,2.1110402281577687,margin_predictor,v2_forecast,forecast,,
401856753,2026,12,South Carolina,Georgia,0.47402310498281175,-1.244382672099678,margin_predictor,v2_forecast,forecast,,
401856754,2026,12,Tennessee,LSU,0.38207804555759867,-4.5468544140644,margin_predictor,v2_forecast,forecast,,
401856755,2026,12,Texas,Arkansas,0.8936966723029058,18.330739325778865,margin_predictor,v2_forecast,forecast,,
401856865,2026,12,Kansas State,Arizona,0.7328279400024093,8.512354958299206,margin_predictor,v2_forecast,forecast,,
401856866,2026,12,Kansas,BYU,0.39424268138322704,-4.097820072682545,margin_predictor,v2_forecast,forecast,,
401856867,2026,12,Cincinnati,Colorado,0.7033952673244598,7.236905277927751,margin_predictor,v2_forecast,forecast,,
401856868,2026,12,West Virginia,Houston,0.5162613544762102,0.23768292354995202,margin_predictor,v2_forecast,forecast,,
401856869,2026,12,UCF,Iowa State,0.8108454940259864,12.426336805690367,margin_predictor,v2_forecast,forecast,,
401856870,2026,12,Arizona State,Oklahoma State,0.8866631353566133,17.69985670886261,margin_predictor,v2_forecast,forecast,,
401856871,2026,12,Baylor,Texas Tech,0.5091564517114388,-0.011608920122701871,margin_predictor,v2_forecast,forecast,,
401856872,2026,12,TCU,Utah,0.33001069136595834,-6.540240023377944,margin_predictor,v2_forecast,forecast,,
401858302,2026,12,Miami,Virginia Tech,0.789104812645929,11.234374608511764,margin_predictor,v2_forecast,forecast,,
401858303,2026,12,Duke,Clemson,0.7835704193448958,10.945603120299657,margin_predictor,v2_forecast,forecast,,
401858304,2026,12,Florida State,NC State,0.7210263313360614,7.991129678033394,margin_predictor,v2_forecast,forecast,,
401858305,2026,12,Virginia,North Carolina,0.6782762146668307,6.205519638797335,margin_predictor,v2_forecast,forecast,,
401858306,2026,12,Louisville,Pittsburgh,0.6172955894700087,3.8581912350746235,margin_predictor,v2_forecast,forecast,,
401858307,2026,12,Notre Dame,SMU,0.6485376789813981,5.0375046284155705,margin_predictor,v2_forecast,forecast,,
401858308,2026,12,California,Stanford,0.5755632767757507,2.3372988763084437,margin_predictor,v2_forecast,forecast,,
401858309,2026,12,Boston College,Syracuse,0.3548557084256387,-5.572700889483819,margin_predictor,v2_forecast,forecast,,
401858310,2026,12,Georgia Tech,Wake Forest,0.5761747021186172,2.3592431752849765,margin_predictor,v2_forecast,forecast,,
401858527,2026,12,Illinois,Iowa,0.49504304057352705,-0.5065236948895233,margin_predictor,v2_forecast,forecast,,
401858528,2026,12,Michigan,UCLA,0.5100973584479521,0.021395314011272593,margin_predictor,v2_forecast,forecast,,
401858529,2026,12,Michigan State,Oregon,0.3058772218548985,-7.516145567464706,margin_predictor,v2_forecast,forecast,,
401858530,2026,12,Minnesota,Northwestern,0.8319460554040241,13.688372391875156,margin_predictor,v2_forecast,forecast,,
401858531,2026,12,Nebraska,Ohio State,0.24768068760817025,-10.07192306516393,margin_predictor,v2_forecast,forecast,,
401858532,2026,12,Penn State,Rutgers,0.9519001832615487,25.83542501735152,margin_predictor,v2_forecast,forecast,,
401858533,2026,12,Purdue,Wisconsin,0.5214349843532818,0.41935106036082326,margin_predictor,v2_forecast,forecast,,
401858534,2026,12,USC,Maryland,0.7966244178755942,11.635779020267478,margin_predictor,v2_forecast,forecast,,
401858535,2026,12,Washington,Indiana,0.6713757349724795,5.929851985769677,margin_predictor,v2_forecast,forecast,,
401860918,2026,12,Fresno State,Colorado State,0.4995352665188764,-0.34900242435979045,margin_predictor,v2_forecast,forecast,,
401860919,2026,12,Oregon State,Utah State,0.813644586222409,12.587233553619066,margin_predictor,v2_forecast,forecast,,
401860920,2026,12,Texas State,Washington State,0.6593671370971571,5.4570252389910365,margin_predictor,v2_forecast,forecast,,
401860925,2026,12,Boise State,San Diego State,0.6996970684769398,7.0820724748737875,margin_predictor,v2_forecast,forecast,,
401861968,2026,12,UConn,Old Dominion,0.7480845232311062,9.20841361827799,margin_predictor,v2_forecast,forecast,,
401862830,2026,12,Temple,Rice,0.5157153556090922,0.21851840078836782,margin_predictor,v2_forecast,forecast,,
401862831,2026,12,Army,East Carolina,0.6705567412385223,5.897332658589763,margin_predictor,v2_forecast,forecast,,
401862832,2026,12,Tulsa,Charlotte,0.8647875728842321,15.933822931169022,margin_predictor,v2_forecast,forecast,,
401862833,2026,12,Florida Atlantic,South Florida,0.19595307563782474,-12.708404951236368,margin_predictor,v2_forecast,forecast,,
401862834,2026,12,Navy,Memphis,0.36845934751109144,-5.056112760118648,margin_predictor,v2_forecast,forecast,,
401862835,2026,12,Tulane,North Texas,0.6481271263439484,5.021719768332385,margin_predictor,v2_forecast,forecast,,
401862836,2026,12,UAB,UTSA,0.5252618296804182,0.5538296148213475,margin_predictor,v2_forecast,forecast,,
401864541,2026,12,Nevada,Hawai'i,0.846991936154707,14.667693212445723,margin_predictor,v2_forecast,forecast,,
401864542,2026,12,Wyoming,New Mexico,0.21013201647726792,-11.94004167942675,margin_predictor,v2_forecast,forecast,,
401864543,2026,12,North Dakota State,Northern Illinois,0.7997788096295408,11.80744903563005,margin_predictor,v2_forecast,forecast,,
401864544,2026,12,San José State,UNLV,0.544879215573808,1.2451861399340984,margin_predictor,v2_forecast,forecast,,
401864545,2026,12,Air Force,UTEP,0.8212221572595542,13.03238699549627,margin_predictor,v2_forecast,forecast,,
401866464,2026,12,Ohio,Ball State,0.7880141201413962,11.177031353463892,margin_predictor,v2_forecast,forecast,,
401866465,2026,12,Western Michigan,Eastern Michigan,0.8036909783604802,12.023200577828419,margin_predictor,v2_forecast,forecast,,
401866466,2026,12,Kent State,Miami (OH),0.4148690145604302,-3.3470999589306265,margin_predictor,v2_forecast,forecast,,
401866467,2026,12,Massachusetts,Akron,0.6479041772649942,5.013151387112204,margin_predictor,v2_forecast,forecast,,
401866468,2026,12,Toledo,Bowling Green,0.9362673289825032,23.223346270736542,margin_predictor,v2_forecast,forecast,,
401866469,2026,12,Buffalo,Central Michigan,0.4457630920398815,-2.241984170176515,margin_predictor,v2_forecast,forecast,,
401869929,2026,12,App State,UL Monroe,0.8719648434892168,16.48439318642091,margin_predictor,v2_forecast,forecast,,
401869938,2026,12,Louisiana Tech,Arkansas State,0.8241677986701066,13.209410212516785,margin_predictor,v2_forecast,forecast,,
401869946,2026,12,Louisiana,Coastal Carolina,0.5947281543654438,3.0294639619917243,margin_predictor,v2_forecast,forecast,,
401869953,2026,12,Troy,Georgia Southern,0.5959486067055809,3.0738725658607633,margin_predictor,v2_forecast,forecast,,
401869958,2026,12,Marshall,Georgia State,0.4253772862882902,-2.9689718447256404,margin_predictor,v2_forecast,forecast,,
401871077,2026,12,New Mexico State,Delaware,0.5537949824048372,1.5608915159778092,margin_predictor,v2_forecast,forecast,,
401871078,2026,12,Kennesaw State,Florida International,0.6630240059365583,5.600123866090146,margin_predictor,v2_forecast,forecast,,
401871079,2026,12,Jacksonville State,Missouri State,0.7122516809944943,7.612322975152516,margin_predictor,v2_forecast,forecast,,
401871080,2026,12,Liberty,Western Kentucky,0.7524809163132471,9.414113308390203,margin_predictor,v2_forecast,forecast,,
401871081,2026,12,Sam Houston,Middle Tennessee,0.5567002037491753,1.6640197230786784,margin_predictor,v2_forecast,forecast,,
401871101,2026,12,Southern Miss,South Alabama,0.7427044552867925,8.95990111474204,margin_predictor,v2_forecast,forecast,,
401856756,2026,13,Texas A&M,Texas,0.6109302316709991,3.6227276093112137,margin_predictor,v2_forecast,forecast,,
401856757,2026,13,Alabama,Auburn,0.7956046792981556,11.580707163455598,margin_predictor,v2_forecast,forecast,,
401856758,2026,13,Arkansas,LSU,0.2112264507318647,-11.882349474264963,margin_predictor,v2_forecast,forecast,,
401856759,2026,13,Florida State,Florida,0.49341229651139534,-0.563711839093707,margin_predictor,v2_forecast,forecast,,
401856760,2026,13,Georgia,Georgia Tech,0.8523552122844007,15.03580863564531,margin_predictor,v2_forecast,forecast,,
401856761,2026,13,Kentucky,Louisville,0.6359567232554527,4.557479440436084,margin_predictor,v2_forecast,forecast,,
401856762,2026,13,Ole Miss,Mississippi State,0.561972401931571,1.8515268136968128,margin_predictor,v2_forecast,forecast,,
401856763,2026,13,Missouri,Oklahoma,0.35558174187410424,-5.544913329706352,margin_predictor,v2_forecast,forecast,,
401856764,2026,13,Clemson,South Carolina,0.24849491256881737,-10.033660497466386,margin_predictor,v2_forecast,forecast,,
401856765,2026,13,Vanderbilt,Tennessee,0.48185361725030945,-0.9692720238327608,margin_predictor,v2_forecast,forecast,,
401856873,2026,13,Arizona,Arizona State,0.3470224155549129,-5.874169895619742,margin_predictor,v2_forecast,forecast,,
401856874,2026,13,Houston,Baylor,0.6225036404704424,4.051950585667021,margin_predictor,v2_forecast,forecast,,
401856875,2026,13,Colorado,UCF,0.33534909764713206,-6.32944527719123,margin_predictor,v2_forecast,forecast,,
401856876,2026,13,BYU,Cincinnati,0.7338112627470483,8.556432159340481,margin_predictor,v2_forecast,forecast,,
401856877,2026,13,Oklahoma State,Kansas,0.3173779495211201,-7.046137852729043,margin_predictor,v2_forecast,forecast,,
401856878,2026,13,Iowa State,Kansas State,0.33288635285179774,-6.426479704964576,margin_predictor,v2_forecast,forecast,,
401856879,2026,13,Texas Tech,TCU,0.6469817469617534,4.977726801394294,margin_predictor,v2_forecast,forecast,,
401856880,2026,13,Utah,West Virginia,0.8174978057425221,12.811801667436928,margin_predictor,v2_forecast,forecast,,
401858311,2026,13,Miami,Boston College,0.9486652562749329,25.2350094899202,margin_predictor,v2_forecast,forecast,,
401858312,2026,13,Wake Forest,Duke,0.5515901574451281,1.4827130657687446,margin_predictor,v2_forecast,forecast,,
401858313,2026,13,North Carolina,NC State,0.6595704720777873,5.464962357846562,margin_predictor,v2_forecast,forecast,,
401858314,2026,13,Syracuse,Notre Dame,0.7011389934365971,7.142310709962449,margin_predictor,v2_forecast,forecast,,
401858315,2026,13,California,Pittsburgh,0.11278758201313543,-18.413286894354126,margin_predictor,v2_forecast,forecast,,
401858316,2026,13,Stanford,SMU,0.723180917555579,8.085250360123124,margin_predictor,v2_forecast,forecast,,
401858317,2026,13,Virginia Tech,Virginia,0.6877907023107426,6.590781877375096,margin_predictor,v2_forecast,forecast,,
401858536,2026,13,Iowa,Nebraska,0.6808784892521019,6.3102794592381075,margin_predictor,v2_forecast,forecast,,
401858537,2026,13,Northwestern,Illinois,0.2697603902889222,-9.06223749626537,margin_predictor,v2_forecast,forecast,,
401858538,2026,13,Indiana,Purdue,0.9559824721661904,26.65039961221451,margin_predictor,v2_forecast,forecast,,
401858539,2026,13,Maryland,Penn State,0.3679976963565508,-5.073508322111865,margin_predictor,v2_forecast,forecast,,
401858540,2026,13,Ohio State,Michigan,0.8540058177290766,15.151319944827065,margin_predictor,v2_forecast,forecast,,
401858541,2026,13,Oregon,Washington,0.5895674266445003,2.842143810117185,margin_predictor,v2_forecast,forecast,,
401858542,2026,13,Rutgers,Michigan State,0.2472227549253098,-10.093479593835639,margin_predictor,v2_forecast,forecast,,
401858543,2026,13,UCLA,USC,0.45724823842893364,-1.8354255906603951,margin_predictor,v2_forecast,forecast,,
401858544,2026,13,Wisconsin,Minnesota,0.6581126372773123,5.408106707185337,margin_predictor,v2_forecast,forecast,,
401861969,2026,13,Wyoming,UConn,0.31901141527973653,-6.980135504869274,margin_predictor,v2_forecast,forecast,,
401862837,2026,13,East Carolina,Florida Atlantic,0.7648485598779827,10.0063463937974,margin_predictor,v2_forecast,forecast,,
401862838,2026,13,Memphis,Temple,0.8944022147253503,18.396031589291844,margin_predictor,v2_forecast,forecast,,
401862839,2026,13,South Florida,Tulane,0.6639058906880205,5.634746943479199,margin_predictor,v2_forecast,forecast,,
401862840,2026,13,UTSA,Tulsa,0.6485614520682483,5.038418910594704,margin_predictor,v2_forecast,forecast,,
401862841,2026,13,Rice,Army,0.41787191574446975,-3.2387753084135866,margin_predictor,v2_forecast,forecast,,
401862842,2026,13,Charlotte,Navy,0.1505903028035298,-15.497716734574428,margin_predictor,v2_forecast,forecast,,
401862843,2026,13,North Texas,UAB,0.6790400445900461,6.236222608450246,margin_predictor,v2_forecast,forecast,,
401864546,2026,13,New Mexico,Air Force,0.8135175568174432,12.579891536898005,margin_predictor,v2_forecast,forecast,,
401864547,2026,13,Hawai'i,Sacramento State,0.4743563405635903,-1.232666867760889,margin_predictor,v2_forecast,forecast,,
401864548,2026,13,UNLV,Nevada,0.5773755673921893,2.4023671468300654,margin_predictor,v2_forecast,forecast,,
401864549,2026,13,San José State,North Dakota State,0.6696547535669553,5.86156548295886,margin_predictor,v2_forecast,forecast,,
401864550,2026,13,Northern Illinois,UTEP,0.6537297501080174,5.237868496209233,margin_predictor,v2_forecast,forecast,,
401866470,2026,13,Eastern Michigan,Kent State,0.7548494131280851,9.525947106786692,margin_predictor,v2_forecast,forecast,,
401866471,2026,13,Western Michigan,Miami (OH),0.8235606551116124,13.172733494297267,margin_predictor,v2_forecast,forecast,,
401866472,2026,13,Akron,Buffalo,0.7034457570770529,7.239026807251798,margin_predictor,v2_forecast,forecast,,
401866473,2026,13,Ohio,Toledo,0.3676690322338432,-5.085898329491734,margin_predictor,v2_forecast,forecast,,
401866474,2026,13,Ball State,Central Michigan,0.44631471759055386,-2.2224140113821287,margin_predictor,v2_forecast,forecast,,
401866475,2026,13,Bowling Green,Massachusetts,0.27165332023959415,-8.978187741762225,margin_predictor,v2_forecast,forecast,,
401869930,2026,13,South Alabama,App State,0.3638732232004197,-5.229332889671301,margin_predictor,v2_forecast,forecast,,
401869939,2026,13,Arkansas State,Troy,0.6639548068377569,5.636668717795407,margin_predictor,v2_forecast,forecast,,
401869947,2026,13,James Madison,Coastal Carolina,0.830301986373136,13.585691142565882,margin_predictor,v2_forecast,forecast,,
401869954,2026,13,Georgia Southern,Louisiana Tech,0.21689115353284472,-11.587176736887564,margin_predictor,v2_forecast,forecast,,
401869959,2026,13,Georgia State,Louisiana,0.6857353937192048,6.507028903763133,margin_predictor,v2_forecast,forecast,,
401870804,2026,13,Western Kentucky,Kennesaw State,0.3200282350395242,-6.939140315155395,margin_predictor,v2_forecast,forecast,,
401871062,2026,13,Delaware,Jacksonville State,0.5924047374932214,2.94503895530992,margin_predictor,v2_forecast,forecast,,
401871063,2026,13,Missouri State,Liberty,0.3707991589045108,-4.968084625486622,margin_predictor,v2_forecast,forecast,,
401871082,2026,13,Florida International,Sam Houston,0.7322253779681298,8.485396198863242,margin_predictor,v2_forecast,forecast,,
401871083,2026,13,Middle Tennessee,New Mexico State,0.5252973144799156,0.5550770438858788,margin_predictor,v2_forecast,forecast,,
401871102,2026,13,UL Monroe,Marshall,0.4120849232560301,-3.447735251644721,margin_predictor,v2_forecast,forecast,,
401871103,2026,13,Old Dominion,Southern Miss,0.5230693097854768,0.47677088823570646,margin_predictor,v2_forecast,forecast,,
401862844,2026,15,Army,Navy,0.5627609312241991,1.8796128141887285,margin_predictor,v2_forecast,forecast,,
